"Feature","Venetoclax","Elesclomol","Selumetinib (AZD6244)","Trametinib (GSK1120212)","Rapamycin","Motesanib (AMG-706)","Sorafenib","Panobinostat","Dasatinib","MK-2206"
"AUC__KRAS_signaling_up",6.406190549063,-1.94868448617446,-2.63725851085828,-2.04890315605828,-2.71051873391782,-1.14917942648224,1.26958962934312,-4.45721954827762,-2.01312101293687,-1.55111907276071
"BCL6_Expr",0.0866109222588457,-0.0194878051458979,-0.0432195755692085,-0.0301376094120048,-0.035220440995741,-0.0203684081963475,0.0199233122840962,-0.0559517216313988,-0.0292109006853344,-0.0238700585837911
"Hypoxia/Adenosine_Immune_Cell_Suppression",0.892511631479384,-0.209262742695488,-0.474052581286269,-0.311313392850793,-0.375192823165436,-0.215719320748264,0.23946834319745,-0.588513189054758,-0.306911226975543,-0.279004777931383
"KRAS_signaling_up",4.37454490086074,-1.33606515323218,-2.21060316170717,-1.6971675974707,-1.79220426119556,-1.07364613283377,0.967067274340046,-2.89032942994196,-1.61737431573656,-1.23882587758541
"M6",0.972020662901919,-0.217786583201104,-0.550878530185885,-0.3990301010418,-0.385197639164594,-0.237627991603778,0.238472066485206,-0.67573869857338,-0.327915300739317,-0.295905911757915
"Monocyte-like",0.773740365475543,-0.191724679479506,-0.453064856622409,-0.345696610740348,-0.341003787306411,-0.20425954251569,0.154353527737273,-0.544939334496047,-0.306147705304047,-0.239601853694739
"Phopholipase",3.44017836305048,-0.814593811274782,-1.85149170065233,-1.30102376867229,-1.29934967471768,-0.813997370382205,1.0651309009693,-2.35613200008005,-1.00610280265061,-1.05420675835521
"AKT2_Expr",-0.317418726535149,0.0894104135692491,0.232383708180246,0.190427049639737,0.152121175595352,0.111518861463921,NA,0.260798558747104,0.155615983799678,0.117659635781593
"Apoptosis",5.50631827676292,-1.47957126930341,-2.82208214657006,-2.37254058476297,-2.61720663911235,-1.49481309794336,NA,-3.40092079896643,-2.43863493832865,-1.70886500190101
"ARID1B_Expr",-0.213186850818477,NA,0.127158073413341,0.088892818988357,0.0902307579580797,0.0558593891740651,-0.0583402817821813,0.148921324001598,0.0684367659142541,0.0718347947564358
"AUC__Immunogenic_Cell_Death_(ICD)",2.36671754543292,-0.626129904624026,-0.984985893036191,-0.776843950155577,-1.15286006520296,-0.466589425099975,NA,-1.53697419208076,-0.704552679259559,-0.682929961972859
"AUC__Phopholipase",2.99503799693859,-1.08990480454102,-1.77307736194281,-1.44700245180614,-1.27421405234848,-0.855209949874281,NA,-3.21453762877303,-1.3100147551319,-1.08717899624783
"AUC__Telomere_Extension_by_Telomerase",-10.4702411050695,1.86656527768024,3.32836915308398,2.10036486727084,2.52711259405802,1.4045091462236,-2.24827757438796,6.2683884938187,NA,1.90914986213455
"B2M_Expr",0.218329786237592,-0.0594286937409085,-0.126505784684501,-0.110580959311944,-0.112188580636553,-0.057585410744967,NA,-0.153110912408288,-0.109892090319274,-0.0648980113864739
"CD300E_Expr",0.0436863369879021,-0.0105763817439811,-0.0293323666953681,-0.025656226690439,-0.0242375715970999,-0.0142728317929717,NA,-0.0300074132166342,-0.0233988102096468,-0.0154690984666446
"FAS_Expr",0.121629971133782,-0.0323999577879831,-0.0693870468916133,-0.060317129025076,-0.0585130294309581,-0.0372974093104604,NA,-0.0813547923807375,-0.0563181142470451,-0.0412874732815848
"HMGB1_Signaling",6.30527353353207,-1.28853014310327,-3.07267925514315,-2.26101407151797,-2.56564814533769,-1.43746687042655,NA,-3.82734157033387,-2.14641913030686,-1.83191471358906
"Immunogenic_Cell_Death_(ICD)",2.10281759195331,-0.458012058750025,-1.26852083487644,-1.05383707718229,-0.999683882348562,-0.609344411306129,NA,-1.42461622182154,-0.945795253694903,-0.68853086528916
"MAFB_Expr",0.054793032518814,-0.0105275243654208,-0.0335016234862672,-0.0264527223801201,-0.0272890940170148,-0.0149201254671306,NA,-0.0373426369589726,-0.024114247296118,-0.0179320709149384
"MAML2_Expr",0.0791478980853087,-0.024929358433593,-0.0475782218988531,-0.0390737827012529,-0.0348616667852305,-0.0236476274332289,NA,-0.0500196840610936,-0.034696234331318,-0.0248595794294228
"p38_MAPK_Signaling",7.63531952144225,-2.71797767786832,-4.20594303089606,-3.24242789110052,-2.93055566293513,-2.08943165311434,NA,-5.43090922779935,-2.68957299578927,-2.34511115776138
"PRPF40B_Expr",-0.126520079590398,0.0393501648859066,0.05851874159053,0.047537788663114,0.0558424223535928,0.0333165964892858,NA,0.0732184083759411,0.052951704309917,0.0377427974495523
"SGK1_Expr",0.0717144522039839,-0.0161514855245555,-0.0345031925838358,-0.0265380793537703,-0.0303556147469543,-0.0167546546571597,NA,-0.0414013828911598,-0.0263761680227373,-0.0190144924292426
"SRGAP3_Expr",-0.0479621542355798,0.0172328387623941,0.0292851841221597,0.0249086823282063,0.0207526587315589,0.015438398443284,NA,0.0362242475320782,0.0212014125701918,0.0168975519476301
"VCAN_Expr",0.0420000115243377,-0.00944144141433516,-0.0286573012824877,-0.0244121521051099,-0.0223020784259706,-0.01390202090026,NA,-0.0312608245123401,-0.0211940730607141,-0.0149669538946396
"AC104809.4_Expr",0.0246424343167715,NA,-0.0201018457243852,-0.0182956790450159,-0.0158303840483086,-0.0100758686483219,NA,-0.0190216262270331,-0.0166176099553337,-0.0103899908386746
"AMER1_Expr",-0.186921780439497,NA,0.101867234091333,0.0820023977627449,0.0806275908756185,0.0505930118936338,NA,0.118237122794364,0.0684233302449394,0.0585331705484586
"Angiogenesis",1.92612644405144,-0.578611903884934,-0.908373145986761,NA,-0.630503636765374,-0.425462057536938,0.64579605329067,-1.37091967515396,NA,-0.536048625477241
"ARHGAP26_Expr",0.13423657875717,NA,-0.0838699431188092,-0.0660408174517622,-0.0689925276716471,-0.0406470576465686,NA,-0.0801015917150229,-0.058256153868407,-0.0475842145567321
"ARHGEF10L_Expr",0.0472927323012712,NA,-0.0323280073695226,-0.0275831620710646,-0.0254920238928019,-0.0161260957753249,NA,-0.0340715436404281,-0.0233957553590281,-0.0179941752956035
"BCR_Expr",-0.12523237790773,NA,0.0810265213180967,0.0608799758207872,0.0605401835395174,0.035500056420669,NA,0.0693813423693855,0.0482760727665767,0.045992550338075
"CD209_Expr",0.0381016209062117,NA,-0.0269747610095347,-0.0223268523372108,-0.0200071998135602,-0.0140960688386736,NA,-0.0274237277879895,-0.0181802662810216,-0.0144126022255463
"CD74_Expr",0.0589292082768266,NA,-0.0450471465559793,-0.0423369897824315,-0.0369285486800588,-0.0252511530081302,NA,-0.0514447707634095,-0.0370076345154248,-0.025465544893465
"cDC-like",0.966865405571835,NA,-0.65862492752626,-0.574935405661832,-0.523308819665245,-0.336388169674768,NA,-0.693891517204111,-0.501920529608071,-0.370193225086552
"CDK6_Expr",-0.113987024673512,NA,0.0555379559993693,0.0399274772669288,0.0429402812380753,0.0230584751121201,NA,0.067304451294292,0.0346656949688212,0.0316036726567094
"CES1_Expr",0.0326831154273582,NA,-0.0172596562392278,-0.0142189031392018,-0.0141701305391821,-0.0076568507102016,NA,-0.0190344427305112,-0.0124435939666625,-0.0102597564807235
"CLIP1_Expr",0.233553666750792,NA,-0.120785388022858,-0.0956329933108613,-0.100174164002652,-0.0582640924734562,NA,-0.134361595485178,-0.0867971535056742,-0.0735606736069998
"COL2A1_Expr",-0.0476271335054385,NA,0.0302900748220912,0.0233496737760911,0.0219430362810332,0.0143294607116948,NA,0.0393704246915832,0.0184933215160078,0.0163711209363782
"CSF1R_Expr",0.0432061920802311,NA,-0.0416629766130272,-0.0356495642334828,-0.0292965267927714,-0.0194080566502072,NA,-0.0338152522505022,-0.0278833128553882,-0.0214989807179683
"ErbB_Signaling",8.317372425965,NA,-4.40513490533023,-3.36050637887615,-3.42002433073972,-2.04528542992859,NA,-5.30595341306757,-2.9586385509656,-2.56820389966772
"ErbB2_ErbB3_Signaling",9.86307019614246,NA,-5.96261540844804,-4.76699745717644,-4.26891642215747,-2.74356189867768,NA,-6.5006100967594,-3.91505931251036,-3.31965441127365
"ERK5_Signaling",6.15995225081735,NA,-3.3727297784162,-2.64715723734277,-2.81301550813457,-1.75680374722779,NA,-3.89577738107245,-2.4082452735969,-2.03209814345342
"FCGR2B_Expr",0.0520701423805919,NA,-0.0386324815198021,-0.033839399414063,-0.0293909557966045,-0.0187997238289613,NA,-0.0337827588729812,-0.0284079268221231,-0.0222550507594712
"FN1_Expr",0.0317701813104405,NA,-0.0189501537834952,-0.0153334937141551,-0.0135643903369688,-0.00860479304367824,NA,-0.0204254356167624,-0.0126647489930947,-0.0103200422642921
"FOXO1_Expr",0.0772672497388497,-0.0191139296935939,-0.039574841845667,NA,-0.0283403728995797,-0.0192841215924867,0.027681159327885,-0.0599018836738367,NA,-0.0252407098869914
"GAS7_Expr",0.0957795469803049,NA,-0.0564550555491656,-0.0491819336304255,-0.0509111893805462,-0.0302989647495177,NA,-0.0511889185285982,-0.0477951553327554,-0.0337427807142062
"HER_2_Signaling_in_Breast_Cancer",6.37506582900338,NA,-3.81709542253958,-3.03618093993732,-3.07223361963923,-1.96978515499254,NA,-4.18554389940219,-2.63546351215803,-2.36392974521769
"JAK2_Expr",0.195101655506452,NA,-0.13041984715693,-0.104372831402929,-0.0865122551767785,-0.0608720280151639,NA,-0.127434161503132,-0.0815768025754865,-0.0707459432334168
"JAZF1_Expr",0.084127689532095,NA,-0.0476195033815939,-0.0363077292947637,-0.0381797862290701,-0.0219582520952539,NA,-0.0505632433522989,-0.03285182151074,-0.0272729509571731
"KLF4_Expr",0.0551064806583915,NA,-0.030732259398959,-0.0257299185526289,-0.0265277019920404,-0.0147922730937539,NA,-0.0348845728316947,-0.0238349825576082,-0.0177928086885441
"LCP1_Expr",0.17369589137079,NA,-0.0993775063734424,-0.07875955780775,-0.0720749416072208,-0.0437270668098548,NA,-0.110296605767872,-0.0655709444510631,-0.052604451526287
"LGALS2_Expr",0.0424752650019921,NA,-0.0308324450658274,-0.0286035221362194,-0.0256908969246203,-0.0158656925878333,NA,-0.0291441334567182,-0.0261284382101777,-0.0169750025182389
"LYN_Expr",0.140887021864113,NA,-0.081037051864126,-0.0647198314805112,-0.0549009923746391,-0.0318839041797776,NA,-0.0971238876724553,-0.0487023039699604,-0.0413843779105305
"M1",1.05467014514941,NA,-0.719367571042173,-0.580586990076556,-0.528093988532798,-0.334755285161529,NA,-0.712486434647519,-0.47986555088524,-0.395425486042305
"M11",-1.64422152773104,NA,0.888672875133329,0.565375005136947,0.57161953442232,0.380682506635269,-0.591503083195203,1.16817200276309,NA,0.522366518803885
"MALT1_Expr",0.115486463703162,NA,-0.0558316935959067,-0.0482971631496564,-0.0557214937285023,-0.0314697974310197,NA,-0.0663737539093509,-0.0499630400116195,-0.0347888382488036
"MAP2K1_Expr",0.164852360084331,NA,-0.0910071227224339,-0.065507702389291,-0.0689219995831996,-0.0413232806230139,NA,-0.10011845140998,-0.0512412505548729,-0.0552933862904398
"MSI2_Expr",-0.0738047634519928,NA,0.0449862886120464,0.0298290841850217,0.028975675237348,0.0183978783947149,-0.0243808680005343,0.0459646665450763,NA,0.0273455934477487
"mTOR_Signaling",11.7125321999929,NA,-6.86177560442156,-5.69389651992032,-5.64672716642003,-3.78485185941292,NA,-8.50286150821779,-5.05246833971669,-4.37760626116219
"MYB_Expr",-0.112838128955107,NA,0.0582045738719842,0.0454819910678339,0.045990948019901,0.0259565029726247,NA,0.0635030881049474,0.0396324266222774,0.0314058695113302
"MYCL_Expr",0.0582652321114381,NA,-0.0411112808656157,-0.0333986099928496,-0.0299819019510727,-0.0197456610992014,NA,-0.0413552658201275,-0.0277450159251948,-0.0226778521140766
"MYD88_Expr",0.181344212209034,NA,-0.11059260711479,-0.0907104504112658,-0.0799339953744564,-0.0464480895021489,NA,-0.0967274170636467,-0.0748146876170981,-0.0548076534995728
"NONO_Expr",-0.312585923879989,NA,0.178217607333663,0.121175971314209,0.116198232188616,0.0668081472895991,-0.0869646641459605,0.200952217717863,NA,0.0962242780455118
"NOTCH2_Expr",0.14171091787325,NA,-0.0902876749412035,-0.0748972638959508,-0.0631981296863766,-0.035495876128693,NA,-0.090695174061646,-0.0612740007879383,-0.0435779693237548
"p53_pathway",6.11654134615592,NA,-2.73676817480232,-2.10823319357847,-2.50849773483368,-1.30600280899506,NA,-3.42618822925476,-2.09543863845587,-1.71415545341764
"PATZ1_Expr",-0.224316865273383,NA,0.113814268110987,0.0881405323138389,0.0884475012395034,0.0490270477368531,NA,0.128305283354481,0.0741792954131792,0.0652817740562068
"PI3K_Akt_mTOR_signaling",14.1762768092174,NA,-7.7061232607225,-6.36545965151397,-6.98825158613309,-3.78759087640746,NA,-9.77115042692596,-5.51117512663364,-4.57321076611126
"PI3K_AKT_Signaling",11.9969656185901,NA,-6.59822415403683,-4.69811484529837,-4.75925953575117,-3.0194334352238,NA,-7.83219353663037,-3.83504314919777,-3.87718628195898
"PICALM_Expr",0.226223071396341,NA,-0.139165762497414,-0.116743249031299,-0.105025988459459,-0.0621835015301858,NA,-0.135780145053186,-0.093364500726658,-0.0721238773176794
"POLR2A_Expr",-0.21489249281144,NA,0.130314973471124,0.0876841697032573,0.0780811410052137,0.0538343171576529,-0.0655897355330101,0.157926171124343,NA,0.0730503591183051
"PRKACA_Expr",0.225590958273262,NA,-0.13210378614339,-0.102559122107244,-0.089638419506891,-0.0557006987126441,NA,-0.133979969166646,-0.0803568390723357,-0.0699213572526745
"PRLR_Expr",0.0351608140513277,NA,-0.0212861134708625,-0.0184445633252958,-0.0188705926979685,-0.0108419968792287,NA,-0.0244021193346762,-0.0170328133939493,-0.0124178360857057
"RARA_Expr",0.153040519002139,NA,-0.0888863229282923,-0.0662552246051252,-0.0695868813984023,-0.0406270543269788,NA,-0.0914041362593742,-0.0572549337270428,-0.0522660888920021
"SHC1/pSTAT3_Signature",2.63023338860035,NA,-1.1417849201789,-0.836795272377309,-1.02733067256737,-0.54516884899024,NA,-1.57067558985879,-0.834248401689259,-0.700537541832011
"SIRPA_Expr",0.101194310242127,NA,-0.0624710547325329,-0.0434779788214473,-0.0417312357147969,-0.0248254118182121,NA,-0.0645655209872,-0.0354861032701353,-0.0338149996657465
"SMARCB1_Expr",-0.251482029328559,NA,0.139288842493569,0.102066718357527,0.104575644629566,0.0560709762395217,NA,0.162172458464564,0.0858240754219244,0.0742049621152197
"SMO_Expr",-0.0434549907341959,NA,0.0307673945031399,0.0267145007726383,0.0267574260057804,0.0135732830107018,NA,0.0320098246953661,0.0247022642742857,0.0156912809648183
"TCF3_Expr",-0.185487247967257,NA,0.0937706276439237,0.0648600458687027,0.0680337435122891,0.0358087704381317,-0.0502224372408377,0.121414625113566,NA,0.0526906696154318
"TFEB_Expr",0.104455751725575,NA,-0.0647670479641561,-0.050392870591255,-0.0500782875608179,-0.0291173492571723,NA,-0.0660620010885745,-0.0433970030687881,-0.0361064185164243
"TNFR1_Signaling",5.7500556918648,NA,-2.82496757442235,-2.53125410715532,-2.73393062568103,-1.4140182240256,NA,-2.9057002331447,-2.67829298416903,-1.58109165220027
"UVA_Induced_MAPK_Signaling",8.16041347692798,NA,-4.92794580024551,-4.02795415600866,-3.78012824394138,-2.29104234877562,NA,-5.54603561408534,-3.32377746044745,-2.87934386655062
"VEGF_Signaling",8.36767838870464,NA,-5.47725794433238,-4.28388878761091,-3.43217257558201,-2.58875562180533,NA,-6.46993458452115,-2.94881280151477,-3.15265473897395
"ZFHX3_Expr",0.048793198169562,NA,-0.041455115534239,-0.0353959518303411,-0.028727698844015,-0.0200030768125915,NA,-0.0391123165040369,-0.0273717080970362,-0.0237150855003499
"ABL1_Expr",-0.192626023049669,NA,0.125478563154466,0.0952096086673222,0.0853808752111802,0.0521277412223189,NA,0.146076855177965,NA,0.066743508921299
"AUC__Angiogenesis",2.15844869974499,-0.672512637271,-0.828931397345918,NA,-0.791238147809936,NA,0.572981145718134,-1.62853230340213,NA,-0.460351359093151
"AUC__Apoptosis",5.83199617831468,-1.53991375789351,-2.86095459318172,-2.37186394578703,-2.67140924053079,NA,NA,-4.54291531351177,NA,-1.70186850214909
"AUC__DNA_repair",-10.2578169898347,NA,3.55172485270689,NA,3.14394899340206,1.37302747254358,-2.09739486373896,7.65637791168843,NA,2.31548392846373
"AUC__Hypoxia/Adenosine_Immune_Cell_Suppression",1.17714929453801,NA,-0.550171415507641,-0.394164839000693,NA,-0.169846873490312,NA,-0.734926908739061,-0.277681611944897,-0.309674458874275
"AUC__Myc_targets",-7.51339871991094,NA,3.03187247961117,2.03160855990958,2.18827907186407,NA,-1.66174156978348,5.08577879478246,NA,1.57798716634468
"BCL7A_Expr",-0.086502487291399,NA,0.0523565941182911,0.0420276332242071,0.0344282715675838,0.0200495015289824,NA,0.0598969516800654,NA,0.0268695326777942
"CCNB1IP1_Expr",-0.134263812923446,NA,0.0892212785154638,0.0665364716551409,0.0556635948726201,0.0340255372165358,NA,0.0850085787387069,NA,0.0453967704848821
"CPEB3_Expr",0.159224115301079,NA,-0.0860687629239311,-0.0616350541634169,-0.0613738942183168,-0.0339116728246839,NA,-0.0946984907600985,NA,-0.0482589826589555
"DNMT3A_Expr",-0.1519704612088,NA,0.0755252421111416,0.0565327867304772,0.0620190421324295,0.0353930602291416,NA,0.089343910300743,NA,0.0472834153388151
"ERK_MAPK_Signaling",9.50045401201289,NA,-6.28246954785375,-5.09207949308558,-3.64607585303621,-2.62980553856572,NA,-6.81186675984322,NA,-3.11270123591046
"EXT1_Expr",0.0749351413651751,NA,-0.0433391237911615,-0.0327601359012431,-0.0294374092552987,-0.0175230334880316,NA,-0.045107180391964,NA,-0.0244736021913068
"FGFR4_Expr",-0.0787860951771529,NA,0.0555447633737251,0.043006269050172,0.0367301256028669,0.0232427086066912,NA,0.0678586564489659,NA,0.0311080501461855
"HERPUD1_Expr",0.123989630643753,NA,-0.0459608230310307,NA,-0.0511973279683412,-0.0226718290979413,NA,-0.0598888982350329,-0.0422703511418339,-0.0292769865780938
"HSP90AB1_Expr",-0.226787500025234,NA,0.110203092245868,NA,0.08733206704791,0.0469080606966972,-0.0630301011357987,0.142898014662981,NA,0.0668092258509075
"IL6ST_Expr",0.089187132291168,NA,-0.0454763563904193,NA,-0.0368635308412753,-0.0223296509086399,0.0310860979569696,-0.0688575782563129,NA,-0.0272963732866479
"IRF4_Expr",0.050978767478186,NA,-0.027707374211647,-0.0253442525275172,-0.0307095798963534,-0.0176189271738306,NA,NA,-0.0285132736633096,-0.0191696237252537
"IRX5_Expr",-0.0229964236657863,0.00908149943420123,0.0173301333254182,NA,NA,0.00791154946837459,-0.0103837779670096,0.0214895383418473,NA,0.00923744074321792
"KAT6B_Expr",-0.176236387110047,NA,0.113065227723901,0.088040772808068,0.0705026939164548,0.0453878397009661,NA,0.104461527956757,NA,0.0612287430039994
"MDFI_Expr",-0.0292074172394692,NA,0.0174187200319015,0.0127017355504088,0.0140432191098619,0.00872498628397476,NA,0.0194925358991222,NA,0.0110286432918887
"Notch_signaling",4.00412852946389,NA,-2.02657579217222,-1.4511474421508,-1.49852733681145,-0.865860056552841,NA,-2.41296349484623,NA,-1.16037029256551
"NPM1_Mut",-0.0736920690614217,0.0304330795182595,0.0538050258407318,NA,NA,0.0265434343317644,-0.0869557525925926,0.0910835170560155,NA,0.0491361316312998
"RPL22_Expr",-0.157209075847925,NA,0.0983893372209479,0.0717556926110668,0.0619193812116584,0.0356726417454227,NA,0.0930064124806205,NA,0.0522034203734721
"SMARCD1_Expr",-0.167673634240716,NA,0.13759245331729,0.0992699169028565,0.0826008895511311,0.0516503578741199,NA,0.144675794998142,NA,0.0739531102688649
"TGFBR2_Expr",0.15021957807018,NA,-0.0753336481485925,-0.0567974242684696,-0.0567514678192306,-0.0366601732982281,NA,-0.0823623175257789,NA,-0.0429061534604239
"TMEM127_Expr",0.223144398404419,NA,-0.114687387641366,-0.0798908932681082,-0.0869390911893905,-0.0453386233697934,NA,-0.132525771570278,NA,-0.0645122766800143
"USP44_Expr",-0.0256173821448566,0.0106548163198692,0.0206811448615737,0.0166865289554481,NA,0.0100203772766241,NA,0.0249511309053732,NA,0.0120727871880249
"USP8_Expr",0.263646874564732,NA,-0.124188461702381,NA,-0.117287474729782,-0.06062240973395,NA,-0.155600770385143,-0.0986007061863464,-0.0759500886349238
"UVC_Induced_MAPK_Signaling",5.3293233421868,NA,-3.09381816254508,-2.43594375815545,-2.19587512062178,-1.47533490464485,NA,-3.47323980760767,NA,-1.84152533371124
"WAS_Expr",0.196796925721701,NA,-0.126248651689725,-0.0969340430800156,-0.0831731431548898,-0.0531135699266701,NA,-0.136031925189163,NA,-0.0640205670434272
"WRN_Expr",-0.146183066671451,NA,0.104392126619033,0.0879652659530485,0.0608690809273347,0.0433702945480278,NA,0.103183318474736,NA,0.051721775102242
"CDKN1A_Expr",0.0571065884031139,NA,-0.0298271474652222,-0.0244882273179568,-0.0273724518632043,-0.0148957400500835,NA,NA,NA,-0.0184982584058951
"CHD4_Expr",-0.202569341883742,NA,0.0932189675145773,NA,0.0786561788638357,0.0408529044492576,NA,0.117069870137949,NA,0.0563217433706433
"ERBB2_Expr",-0.117949484151145,NA,0.0596350578813863,NA,0.0529414163331278,0.0306447876951558,NA,0.0807215564397488,NA,0.0362248255341582
"HOOK3_Expr",0.135650573504397,NA,-0.112216495825131,-0.0962044757773543,-0.0776387569144636,-0.0495130529823412,NA,NA,NA,-0.0635742815085065
"Hypoxia",4.79877879812452,NA,-1.93421979626449,NA,-1.82521726742289,-0.921622647628459,NA,-2.62360854058345,NA,-1.2350765731282
"IRX3_Expr",-0.019472525236192,0.00766684273694454,0.0127967327824891,NA,NA,NA,-0.00973433853702147,0.0176992776593068,NA,0.00710629288900289
"M14",0.629463758709165,-0.23833994233184,-0.256728268275036,NA,NA,NA,0.2531298144094,-0.478605854523868,NA,-0.142982366012236
"M16",0.799959444466885,NA,-0.602657995431326,-0.48306297426875,-0.438518244197752,-0.276193524426696,NA,NA,NA,-0.350391546844826
"M7",-0.543141680927602,NA,0.387859208387929,NA,NA,0.168500852030248,-0.286909828053096,0.453742204867745,NA,0.214946936725059
"N4BP2_Expr",-0.144291163545265,NA,0.0971248780878392,0.0644727029285492,NA,0.0395561305532932,NA,0.117960374281837,NA,0.0544219369427404
"PIEZO2_Expr",-0.021628640498537,NA,0.0139272348963363,NA,0.0116098682124118,0.00716445582610231,NA,0.0165706668806662,NA,0.00895433514152652
"PRCC_Expr",-0.272685121479597,NA,0.204358404217228,0.16424561897768,0.143799761178581,NA,NA,0.21367134736266,NA,0.103115535724739
"PTEN_Signaling",6.38358623402242,NA,-3.39988909331647,NA,NA,-1.59047566691263,2.30294212504689,-4.60648527378812,NA,-2.24487504961586
"QKI_Expr",0.187151475640371,NA,-0.110465093808831,-0.0829959464313278,-0.0837890382204895,NA,NA,-0.110952084065992,NA,-0.0647769912753857
"Reactive_oxigen_species_pathway",6.08408498917127,-1.70243275708461,-3.37061496126376,-2.65293719283966,NA,NA,NA,-4.6616628243811,NA,-1.85927360592357
"SALL4_Expr",NA,NA,0.0213425422773559,0.0206203157283756,0.018010093976767,0.0103163790033482,NA,NA,0.0167234360074801,0.0120595624470282
"SET_Expr",-0.241299858364371,NA,0.112015521285569,NA,0.0882342780313924,NA,-0.0722103406467607,0.141679008871236,NA,0.0670352478657425
"SMARCA4_Expr",-0.277705771466197,NA,0.117322777832173,NA,0.111237003796376,0.0525120677935479,NA,0.166973526225098,NA,0.0686940660051412
"TFRC_Expr",-0.0752657889963386,NA,0.0583514028645821,0.0460411035671908,NA,0.0251082389715082,NA,0.0514863999274221,NA,0.0311589953279413
"XPA_Expr",0.0881903801255036,NA,-0.057759632571038,-0.0479770219363939,NA,-0.030437592580097,NA,-0.0773769814227067,NA,-0.0345829457524279
"AFF1_Expr",-0.157681391801986,NA,0.0944036096901256,NA,NA,NA,-0.0637304264105861,0.112795355952367,NA,0.0511901436328903
"AUC__SHC1/pSTAT3_Signature",3.17649002654617,NA,-1.26099858138396,NA,-1.23921720362531,NA,NA,-2.01174191457716,NA,-0.785334021818814
"AUC__VEGF_Signaling",5.05021575759639,NA,-2.625521893393,NA,NA,NA,1.55292571992606,-4.92015319437839,NA,-1.87628068712748
"CASP3_Expr",-0.0862725345919455,NA,0.0481453472660834,NA,0.0379018507586337,NA,NA,0.0662940824964377,NA,0.0296694984088932
"CIITA_Expr",NA,NA,-0.0293296235214594,-0.0256339624489104,NA,-0.015006765910117,NA,-0.0320332751980939,NA,-0.0162408298025476
"CREB3L2_Expr",-0.160319055137557,NA,0.0911934266023604,NA,NA,0.0427650375630479,NA,0.0981851139823371,NA,0.0479721716432693
"DGCR8_Expr",-0.223494936160509,NA,0.109092039745738,NA,0.0953452346136359,NA,NA,0.13366241795095,NA,0.0663963950099609
"DPP10_Expr",NA,NA,0.014146072463734,NA,0.0111540717891785,0.0073280958835055,NA,0.017963021961786,NA,0.00856393554107054
"EGF_Signaling",6.96568926147495,NA,-4.20740706325352,-3.28129496590624,NA,NA,NA,-4.36628596324161,NA,-2.15049322734215
"FUBP1_Expr",-0.175138480431502,NA,0.118641980041596,NA,NA,NA,-0.0644216269460719,0.115881382466733,NA,0.0661623430884633
"GNAS_Expr",-0.213044835631082,NA,0.128047161882079,NA,NA,NA,-0.0715833391800642,0.139073399139085,NA,0.0595866044892343
"IDH2_Expr",-0.180801135509251,NA,0.0935205524429609,NA,0.0680520915995347,NA,NA,0.103791640647337,NA,0.0449067980704534
"M4",-0.963963030406505,NA,0.507222678416137,NA,0.389979282205579,NA,NA,0.529757459662935,NA,0.29835536418711
"MED12_Expr",-0.200707613642971,NA,0.0865850961605592,NA,0.0735829565275188,NA,NA,0.103601100270136,NA,0.0524630168371335
"MLLT11_Expr",-0.077963941491521,NA,0.0429509358274089,NA,NA,NA,-0.0268707976195619,0.0588114955647104,NA,0.0241791318034022
"MYO5A_Expr",0.152352933635999,NA,-0.0744676741050401,NA,-0.0659308974979779,NA,NA,-0.0910260292029524,NA,-0.0410719767748925
"NUMA1_Expr",-0.287086980605529,NA,0.130486968003879,NA,0.116990517536163,NA,NA,0.162636608341486,NA,0.0787288801496213
"PCM1_Expr",-0.228107225971902,0.0702225982308056,NA,NA,0.0999247439865486,NA,NA,0.128069261404017,0.100255164183135,NA
"PRKCB_Expr",NA,NA,-0.0965042244886628,-0.0851418510227054,NA,-0.0414481707111225,NA,-0.104601077422832,NA,-0.0475517140032
"PTK6_Expr",0.0486160948627629,NA,-0.0294939637290439,-0.02636875423784,-0.0229821023074741,NA,NA,NA,NA,-0.0174857875592904
"RP11-129J12.2_Expr",-0.0214373428315611,NA,0.0138255396674973,NA,NA,NA,-0.0106441544631487,0.0164522326284103,NA,0.00838326021714054
"SFPQ_Expr",-0.135576121844199,NA,0.0985034425960482,NA,NA,NA,-0.0538483431995919,0.0996929826206424,NA,0.0542437102812112
"SFRP4_Expr",-0.0452323681467322,NA,0.0304802911955446,NA,NA,NA,-0.016823988784114,0.0362620712402028,NA,0.015010885455965
"SYK_Expr",0.122462526042526,NA,-0.0823776957416027,-0.068120926109152,NA,NA,NA,-0.0992141718205212,NA,-0.0399536855328556
"TEC_Expr",-0.0966773208328389,NA,0.0546612561910194,NA,NA,NA,-0.037583893676941,0.068208887923102,NA,0.0303960709878875
"Telomere_Extension_by_Telomerase",-7.9722836658379,NA,3.4187346205228,NA,NA,NA,-2.82654905382044,4.26906173097738,NA,1.95000222524035
"TMSB4X_Expr",0.181003435611781,NA,-0.085190023163975,NA,NA,NA,0.0626266853258769,-0.102237136474895,NA,-0.0481673745425632
"AMPK_Signaling",8.43919083521244,NA,-6.03329741078045,NA,NA,NA,NA,-6.76299591326193,NA,-3.40661043969816
"AUC__HMGB1_Signaling",5.66470949221798,NA,NA,NA,-2.10232294001137,NA,NA,-4.29841485162352,NA,-1.53207576939254
"AUC__Notch_signaling",3.30245495194612,NA,-1.42097960967797,NA,NA,NA,NA,-1.56500629157788,NA,-0.795394045881686
"AUC__p38_MAPK_Signaling",5.9154674341453,-2.33882786913463,NA,NA,-2.15485597796337,NA,NA,-4.51691746621719,NA,NA
"BCL2_Expr",-0.103767140120428,NA,0.0489959027093165,NA,NA,NA,NA,0.0560071540021253,NA,0.0262882457941968
"CDX2_Expr",-0.0503657696445925,NA,0.0254132826857233,NA,NA,NA,-0.0185354098110144,0.040779264823751,NA,NA
"CEACAM6_Expr",0.027720860755772,-0.0135776541306069,NA,NA,NA,NA,0.0136398805557063,-0.0260341672574823,NA,NA
"CEACAM8_Expr",0.0285377576638386,-0.0147580931592321,NA,NA,NA,NA,0.0134492626364137,-0.0246343695658375,NA,NA
"CYP2C8_Expr",-0.0461197530550505,NA,NA,NA,NA,NA,-0.0227487987648081,0.0327910361567962,NA,0.0135520781771867
"EML4_Expr",0.121717980003392,NA,NA,NA,NA,NA,0.0398059553001531,-0.0758442025066303,NA,-0.0287928571113643
"Epithelial_mesenchymal_transition",3.05486401914634,NA,NA,NA,NA,NA,1.03444628784845,-1.88062693290962,NA,-0.838257312076235
"ERCC3_Expr",-0.266321526834115,NA,0.165152842776405,NA,NA,NA,NA,0.236887031156628,NA,0.0960710150214792
"Estrogen_Dependent_Breast_Cancer_Signaling",7.36550574976433,NA,-4.13125991459917,-3.4551366863661,NA,NA,NA,-4.69738348059655,NA,NA
"EWSR1_Expr",-0.183932044024779,NA,0.134960262926515,NA,NA,NA,NA,0.138186923630052,NA,0.0662434677364247
"FGFR1OP_Expr",-0.169928389441477,NA,0.0800049685173113,NA,NA,NA,NA,0.105002303423956,NA,0.0442352993588374
"FGFR3_Expr",-0.0553520142157012,NA,0.031279422057761,NA,NA,NA,NA,0.0397563327585758,NA,0.0165701849830739
"FIP1L1_Expr",-0.302018984417952,NA,0.180058767885519,NA,NA,NA,NA,0.197586800968226,NA,0.0968322378705651
"FSTL3_Expr",0.0829190671506189,-0.0257371243721455,NA,NA,NA,NA,0.0344794887340649,-0.0587343842910877,NA,NA
"GPHN_Expr",NA,NA,0.031137692815906,0.0313262624001106,NA,NA,NA,NA,0.0266111723094875,0.0172613939431178
"IL12A-AS1_Expr",-0.0225987794066825,NA,NA,NA,NA,NA,-0.0144298168340478,0.0176621748884358,NA,0.00856167769090004
"KDM5C_Expr",-0.18985523081944,NA,0.115609372385411,NA,NA,NA,NA,0.124785255691528,NA,0.0622052672029106
"LCN2_Expr",0.0260030792089749,-0.0117187461445351,NA,NA,NA,NA,0.0133422756043245,-0.0184783366431626,NA,NA
"LIFR_Expr",NA,NA,0.017797950839632,0.0146611034841411,NA,0.00867195319987944,NA,NA,NA,0.00923021209239327
"LTF_Expr",0.0246657550903861,-0.0120281870539869,NA,NA,NA,NA,0.0128033928991784,-0.0182027217836261,NA,NA
"MLLT10_Expr",-0.196276110501453,NA,0.102011665852352,NA,NA,NA,NA,0.109823599310936,NA,0.0641077020345572
"MLLT6_Expr",-0.147853869577568,NA,0.0897679074466638,NA,NA,NA,NA,0.102676269039832,NA,0.0561168742568379
"MMP8_Expr",0.0305028140425859,-0.0132923212308364,NA,NA,NA,NA,0.0121852227982615,-0.0221999377966006,NA,NA
"NKX2-3_Expr",NA,NA,0.0105581043515878,NA,NA,NA,-0.00870439823364722,0.0124221824399207,NA,0.00631547158684356
"PTPRC_Expr",0.114441418954814,NA,-0.0820534418642075,-0.0718245578172253,NA,NA,NA,NA,NA,-0.0393708074896809
"RAD17_Expr",-0.269766242031689,NA,NA,NA,NA,NA,-0.105296093551184,0.185657401166898,NA,0.0738709583549901
"RBM10_Expr",-0.290386578815696,NA,0.130979795189548,NA,NA,NA,NA,0.171224356391477,NA,0.0811155653439567
"RNF213_Expr",NA,NA,-0.0832196112180644,-0.0718008951340717,NA,-0.0362195337116932,NA,NA,NA,-0.038357247862926
"SDHB_Expr",0.226717944567528,NA,-0.128719935206398,NA,NA,NA,NA,-0.138632135845043,NA,-0.0797029572399573
"SEPT6_Expr",-0.120102152821474,NA,0.0575858572797133,NA,NA,NA,NA,0.0637195085177216,NA,0.0345603534758206
"SRSF2_Expr",-0.227910341351794,NA,0.130249314947815,NA,NA,NA,NA,0.132230703421809,NA,0.067035308150404
"SRSF3_Expr",-0.202042007796548,NA,0.134184884567818,NA,NA,NA,NA,0.130909273177326,NA,0.0685041307576303
"TCF12_Expr",-0.243234618151886,NA,0.129392252467495,NA,0.102761635484446,NA,NA,0.158164615183237,NA,NA
"TPM3_Expr",0.165236382043225,NA,-0.105913713399195,NA,NA,NA,NA,-0.141858762937133,NA,-0.0614701073993676
"UV_response_up",6.3138704435287,NA,-2.91534856171991,NA,NA,NA,NA,-4.17912764371328,NA,-1.91499901385573
"ZMYM3_Expr",-0.140549001962111,NA,NA,NA,0.0502025822964121,NA,NA,0.0686125571290522,NA,0.0312793780712634
"ABL2_Expr",-0.166309998510793,NA,0.0845129991200775,NA,NA,NA,NA,0.112712736310455,NA,NA
"ADAMTS2_Expr",0.0221394843302757,NA,-0.0149620854062169,NA,NA,NA,NA,NA,NA,-0.00872908588459512
"AKT3_Expr",0.0398084679184247,NA,NA,NA,NA,NA,0.020541666935067,-0.0303102251229009,NA,NA
"AUC__PI3K_AKT_Signaling",7.05515542324682,NA,NA,NA,NA,NA,2.58810234546171,-6.14677959466397,NA,NA
"BCLAF1_Expr",NA,NA,0.100820424166958,NA,NA,NA,NA,0.0973389716985318,NA,0.0487459308250842
"CRTC1_Expr",-0.154343722631689,NA,NA,NA,NA,NA,NA,0.0998584276985053,NA,0.0496424427070842
"CSF3R_Expr",0.072795767206011,-0.0281530934564843,NA,NA,NA,NA,NA,-0.0581052475553758,NA,NA
"DCTN1_Expr",-0.213336249207091,NA,NA,NA,0.118915705234042,NA,NA,0.157542026533253,NA,NA
"DEFA4_Expr",0.0236317936211047,-0.0112875365580795,NA,NA,NA,NA,NA,-0.0194981465567281,NA,NA
"DROSHA_Expr",-0.19223933121332,NA,NA,NA,NA,NA,-0.0603996429821558,0.105738283249741,NA,NA
"ERCC2_Expr",-0.182049228284866,0.0669345892813671,NA,NA,NA,NA,NA,0.102200286966153,NA,NA
"Estrogen_response",4.55091336732452,NA,NA,NA,NA,NA,NA,-3.22844267301061,NA,-1.50141408031869
"FANCF_Expr",-0.142216344118382,NA,NA,NA,NA,NA,NA,0.0810343353216349,NA,0.038221143840804
"FOXC1_Expr",NA,NA,0.0114656744508511,NA,NA,NA,NA,0.0143328330507723,NA,0.00700382024624708
"Glycolysis",3.73859539846958,NA,-2.9253649763966,NA,NA,NA,NA,NA,NA,-1.83422247161622
"HIF1A_Expr",0.0746235276444723,-0.0249980925329119,NA,NA,NA,NA,NA,-0.047007820262622,NA,NA
"HLA-A_Expr",0.137140365561065,NA,NA,NA,-0.0636980292218472,NA,NA,-0.106501284628625,NA,NA
"HOXA11_Expr",NA,0.007704552377013,NA,NA,NA,NA,-0.00913765897577887,0.0141814157981694,NA,NA
"IL7R_Expr",0.0459016142241178,-0.0189859765174488,NA,NA,NA,NA,NA,-0.0368952676096063,NA,NA
"MAPK1_Expr",NA,NA,-0.119847596750349,NA,NA,NA,NA,-0.13656904768876,NA,-0.0663698149751893
"NCOA2_Expr",0.175035095685117,NA,NA,NA,NA,NA,0.0905669195172153,-0.125848337932613,NA,NA
"PBRM1_Expr",-0.182361997913483,NA,NA,NA,NA,NA,-0.0817145856323404,0.136874206401071,NA,NA
"RHOA_Expr",0.258743770142394,NA,-0.128597127384097,NA,NA,NA,NA,NA,NA,-0.0794505628279363
"RNF43_Expr",-0.0665468185895374,NA,0.0392741903355592,NA,NA,NA,NA,NA,NA,0.0225017679457414
"RPL10_Expr",-0.155308723005625,NA,0.091258616372938,NA,NA,NA,NA,NA,NA,0.0475558019202836
"RPL5_Expr",-0.171054942132513,NA,0.0987825678050575,NA,NA,NA,NA,NA,NA,0.0524007546588134
"SETBP1_Expr",NA,NA,NA,NA,NA,NA,0.0195610933136587,-0.0329296945367266,NA,-0.0143332412527319
"SF3B1_Expr",-0.210449769502104,NA,NA,NA,NA,NA,NA,0.177908101842777,NA,0.0802718349811504
"SNCAIP_Expr",NA,NA,0.0142686154109594,NA,NA,NA,NA,0.0172803292336754,NA,0.0085621606436667
"TCF7L2_Expr",0.080295549208062,NA,NA,NA,NA,NA,NA,-0.0513771530970862,NA,-0.0237851716862527
"TNFRSF14_Expr",0.083343795101352,NA,NA,NA,NA,NA,0.0376164080090812,-0.0535657848987929,NA,NA
"TRRAP_Expr",-0.277669539513745,NA,0.120263820283423,NA,NA,NA,NA,0.166746380482981,NA,NA
"UBR5_Expr",-0.23163601462439,NA,0.139479835726264,NA,NA,NA,NA,NA,NA,0.0752430699465058
"UV_response_down",4.32604108470247,NA,NA,NA,NA,NA,1.6358118723617,-2.65687544168785,NA,NA
"WT1_Expr",-0.0293572063596426,NA,NA,NA,NA,NA,-0.0129787563381925,0.0176976439185377,NA,NA
"YWHAE_Expr",-0.153068577658644,NA,NA,NA,NA,NA,-0.0625144273674843,0.0982742141590822,NA,NA
"ZMYM2_Expr",NA,NA,0.0817443612292181,NA,NA,NA,NA,0.0865413857252827,NA,0.0429381667493171
"ARHGAP35_Expr",NA,NA,NA,NA,0.0864033302384806,NA,NA,NA,0.0855932076617167,NA
"ARID1A_Expr",-0.208504885177439,NA,NA,NA,NA,NA,NA,0.133136811218673,NA,NA
"ATIC_Expr",-0.162351406689049,NA,NA,NA,NA,NA,NA,0.0893681115556287,NA,NA
"ATP1A1_Expr",NA,NA,-0.0893475198846142,NA,NA,NA,NA,NA,NA,-0.0495671575043895
"ATR_Expr",-0.181119352804559,NA,NA,NA,NA,NA,-0.0881033297316,NA,NA,NA
"AUC__Barrier_genes",NA,NA,1.18016502004501,NA,NA,NA,NA,1.87074319302942,NA,NA
"AUC__Epithelial_mesenchymal_transition",3.92475559357095,NA,NA,NA,NA,NA,0.924735444572931,NA,NA,NA
"AUC__Estrogen_Dependent_Breast_Cancer_Signaling",NA,NA,NA,NA,NA,NA,2.01843775671859,-3.97066644092153,NA,NA
"AUC__Hypoxia",6.33822673991114,NA,NA,NA,NA,NA,NA,-4.01581675425594,NA,NA
"AUC__Oxidative_phosphorylation",NA,2.59384779283885,NA,NA,NA,NA,-2.36753730123367,NA,NA,NA
"AUC__p53_pathway",5.85363748007655,NA,NA,NA,NA,NA,NA,-3.43324115086701,NA,NA
"AUC__TNFR1_Signaling",8.47013725049649,NA,NA,NA,-3.47057835763235,NA,NA,NA,NA,NA
"AUC__UV_response_down",3.76881548868906,NA,NA,NA,NA,NA,1.30217435821432,NA,NA,NA
"AUC__UV_response_up",6.40172192773382,NA,NA,NA,NA,NA,NA,-5.83798409179415,NA,NA
"BAP1_Expr",NA,NA,0.166365912586807,NA,NA,NA,NA,NA,NA,0.0824117295459121
"BCL11A_Expr",-0.0806131755494159,NA,0.0451468451343673,NA,NA,NA,NA,NA,NA,NA
"BCOR_Expr",-0.097103993366,NA,0.0583469741259435,NA,NA,NA,NA,NA,NA,NA
"CASC10_Expr",-0.0246434668487316,NA,NA,NA,NA,NA,-0.0105174725822024,NA,NA,NA
"CBFB_Expr",NA,NA,NA,NA,NA,0.0561292623475864,NA,NA,NA,0.0578114957471716
"CD79B_Expr",NA,NA,-0.0353827239041052,NA,NA,NA,NA,NA,NA,-0.0199210862243625
"CDK4_Expr",-0.135655202087114,NA,NA,NA,0.0527140569572983,NA,NA,NA,NA,NA
"CEP89_Expr",-0.129595424816344,NA,NA,NA,NA,NA,-0.0525734752741195,NA,NA,NA
"DDR2_Expr",NA,NA,0.0358655700858337,0.033829916715088,NA,NA,NA,NA,NA,NA
"DDX10_Expr",-0.197365503487568,NA,NA,NA,NA,NA,NA,0.111203618964424,NA,NA
"DEFA1_Expr",NA,-0.0104360559386286,NA,NA,NA,NA,NA,-0.0170944065543468,NA,NA
"DEFA1B_Expr",NA,-0.0107270551299154,NA,NA,NA,NA,NA,-0.0160885201078331,NA,NA
"DEFA3_Expr",NA,-0.00993372991637307,NA,NA,NA,NA,NA,-0.0180858395165976,NA,NA
"EIF3E_Expr",-0.12337769102395,NA,0.0740477896310608,NA,NA,NA,NA,NA,NA,NA
"EPX_Expr",NA,-0.0104832011280294,NA,NA,NA,NA,NA,-0.0164997016342127,NA,NA
"FBXW7_Expr",0.152341173439937,NA,NA,NA,-0.0683248404776759,NA,NA,NA,NA,NA
"GATA2_Expr",-0.0323775042425194,NA,NA,NA,NA,NA,NA,NA,NA,0.0109833778054437
"GPC6_Expr",NA,NA,0.0127245649421747,0.0121720133219639,NA,NA,NA,NA,NA,NA
"HNRNPA2B1_Expr",-0.198333444118464,NA,NA,NA,NA,NA,-0.0920346329713816,NA,NA,NA
"HSP90AA1_Expr",-0.168153330123072,NA,NA,NA,NA,NA,NA,0.103375653337616,NA,NA
"IGKV2-23_Expr",-0.0218530517744479,NA,NA,NA,NA,NA,-0.0141554812676006,NA,NA,NA
"M0",2.94722632973707,NA,NA,NA,NA,NA,1.52433315201074,NA,NA,NA
"M23",NA,NA,-0.555623628031739,-0.453335745496571,NA,NA,NA,NA,NA,NA
"M9",NA,NA,NA,NA,NA,NA,0.350595565002683,NA,0.349763008011295,NA
"MAPK_up_genes",2.67585309440083,NA,NA,NA,NA,NA,NA,NA,NA,-0.840103759654336
"MSH2_Expr",-0.125549434399515,NA,NA,NA,0.0511681050999427,NA,NA,NA,NA,NA
"MYCN_Expr",-0.0229257781690573,NA,NA,NA,NA,NA,NA,NA,NA,0.00889910631134672
"NACA_Expr",-0.159549086577705,NA,0.0935182094277047,NA,NA,NA,NA,NA,NA,NA
"Progenitor-like",-1.5071842093917,NA,NA,NA,NA,NA,-0.580733161008717,NA,NA,NA
"SDHD_Expr",NA,NA,-0.0949897076287292,NA,NA,NA,NA,NA,NA,-0.0521307032066069
"SF3A1_Mut",NA,NA,NA,0.144472294496124,NA,NA,NA,NA,0.118728494224806,NA
"SH2B3_Expr",0.0950138091387886,NA,NA,NA,NA,NA,NA,NA,NA,-0.0339452996671111
"SMARCE1_Expr",NA,NA,0.141345827920662,NA,NA,NA,NA,0.146239855297318,NA,NA
"SND1_Expr",-0.161365748342256,NA,NA,NA,NA,NA,NA,0.132320575621935,NA,NA
"TFPT_Expr",-0.195113296099167,NA,NA,NA,NA,NA,NA,0.141535524625943,NA,NA
"THBS1_Expr",0.0277518134619679,NA,NA,NA,NA,NA,NA,-0.0169131095801467,NA,NA
"TPM4_Expr",-0.0692071775590098,NA,NA,NA,NA,NA,NA,0.0566954508212134,NA,NA
"TSC2_Expr",-0.292076318541803,NA,NA,NA,NA,NA,NA,0.185817649451245,NA,NA
"WT1-AS_Expr",-0.0273334945201711,NA,NA,NA,NA,NA,-0.0121845362364311,NA,NA,NA
"ACSL3_Expr",0.156320197165743,NA,NA,NA,NA,NA,NA,NA,NA,NA
"ACVR1B_Expr",0.0654557563367583,NA,NA,NA,NA,NA,NA,NA,NA,NA
"ACVR2A_Expr",0.0535281282069937,NA,NA,NA,NA,NA,NA,NA,NA,NA
"AKT1_Expr",NA,NA,NA,NA,NA,NA,-0.100733126164568,NA,NA,NA
"ARID2_Expr",NA,NA,0.0829756201667482,NA,NA,NA,NA,NA,NA,NA
"ATRX_Expr",-0.150229651680166,NA,NA,NA,NA,NA,NA,NA,NA,NA
"AUC__ERK_MAPK_Signaling",NA,NA,NA,NA,NA,NA,NA,-6.90516364182299,NA,NA
"AUC__ERK5_Signaling",3.161178297338,NA,NA,NA,NA,NA,NA,NA,NA,NA
"AUC__PTEN_Signaling",NA,NA,NA,NA,NA,NA,NA,-4.04775399573088,NA,NA
"AUC__TGF_beta_signaling",3.07967000330822,NA,NA,NA,NA,NA,NA,NA,NA,NA
"AUC__UVA_Induced_MAPK_Signaling",5.82233422088865,NA,NA,NA,NA,NA,NA,NA,NA,NA
"BCL10_Expr",0.110722063906605,NA,NA,NA,NA,NA,NA,NA,NA,NA
"BCL3_Expr",0.0649746404794917,NA,NA,NA,NA,NA,NA,NA,NA,NA
"BIRC6_Expr",-0.291209388368157,NA,NA,NA,NA,NA,NA,NA,NA,NA
"BMPR1A_Expr",NA,0.0139969217493361,NA,NA,NA,NA,NA,NA,NA,NA
"BRD3_Expr",-0.17548322129249,NA,NA,NA,NA,NA,NA,NA,NA,NA
"C20orf166-AS1_Expr",NA,NA,NA,NA,NA,NA,-0.0141355694555556,NA,NA,NA
"CANT1_Expr",NA,NA,NA,NA,NA,NA,0.0748999054813599,NA,NA,NA
"CBFA2T3_Expr",-0.0990914111645442,NA,NA,NA,NA,NA,NA,NA,NA,NA
"CBL_Expr",NA,NA,NA,NA,NA,NA,NA,NA,NA,-0.0404391021387618
"CDC42BPA_Expr",NA,NA,NA,NA,NA,NA,0.0165794831775893,NA,NA,NA
"CDC73_Expr",0.236977355865966,NA,NA,NA,NA,NA,NA,NA,NA,NA
"CDH2_Expr",NA,NA,NA,NA,NA,NA,NA,NA,NA,0.00782685860894814
"CLTCL1_Expr",NA,NA,NA,NA,NA,NA,NA,-0.0233298799176093,NA,NA
"COL4A5_Expr",NA,NA,NA,NA,NA,NA,NA,NA,NA,0.00622897408863308
"CREBBP_Expr",NA,NA,NA,NA,NA,NA,0.0910849690206524,NA,NA,NA
"CRISP3_Expr",NA,NA,NA,NA,NA,NA,0.0106303004900037,NA,NA,NA
"CTCF_Expr",-0.206771766315022,NA,NA,NA,NA,NA,NA,NA,NA,NA
"CUX1_Expr",-0.167407977379943,NA,NA,NA,NA,NA,NA,NA,NA,NA
"CYSLTR2_Expr",NA,NA,NA,NA,NA,NA,-0.0293321215426215,NA,NA,NA
"CYYR1_Expr",NA,NA,NA,NA,NA,NA,0.0126539006208278,NA,NA,NA
"DDIT4L_Expr",NA,NA,NA,NA,NA,NA,0.0139276641650357,NA,NA,NA
"DNA_repair",-6.73113556777498,NA,NA,NA,NA,NA,NA,NA,NA,NA
"EIF1AX_Expr",-0.153325811558488,NA,NA,NA,NA,NA,NA,NA,NA,NA
"EIF4A2_Expr",NA,NA,NA,NA,NA,NA,-0.0674221172489614,NA,NA,NA
"ELL_Expr",0.119197833472317,NA,NA,NA,NA,NA,NA,NA,NA,NA
"ERCC4_Expr",NA,0.0405911283886692,NA,NA,NA,NA,NA,NA,NA,NA
"ERG_Expr",NA,-0.0187911434462558,NA,NA,NA,NA,NA,NA,NA,NA
"ETV1_Expr",NA,NA,NA,NA,NA,NA,0.0170593479323657,NA,NA,NA
"ETV6_Expr",-0.115208440224322,NA,NA,NA,NA,NA,NA,NA,NA,NA
"FANCG_Expr",-0.142723726451869,NA,NA,NA,NA,NA,NA,NA,NA,NA
"FGD5_Expr",NA,NA,NA,NA,NA,NA,0.0116655704233167,NA,NA,NA
"FLT3_Expr",NA,NA,NA,NA,NA,NA,-0.0221840873023706,NA,NA,NA
"FNBP1_Expr",NA,NA,NA,NA,NA,NA,-0.0556862361326692,NA,NA,NA
"FOXP1_Expr",NA,NA,0.126498445318556,NA,NA,NA,NA,NA,NA,NA
"FUS_Expr",-0.153886124405101,NA,NA,NA,NA,NA,NA,NA,NA,NA
"GOPC_Expr",-0.13392128495101,NA,NA,NA,NA,NA,NA,NA,NA,NA
"GPC3_Expr",NA,0.017404884223267,NA,NA,NA,NA,NA,NA,NA,NA
"HMGA2_Expr",NA,NA,NA,NA,NA,NA,0.00936415251521367,NA,NA,NA
"HOXA6_Expr",NA,NA,NA,NA,NA,NA,NA,NA,NA,0.00752420919221167
"HOXB-AS3_Expr",NA,NA,NA,NA,NA,NA,-0.01075059370079,NA,NA,NA
"HOXB3_Expr",NA,NA,NA,NA,NA,NA,-0.0110176792122005,NA,NA,NA
"HOXB8_Expr",NA,NA,NA,NA,NA,NA,-0.00819060441912027,NA,NA,NA
"IGF2BP2_Expr",NA,NA,NA,NA,NA,NA,-0.0276697606698236,NA,NA,NA
"IGSF10_Expr",NA,NA,NA,NA,NA,NA,-0.00889969484834562,NA,NA,NA
"KAT7_Expr",NA,NA,0.0803830235321328,NA,NA,NA,NA,NA,NA,NA
"KDSR_Expr",-0.139596058903539,NA,NA,NA,NA,NA,NA,NA,NA,NA
"KEAP1_Expr",-0.1561604206715,NA,NA,NA,NA,NA,NA,NA,NA,NA
"KIAA1549_Expr",-0.0490812311718706,NA,NA,NA,NA,NA,NA,NA,NA,NA
"KMT2D_Expr",-0.180411308125115,NA,NA,NA,NA,NA,NA,NA,NA,NA
"LCK_Expr",NA,-0.0198426475322014,NA,NA,NA,NA,NA,NA,NA,NA
"LZTR1_Expr",NA,NA,NA,NA,NA,NA,-0.0730899202145142,NA,NA,NA
"M12",NA,-0.224237833296757,NA,NA,NA,NA,NA,NA,NA,NA
"M21",-0.984655442175544,NA,NA,NA,NA,NA,NA,NA,NA,NA
"M3",NA,-0.262604769525387,NA,NA,NA,NA,NA,NA,NA,NA
"MEN1_Expr",-0.158806824538845,NA,NA,NA,NA,NA,NA,NA,NA,NA
"MMP2_Expr",NA,NA,NA,NA,NA,NA,-0.0127430557641062,NA,NA,NA
"MN1_Expr",NA,-0.0121420551453193,NA,NA,NA,NA,NA,NA,NA,NA
"MSH6_Expr",-0.118486469261519,NA,NA,NA,NA,NA,NA,NA,NA,NA
"MTOR_Expr",NA,0.0867189734802855,NA,NA,NA,NA,NA,NA,NA,NA
"mTORC1_signaling",NA,NA,NA,NA,NA,NA,NA,NA,NA,-1.62041371769279
"MUTYH_Expr",-0.199069258691397,NA,NA,NA,NA,NA,NA,NA,NA,NA
"Myc_targets",-4.58855781573837,NA,NA,NA,NA,NA,NA,NA,NA,NA
"MYH9_Expr",NA,NA,-0.106845789938295,NA,NA,NA,NA,NA,NA,NA
"NBEA_Expr",NA,NA,NA,NA,NA,NA,NA,NA,NA,0.017923799975928
"NEO1_Mut",NA,NA,NA,NA,NA,NA,NA,-0.124820215194064,NA,NA
"NF2_Expr",NA,0.0768860245291715,NA,NA,NA,NA,NA,NA,NA,NA
"NFKB2_Expr",0.0843348209532809,NA,NA,NA,NA,NA,NA,NA,NA,NA
"NOTCH1_Expr",NA,-0.0406501181848169,NA,NA,NA,NA,NA,NA,NA,NA
"OLFM4_Expr",NA,NA,NA,NA,NA,NA,0.0113362897713309,NA,NA,NA
"Oxidative_phosphorylation",NA,1.64295916986716,NA,NA,NA,NA,NA,NA,NA,NA
"PBX1_Expr",NA,NA,NA,NA,NA,NA,0.0153585762085895,NA,NA,NA
"PHACTR3_Expr",NA,0.00926910540223472,NA,NA,NA,NA,NA,NA,NA,NA
"PHF6_Expr",-0.122527976422821,NA,NA,NA,NA,NA,NA,NA,NA,NA
"PI3Kgamma_Signature",0.826934505762022,NA,NA,NA,NA,NA,NA,NA,NA,NA
"PLAG1_Expr",NA,NA,NA,NA,NA,NA,0.0218904965287694,NA,NA,NA
"PMS2_Expr",-0.19717159555428,NA,NA,NA,NA,NA,NA,NA,NA,NA
"POLG_Expr",-0.193178597718396,NA,NA,NA,NA,NA,NA,NA,NA,NA
"PPARG_Expr",0.0288977956671135,NA,NA,NA,NA,NA,NA,NA,NA,NA
"PPP6C_Expr",0.272874557706505,NA,NA,NA,NA,NA,NA,NA,NA,NA
"PROM1_Expr",NA,-0.00933521772727201,NA,NA,NA,NA,NA,NA,NA,NA
"PTPN11_Expr",-0.203146394904746,NA,NA,NA,NA,NA,NA,NA,NA,NA
"RAF1_Expr",0.219354105104935,NA,NA,NA,NA,NA,NA,NA,NA,NA
"RAP1GDS1_Expr",NA,0.079326357266239,NA,NA,NA,NA,NA,NA,NA,NA
"RB1_Expr",NA,NA,-0.0633211376973704,NA,NA,NA,NA,NA,NA,NA
"REL_Expr",0.104890301311041,NA,NA,NA,NA,NA,NA,NA,NA,NA
"RP11-114I8.4_Expr",-0.0867239681246246,NA,NA,NA,NA,NA,NA,NA,NA,NA
"RP11-388P9.2_Expr",NA,NA,NA,NA,NA,NA,-0.0101818192726253,NA,NA,NA
"SEPT9_Expr",NA,NA,-0.075351845425697,NA,NA,NA,NA,NA,NA,NA
"SETD2_Expr",NA,NA,0.153145585628885,NA,NA,NA,NA,NA,NA,NA
"SPECC1_Expr",NA,NA,NA,-0.0537732597346193,NA,NA,NA,NA,NA,NA
"TAL1_Expr",NA,-0.0118144006000207,NA,NA,NA,NA,NA,NA,NA,NA
"TET1_Expr",-0.0710348776928888,NA,NA,NA,NA,NA,NA,NA,NA,NA
"TFE3_Expr",0.197362448413753,NA,NA,NA,NA,NA,NA,NA,NA,NA
"TGF_beta_signaling",3.01289151694787,NA,NA,NA,NA,NA,NA,NA,NA,NA
"TNFAIP3_Expr",0.0430430688222878,NA,NA,NA,NA,NA,NA,NA,NA,NA
"TP63_Expr",NA,0.0132925843354249,NA,NA,NA,NA,NA,NA,NA,NA
"TPR_Expr",-0.220096192732896,NA,NA,NA,NA,NA,NA,NA,NA,NA
"TRIM24_Expr",-0.129907334371715,NA,NA,NA,NA,NA,NA,NA,NA,NA
"XPC_Expr",NA,NA,NA,NA,NA,NA,-0.0658259071165087,NA,NA,NA
"XPO1_Expr",-0.129667405087242,NA,NA,NA,NA,NA,NA,NA,NA,NA
"ZEB1_Expr",NA,-0.023168098574554,NA,NA,NA,NA,NA,NA,NA,NA
"ZNF429_Expr",-0.0800004126937487,NA,NA,NA,NA,NA,NA,NA,NA,NA
