"CommonFeature","Drugs"
"AUC__KRAS_signaling_up",10
"BCL6_Expr",10
"Hypoxia/Adenosine_Immune_Cell_Suppression",10
"KRAS_signaling_up",10
"M6",10
"Monocyte-like",10
"Phopholipase",10
"AKT2_Expr",9
"Apoptosis",9
"ARID1B_Expr",9
"AUC__Immunogenic_Cell_Death_(ICD)",9
"AUC__Phopholipase",9
"AUC__Telomere_Extension_by_Telomerase",9
"B2M_Expr",9
"CD300E_Expr",9
"FAS_Expr",9
"HMGB1_Signaling",9
"Immunogenic_Cell_Death_(ICD)",9
"MAFB_Expr",9
"MAML2_Expr",9
"p38_MAPK_Signaling",9
"PRPF40B_Expr",9
"SGK1_Expr",9
"SRGAP3_Expr",9
"VCAN_Expr",9
"AC104809.4_Expr",8
"AMER1_Expr",8
"Angiogenesis",8
"ARHGAP26_Expr",8
"ARHGEF10L_Expr",8
"BCR_Expr",8
"CD209_Expr",8
"CD74_Expr",8
"cDC-like",8
"CDK6_Expr",8
"CES1_Expr",8
"CLIP1_Expr",8
"COL2A1_Expr",8
"CSF1R_Expr",8
"ErbB_Signaling",8
"ErbB2_ErbB3_Signaling",8
"ERK5_Signaling",8
"FCGR2B_Expr",8
"FN1_Expr",8
"FOXO1_Expr",8
"GAS7_Expr",8
"HER_2_Signaling_in_Breast_Cancer",8
"JAK2_Expr",8
"JAZF1_Expr",8
"KLF4_Expr",8
"LCP1_Expr",8
"LGALS2_Expr",8
"LYN_Expr",8
"M1",8
"M11",8
"MALT1_Expr",8
"MAP2K1_Expr",8
"MSI2_Expr",8
"mTOR_Signaling",8
"MYB_Expr",8
"MYCL_Expr",8
"MYD88_Expr",8
"NONO_Expr",8
"NOTCH2_Expr",8
"p53_pathway",8
"PATZ1_Expr",8
"PI3K_Akt_mTOR_signaling",8
"PI3K_AKT_Signaling",8
"PICALM_Expr",8
"POLR2A_Expr",8
"PRKACA_Expr",8
"PRLR_Expr",8
"RARA_Expr",8
"SHC1/pSTAT3_Signature",8
"SIRPA_Expr",8
"SMARCB1_Expr",8
"SMO_Expr",8
"TCF3_Expr",8
"TFEB_Expr",8
"TNFR1_Signaling",8
"UVA_Induced_MAPK_Signaling",8
"VEGF_Signaling",8
"ZFHX3_Expr",8
"ABL1_Expr",7
"AUC__Angiogenesis",7
"AUC__Apoptosis",7
"AUC__DNA_repair",7
"AUC__Hypoxia/Adenosine_Immune_Cell_Suppression",7
"AUC__Myc_targets",7
"BCL7A_Expr",7
"CCNB1IP1_Expr",7
"CPEB3_Expr",7
"DNMT3A_Expr",7
"ERK_MAPK_Signaling",7
"EXT1_Expr",7
"FGFR4_Expr",7
"HERPUD1_Expr",7
"HSP90AB1_Expr",7
"IL6ST_Expr",7
"IRF4_Expr",7
"IRX5_Expr",7
"KAT6B_Expr",7
"MDFI_Expr",7
"Notch_signaling",7
"NPM1_Mut",7
"RPL22_Expr",7
"SMARCD1_Expr",7
"TGFBR2_Expr",7
"TMEM127_Expr",7
"USP44_Expr",7
"USP8_Expr",7
"UVC_Induced_MAPK_Signaling",7
"WAS_Expr",7
"WRN_Expr",7
"CDKN1A_Expr",6
"CHD4_Expr",6
"ERBB2_Expr",6
"HOOK3_Expr",6
"Hypoxia",6
"IRX3_Expr",6
"M14",6
"M16",6
"M7",6
"N4BP2_Expr",6
"PIEZO2_Expr",6
"PRCC_Expr",6
"PTEN_Signaling",6
"QKI_Expr",6
"Reactive_oxigen_species_pathway",6
"SALL4_Expr",6
"SET_Expr",6
"SMARCA4_Expr",6
"TFRC_Expr",6
"XPA_Expr",6
"AFF1_Expr",5
"AUC__SHC1/pSTAT3_Signature",5
"AUC__VEGF_Signaling",5
"CASP3_Expr",5
"CIITA_Expr",5
"CREB3L2_Expr",5
"DGCR8_Expr",5
"DPP10_Expr",5
"EGF_Signaling",5
"FUBP1_Expr",5
"GNAS_Expr",5
"IDH2_Expr",5
"M4",5
"MED12_Expr",5
"MLLT11_Expr",5
"MYO5A_Expr",5
"NUMA1_Expr",5
"PCM1_Expr",5
"PRKCB_Expr",5
"PTK6_Expr",5
"RP11-129J12.2_Expr",5
"SFPQ_Expr",5
"SFRP4_Expr",5
"SYK_Expr",5
"TEC_Expr",5
"Telomere_Extension_by_Telomerase",5
"TMSB4X_Expr",5
"AMPK_Signaling",4
"AUC__HMGB1_Signaling",4
"AUC__Notch_signaling",4
"AUC__p38_MAPK_Signaling",4
"BCL2_Expr",4
"CDX2_Expr",4
"CEACAM6_Expr",4
"CEACAM8_Expr",4
"CYP2C8_Expr",4
"EML4_Expr",4
"Epithelial_mesenchymal_transition",4
"ERCC3_Expr",4
"Estrogen_Dependent_Breast_Cancer_Signaling",4
"EWSR1_Expr",4
"FGFR1OP_Expr",4
"FGFR3_Expr",4
"FIP1L1_Expr",4
"FSTL3_Expr",4
"GPHN_Expr",4
"IL12A-AS1_Expr",4
"KDM5C_Expr",4
"LCN2_Expr",4
"LIFR_Expr",4
"LTF_Expr",4
"MLLT10_Expr",4
"MLLT6_Expr",4
"MMP8_Expr",4
"NKX2-3_Expr",4
"PTPRC_Expr",4
"RAD17_Expr",4
"RBM10_Expr",4
"RNF213_Expr",4
"SDHB_Expr",4
"SEPT6_Expr",4
"SRSF2_Expr",4
"SRSF3_Expr",4
"TCF12_Expr",4
"TPM3_Expr",4
"UV_response_up",4
"ZMYM3_Expr",4
"ABL2_Expr",3
"ADAMTS2_Expr",3
"AKT3_Expr",3
"AUC__PI3K_AKT_Signaling",3
"BCLAF1_Expr",3
"CRTC1_Expr",3
"CSF3R_Expr",3
"DCTN1_Expr",3
"DEFA4_Expr",3
"DROSHA_Expr",3
"ERCC2_Expr",3
"Estrogen_response",3
"FANCF_Expr",3
"FOXC1_Expr",3
"Glycolysis",3
"HIF1A_Expr",3
"HLA-A_Expr",3
"HOXA11_Expr",3
"IL7R_Expr",3
"MAPK1_Expr",3
"NCOA2_Expr",3
"PBRM1_Expr",3
"RHOA_Expr",3
"RNF43_Expr",3
"RPL10_Expr",3
"RPL5_Expr",3
"SETBP1_Expr",3
"SF3B1_Expr",3
"SNCAIP_Expr",3
"TCF7L2_Expr",3
"TNFRSF14_Expr",3
"TRRAP_Expr",3
"UBR5_Expr",3
"UV_response_down",3
"WT1_Expr",3
"YWHAE_Expr",3
"ZMYM2_Expr",3
"ARHGAP35_Expr",2
"ARID1A_Expr",2
"ATIC_Expr",2
"ATP1A1_Expr",2
"ATR_Expr",2
"AUC__Barrier_genes",2
"AUC__Epithelial_mesenchymal_transition",2
"AUC__Estrogen_Dependent_Breast_Cancer_Signaling",2
"AUC__Hypoxia",2
"AUC__Oxidative_phosphorylation",2
"AUC__p53_pathway",2
"AUC__TNFR1_Signaling",2
"AUC__UV_response_down",2
"AUC__UV_response_up",2
"BAP1_Expr",2
"BCL11A_Expr",2
"BCOR_Expr",2
"CASC10_Expr",2
"CBFB_Expr",2
"CD79B_Expr",2
"CDK4_Expr",2
"CEP89_Expr",2
"DDR2_Expr",2
"DDX10_Expr",2
"DEFA1_Expr",2
"DEFA1B_Expr",2
"DEFA3_Expr",2
"EIF3E_Expr",2
"EPX_Expr",2
"FBXW7_Expr",2
"GATA2_Expr",2
"GPC6_Expr",2
"HNRNPA2B1_Expr",2
"HSP90AA1_Expr",2
"IGKV2-23_Expr",2
"M0",2
"M23",2
"M9",2
"MAPK_up_genes",2
"MSH2_Expr",2
"MYCN_Expr",2
"NACA_Expr",2
"Progenitor-like",2
"SDHD_Expr",2
"SF3A1_Mut",2
"SH2B3_Expr",2
"SMARCE1_Expr",2
"SND1_Expr",2
"TFPT_Expr",2
"THBS1_Expr",2
"TPM4_Expr",2
"TSC2_Expr",2
"WT1-AS_Expr",2
"ACSL3_Expr",1
"ACVR1B_Expr",1
"ACVR2A_Expr",1
"AKT1_Expr",1
"ARID2_Expr",1
"ATRX_Expr",1
"AUC__ERK_MAPK_Signaling",1
"AUC__ERK5_Signaling",1
"AUC__PTEN_Signaling",1
"AUC__TGF_beta_signaling",1
"AUC__UVA_Induced_MAPK_Signaling",1
"BCL10_Expr",1
"BCL3_Expr",1
"BIRC6_Expr",1
"BMPR1A_Expr",1
"BRD3_Expr",1
"C20orf166-AS1_Expr",1
"CANT1_Expr",1
"CBFA2T3_Expr",1
"CBL_Expr",1
"CDC42BPA_Expr",1
"CDC73_Expr",1
"CDH2_Expr",1
"CLTCL1_Expr",1
"COL4A5_Expr",1
"CREBBP_Expr",1
"CRISP3_Expr",1
"CTCF_Expr",1
"CUX1_Expr",1
"CYSLTR2_Expr",1
"CYYR1_Expr",1
"DDIT4L_Expr",1
"DNA_repair",1
"EIF1AX_Expr",1
"EIF4A2_Expr",1
"ELL_Expr",1
"ERCC4_Expr",1
"ERG_Expr",1
"ETV1_Expr",1
"ETV6_Expr",1
"FANCG_Expr",1
"FGD5_Expr",1
"FLT3_Expr",1
"FNBP1_Expr",1
"FOXP1_Expr",1
"FUS_Expr",1
"GOPC_Expr",1
"GPC3_Expr",1
"HMGA2_Expr",1
"HOXA6_Expr",1
"HOXB-AS3_Expr",1
"HOXB3_Expr",1
"HOXB8_Expr",1
"IGF2BP2_Expr",1
"IGSF10_Expr",1
"KAT7_Expr",1
"KDSR_Expr",1
"KEAP1_Expr",1
"KIAA1549_Expr",1
"KMT2D_Expr",1
"LCK_Expr",1
"LZTR1_Expr",1
"M12",1
"M21",1
"M3",1
"MEN1_Expr",1
"MMP2_Expr",1
"MN1_Expr",1
"MSH6_Expr",1
"MTOR_Expr",1
"mTORC1_signaling",1
"MUTYH_Expr",1
"Myc_targets",1
"MYH9_Expr",1
"NBEA_Expr",1
"NEO1_Mut",1
"NF2_Expr",1
"NFKB2_Expr",1
"NOTCH1_Expr",1
"OLFM4_Expr",1
"Oxidative_phosphorylation",1
"PBX1_Expr",1
"PHACTR3_Expr",1
"PHF6_Expr",1
"PI3Kgamma_Signature",1
"PLAG1_Expr",1
"PMS2_Expr",1
"POLG_Expr",1
"PPARG_Expr",1
"PPP6C_Expr",1
"PROM1_Expr",1
"PTPN11_Expr",1
"RAF1_Expr",1
"RAP1GDS1_Expr",1
"RB1_Expr",1
"REL_Expr",1
"RP11-114I8.4_Expr",1
"RP11-388P9.2_Expr",1
"SEPT9_Expr",1
"SETD2_Expr",1
"SPECC1_Expr",1
"TAL1_Expr",1
"TET1_Expr",1
"TFE3_Expr",1
"TGF_beta_signaling",1
"TNFAIP3_Expr",1
"TP63_Expr",1
"TPR_Expr",1
"TRIM24_Expr",1
"XPC_Expr",1
"XPO1_Expr",1
"ZEB1_Expr",1
"ZNF429_Expr",1
