Column_Label,Type
CID,Drug_PC
MolecularWeight,Drug_PC
SMILES,Drug_PC
InChIKey,Drug_PC
XLogP,Drug_PC
inhibitor,Drug_PC
MaxAbsEStateIndex,Drug_PC
MinAbsEStateIndex,Drug_PC
MinEStateIndex,Drug_PC
qed,Drug_PC
SPS,Drug_PC
MolWt,Drug_PC
FpDensityMorgan1,Drug_PC
AvgIpc,Drug_PC
BalabanJ,Drug_PC
Ipc,Drug_PC
Kappa2,Drug_PC
PEOE_VSA1,Drug_PC
PEOE_VSA10,Drug_PC
PEOE_VSA11,Drug_PC
PEOE_VSA12,Drug_PC
PEOE_VSA13,Drug_PC
PEOE_VSA14,Drug_PC
PEOE_VSA2,Drug_PC
PEOE_VSA3,Drug_PC
PEOE_VSA4,Drug_PC
PEOE_VSA5,Drug_PC
PEOE_VSA6,Drug_PC
PEOE_VSA7,Drug_PC
PEOE_VSA8,Drug_PC
PEOE_VSA9,Drug_PC
SMR_VSA1,Drug_PC
SMR_VSA10,Drug_PC
SMR_VSA2,Drug_PC
SMR_VSA3,Drug_PC
SMR_VSA4,Drug_PC
SMR_VSA5,Drug_PC
SMR_VSA6,Drug_PC
SMR_VSA7,Drug_PC
SMR_VSA9,Drug_PC
SlogP_VSA1,Drug_PC
SlogP_VSA10,Drug_PC
SlogP_VSA11,Drug_PC
SlogP_VSA12,Drug_PC
SlogP_VSA2,Drug_PC
SlogP_VSA3,Drug_PC
SlogP_VSA4,Drug_PC
SlogP_VSA5,Drug_PC
SlogP_VSA7,Drug_PC
SlogP_VSA8,Drug_PC
TPSA,Drug_PC
EState_VSA1,Drug_PC
EState_VSA10,Drug_PC
EState_VSA11,Drug_PC
EState_VSA2,Drug_PC
EState_VSA3,Drug_PC
EState_VSA4,Drug_PC
EState_VSA5,Drug_PC
EState_VSA6,Drug_PC
EState_VSA7,Drug_PC
EState_VSA8,Drug_PC
EState_VSA9,Drug_PC
VSA_EState1,Drug_PC
VSA_EState10,Drug_PC
VSA_EState2,Drug_PC
VSA_EState3,Drug_PC
VSA_EState4,Drug_PC
VSA_EState5,Drug_PC
VSA_EState7,Drug_PC
VSA_EState8,Drug_PC
VSA_EState9,Drug_PC
FractionCSP3,Drug_PC
NHOHCount,Drug_PC
NumAliphaticCarbocycles,Drug_PC
NumAliphaticHeterocycles,Drug_PC
NumAliphaticRings,Drug_PC
NumAmideBonds,Drug_PC
NumAromaticHeterocycles,Drug_PC
NumAtomStereoCenters,Drug_PC
NumBridgeheadAtoms,Drug_PC
NumHAcceptors,Drug_PC
NumHeteroatoms,Drug_PC
NumHeterocycles,Drug_PC
NumRotatableBonds,Drug_PC
NumSaturatedCarbocycles,Drug_PC
NumSaturatedHeterocycles,Drug_PC
NumSaturatedRings,Drug_PC
NumSpiroAtoms,Drug_PC
NumUnspecifiedAtomStereoCenters,Drug_PC
RingCount,Drug_PC
MolLogP,Drug_PC
fr_Al_COO,Drug_PC
fr_Al_OH,Drug_PC
fr_Al_OH_noTert,Drug_PC
fr_ArN,Drug_PC
fr_Ar_COO,Drug_PC
fr_Ar_N,Drug_PC
fr_Ar_NH,Drug_PC
fr_Ar_OH,Drug_PC
fr_COO,Drug_PC
fr_C_S,Drug_PC
fr_HOCCN,Drug_PC
fr_Imine,Drug_PC
fr_NH0,Drug_PC
fr_NH1,Drug_PC
fr_NH2,Drug_PC
fr_N_O,Drug_PC
fr_Ndealkylation1,Drug_PC
fr_Ndealkylation2,Drug_PC
fr_SH,Drug_PC
fr_aldehyde,Drug_PC
fr_alkyl_carbamate,Drug_PC
fr_alkyl_halide,Drug_PC
fr_allylic_oxid,Drug_PC
fr_amidine,Drug_PC
fr_aniline,Drug_PC
fr_aryl_methyl,Drug_PC
fr_azide,Drug_PC
fr_azo,Drug_PC
fr_bicyclic,Drug_PC
fr_ester,Drug_PC
fr_ether,Drug_PC
fr_furan,Drug_PC
fr_guanido,Drug_PC
fr_hdrzine,Drug_PC
fr_hdrzone,Drug_PC
fr_imidazole,Drug_PC
fr_imide,Drug_PC
fr_isocyan,Drug_PC
fr_ketone,Drug_PC
fr_ketone_Topliss,Drug_PC
fr_lactone,Drug_PC
fr_methoxy,Drug_PC
fr_morpholine,Drug_PC
fr_nitro,Drug_PC
fr_nitro_arom_nonortho,Drug_PC
fr_oxazole,Drug_PC
fr_oxime,Drug_PC
fr_para_hydroxylation,Drug_PC
fr_phos_acid,Drug_PC
fr_piperdine,Drug_PC
fr_piperzine,Drug_PC
fr_priamide,Drug_PC
fr_pyridine,Drug_PC
fr_quatN,Drug_PC
fr_sulfide,Drug_PC
fr_sulfonamd,Drug_PC
fr_sulfone,Drug_PC
fr_term_acetylene,Drug_PC
fr_tetrazole,Drug_PC
fr_thiazole,Drug_PC
fr_thiophene,Drug_PC
fr_unbrch_alkane,Drug_PC
fr_urea,Drug_PC
graph_diameter,Drug_PC
avg_shortest_path,Drug_PC
num_cycles,Drug_PC
num_chains,Drug_PC
clustering_coefficients,Drug_PC
avg_degree_centrality,Drug_PC
avg_eigen_centrality,Drug_PC
avg_betweenness_centrality,Drug_PC
avg_load_centrality,Drug_PC
wiener_index,Drug_PC
max_degree,Drug_PC
closeness_mean,Drug_PC
katz_centrality_std,Drug_PC
betweenness_mean,Drug_PC
betweenness_std,Drug_PC
eigenvector_mean,Drug_PC
ring_4,Drug_PC
heteroatom_ratio,Drug_PC
ring_1,Drug_PC
ring_2,Drug_PC
ring_3,Drug_PC
ring_5,Drug_PC
num_aromatic_rings,Drug_PC
num_non_aromatic_rings,Drug_PC
average_carbon,Drug_PC
average_oxygen,Drug_PC
average_sulphur,Drug_PC
average_nitrogen,Drug_PC
num_single_bonds,Drug_PC
num_double_bonds,Drug_PC
Morgan_0,Drug_PC
Morgan_1,Drug_PC
Morgan_2,Drug_PC
Morgan_3,Drug_PC
Morgan_4,Drug_PC
Morgan_5,Drug_PC
Morgan_6,Drug_PC
Morgan_7,Drug_PC
Morgan_8,Drug_PC
Morgan_9,Drug_PC
Morgan_10,Drug_PC
Morgan_11,Drug_PC
Morgan_12,Drug_PC
Morgan_13,Drug_PC
Morgan_14,Drug_PC
Morgan_15,Drug_PC
Morgan_16,Drug_PC
Morgan_17,Drug_PC
Morgan_18,Drug_PC
Morgan_19,Drug_PC
Morgan_20,Drug_PC
Morgan_21,Drug_PC
Morgan_22,Drug_PC
Morgan_23,Drug_PC
Morgan_24,Drug_PC
Morgan_25,Drug_PC
Morgan_26,Drug_PC
Morgan_27,Drug_PC
Morgan_28,Drug_PC
Morgan_29,Drug_PC
Morgan_30,Drug_PC
Morgan_31,Drug_PC
Morgan_32,Drug_PC
Morgan_33,Drug_PC
Morgan_34,Drug_PC
Morgan_35,Drug_PC
Morgan_36,Drug_PC
Morgan_37,Drug_PC
Morgan_38,Drug_PC
Morgan_39,Drug_PC
Morgan_40,Drug_PC
Morgan_41,Drug_PC
Morgan_42,Drug_PC
Morgan_43,Drug_PC
Morgan_44,Drug_PC
Morgan_45,Drug_PC
Morgan_46,Drug_PC
Morgan_47,Drug_PC
Morgan_48,Drug_PC
Morgan_49,Drug_PC
Morgan_50,Drug_PC
Morgan_51,Drug_PC
Morgan_52,Drug_PC
Morgan_53,Drug_PC
Morgan_54,Drug_PC
Morgan_55,Drug_PC
Morgan_56,Drug_PC
Morgan_57,Drug_PC
Morgan_58,Drug_PC
Morgan_59,Drug_PC
Morgan_60,Drug_PC
Morgan_61,Drug_PC
Morgan_62,Drug_PC
Morgan_63,Drug_PC
Morgan_64,Drug_PC
Morgan_65,Drug_PC
Morgan_66,Drug_PC
Morgan_67,Drug_PC
Morgan_68,Drug_PC
Morgan_69,Drug_PC
Morgan_70,Drug_PC
Morgan_71,Drug_PC
Morgan_72,Drug_PC
Morgan_73,Drug_PC
Morgan_74,Drug_PC
Morgan_75,Drug_PC
Morgan_76,Drug_PC
Morgan_77,Drug_PC
Morgan_78,Drug_PC
Morgan_79,Drug_PC
Morgan_80,Drug_PC
Morgan_81,Drug_PC
Morgan_82,Drug_PC
Morgan_83,Drug_PC
Morgan_84,Drug_PC
Morgan_85,Drug_PC
Morgan_86,Drug_PC
Morgan_87,Drug_PC
Morgan_88,Drug_PC
Morgan_89,Drug_PC
Morgan_90,Drug_PC
Morgan_91,Drug_PC
Morgan_92,Drug_PC
Morgan_93,Drug_PC
Morgan_94,Drug_PC
Morgan_95,Drug_PC
Morgan_96,Drug_PC
Morgan_97,Drug_PC
Morgan_98,Drug_PC
Morgan_99,Drug_PC
Morgan_100,Drug_PC
Morgan_101,Drug_PC
Morgan_102,Drug_PC
Morgan_103,Drug_PC
Morgan_104,Drug_PC
Morgan_105,Drug_PC
Morgan_106,Drug_PC
Morgan_107,Drug_PC
Morgan_108,Drug_PC
Morgan_109,Drug_PC
Morgan_110,Drug_PC
Morgan_111,Drug_PC
Morgan_112,Drug_PC
Morgan_113,Drug_PC
Morgan_114,Drug_PC
Morgan_115,Drug_PC
Morgan_116,Drug_PC
Morgan_117,Drug_PC
Morgan_118,Drug_PC
Morgan_119,Drug_PC
Morgan_120,Drug_PC
Morgan_121,Drug_PC
Morgan_122,Drug_PC
Morgan_123,Drug_PC
Morgan_124,Drug_PC
Morgan_125,Drug_PC
Morgan_126,Drug_PC
Morgan_127,Drug_PC
MACCS_0,Drug_PC
MACCS_1,Drug_PC
MACCS_2,Drug_PC
MACCS_3,Drug_PC
MACCS_4,Drug_PC
MACCS_5,Drug_PC
MACCS_6,Drug_PC
MACCS_7,Drug_PC
MACCS_8,Drug_PC
MACCS_9,Drug_PC
MACCS_10,Drug_PC
MACCS_11,Drug_PC
MACCS_12,Drug_PC
MACCS_13,Drug_PC
MACCS_14,Drug_PC
MACCS_15,Drug_PC
MACCS_16,Drug_PC
MACCS_17,Drug_PC
MACCS_18,Drug_PC
MACCS_19,Drug_PC
MACCS_20,Drug_PC
MACCS_21,Drug_PC
MACCS_22,Drug_PC
MACCS_23,Drug_PC
MACCS_24,Drug_PC
MACCS_25,Drug_PC
MACCS_26,Drug_PC
MACCS_27,Drug_PC
MACCS_28,Drug_PC
MACCS_29,Drug_PC
MACCS_30,Drug_PC
MACCS_31,Drug_PC
MACCS_32,Drug_PC
MACCS_33,Drug_PC
MACCS_34,Drug_PC
MACCS_35,Drug_PC
MACCS_36,Drug_PC
MACCS_37,Drug_PC
MACCS_38,Drug_PC
MACCS_39,Drug_PC
MACCS_40,Drug_PC
MACCS_41,Drug_PC
MACCS_42,Drug_PC
MACCS_43,Drug_PC
MACCS_44,Drug_PC
MACCS_45,Drug_PC
MACCS_46,Drug_PC
MACCS_47,Drug_PC
MACCS_48,Drug_PC
MACCS_49,Drug_PC
MACCS_50,Drug_PC
MACCS_51,Drug_PC
MACCS_52,Drug_PC
MACCS_53,Drug_PC
MACCS_54,Drug_PC
MACCS_55,Drug_PC
MACCS_56,Drug_PC
MACCS_57,Drug_PC
MACCS_58,Drug_PC
MACCS_59,Drug_PC
MACCS_60,Drug_PC
MACCS_61,Drug_PC
MACCS_62,Drug_PC
MACCS_63,Drug_PC
MACCS_64,Drug_PC
MACCS_65,Drug_PC
MACCS_66,Drug_PC
MACCS_67,Drug_PC
MACCS_68,Drug_PC
MACCS_69,Drug_PC
MACCS_70,Drug_PC
MACCS_71,Drug_PC
MACCS_72,Drug_PC
MACCS_73,Drug_PC
MACCS_74,Drug_PC
MACCS_75,Drug_PC
MACCS_76,Drug_PC
MACCS_77,Drug_PC
MACCS_78,Drug_PC
MACCS_79,Drug_PC
MACCS_80,Drug_PC
MACCS_81,Drug_PC
MACCS_82,Drug_PC
MACCS_83,Drug_PC
MACCS_84,Drug_PC
MACCS_85,Drug_PC
MACCS_86,Drug_PC
MACCS_87,Drug_PC
MACCS_88,Drug_PC
MACCS_89,Drug_PC
MACCS_90,Drug_PC
MACCS_91,Drug_PC
MACCS_92,Drug_PC
MACCS_93,Drug_PC
MACCS_94,Drug_PC
MACCS_95,Drug_PC
MACCS_96,Drug_PC
MACCS_97,Drug_PC
MACCS_98,Drug_PC
MACCS_99,Drug_PC
MACCS_100,Drug_PC
MACCS_101,Drug_PC
MACCS_102,Drug_PC
MACCS_103,Drug_PC
MACCS_104,Drug_PC
MACCS_105,Drug_PC
MACCS_106,Drug_PC
MACCS_107,Drug_PC
MACCS_108,Drug_PC
MACCS_109,Drug_PC
MACCS_110,Drug_PC
MACCS_111,Drug_PC
MACCS_112,Drug_PC
MACCS_113,Drug_PC
MACCS_114,Drug_PC
MACCS_115,Drug_PC
MACCS_116,Drug_PC
MACCS_117,Drug_PC
MACCS_118,Drug_PC
MACCS_119,Drug_PC
MACCS_120,Drug_PC
MACCS_121,Drug_PC
MACCS_122,Drug_PC
MACCS_123,Drug_PC
MACCS_124,Drug_PC
MACCS_125,Drug_PC
MACCS_126,Drug_PC
MACCS_127,Drug_PC
MACCS_128,Drug_PC
MACCS_129,Drug_PC
MACCS_130,Drug_PC
MACCS_131,Drug_PC
MACCS_132,Drug_PC
MACCS_133,Drug_PC
MACCS_134,Drug_PC
MACCS_135,Drug_PC
MACCS_136,Drug_PC
MACCS_137,Drug_PC
MACCS_138,Drug_PC
MACCS_139,Drug_PC
MACCS_140,Drug_PC
MACCS_141,Drug_PC
MACCS_142,Drug_PC
MACCS_143,Drug_PC
MACCS_144,Drug_PC
MACCS_145,Drug_PC
MACCS_146,Drug_PC
MACCS_147,Drug_PC
MACCS_148,Drug_PC
MACCS_149,Drug_PC
MACCS_150,Drug_PC
MACCS_151,Drug_PC
MACCS_152,Drug_PC
MACCS_153,Drug_PC
MACCS_154,Drug_PC
MACCS_155,Drug_PC
MACCS_156,Drug_PC
MACCS_157,Drug_PC
MACCS_158,Drug_PC
MACCS_159,Drug_PC
MACCS_160,Drug_PC
MACCS_161,Drug_PC
MACCS_162,Drug_PC
MACCS_163,Drug_PC
MACCS_164,Drug_PC
MACCS_165,Drug_PC
MACCS_166,Drug_PC
LS_0,Drug_Embed
LS_1,Drug_Embed
LS_2,Drug_Embed
LS_3,Drug_Embed
LS_4,Drug_Embed
LS_5,Drug_Embed
LS_6,Drug_Embed
LS_7,Drug_Embed
LS_8,Drug_Embed
LS_9,Drug_Embed
LS_10,Drug_Embed
LS_11,Drug_Embed
LS_12,Drug_Embed
LS_13,Drug_Embed
LS_14,Drug_Embed
LS_15,Drug_Embed
LS_16,Drug_Embed
LS_17,Drug_Embed
LS_18,Drug_Embed
LS_19,Drug_Embed
LS_20,Drug_Embed
LS_21,Drug_Embed
LS_22,Drug_Embed
LS_23,Drug_Embed
LS_24,Drug_Embed
LS_25,Drug_Embed
LS_26,Drug_Embed
LS_27,Drug_Embed
LS_28,Drug_Embed
LS_29,Drug_Embed
LS_30,Drug_Embed
LS_31,Drug_Embed
LS_32,Drug_Embed
LS_33,Drug_Embed
LS_34,Drug_Embed
LS_35,Drug_Embed
LS_36,Drug_Embed
LS_37,Drug_Embed
LS_38,Drug_Embed
LS_39,Drug_Embed
LS_40,Drug_Embed
LS_41,Drug_Embed
LS_42,Drug_Embed
LS_43,Drug_Embed
LS_44,Drug_Embed
LS_45,Drug_Embed
LS_46,Drug_Embed
LS_47,Drug_Embed
LS_48,Drug_Embed
LS_49,Drug_Embed
LS_50,Drug_Embed
LS_51,Drug_Embed
LS_52,Drug_Embed
LS_53,Drug_Embed
LS_54,Drug_Embed
LS_55,Drug_Embed
LS_56,Drug_Embed
LS_57,Drug_Embed
LS_58,Drug_Embed
LS_59,Drug_Embed
LS_60,Drug_Embed
LS_61,Drug_Embed
LS_62,Drug_Embed
LS_63,Drug_Embed
LS_64,Drug_Embed
LS_65,Drug_Embed
LS_66,Drug_Embed
LS_67,Drug_Embed
LS_68,Drug_Embed
LS_69,Drug_Embed
LS_70,Drug_Embed
LS_71,Drug_Embed
LS_72,Drug_Embed
LS_73,Drug_Embed
LS_74,Drug_Embed
LS_75,Drug_Embed
LS_76,Drug_Embed
LS_77,Drug_Embed
LS_78,Drug_Embed
LS_79,Drug_Embed
LS_80,Drug_Embed
LS_81,Drug_Embed
LS_82,Drug_Embed
LS_83,Drug_Embed
LS_84,Drug_Embed
LS_85,Drug_Embed
LS_86,Drug_Embed
LS_87,Drug_Embed
LS_88,Drug_Embed
LS_89,Drug_Embed
LS_90,Drug_Embed
LS_91,Drug_Embed
LS_92,Drug_Embed
LS_93,Drug_Embed
LS_94,Drug_Embed
LS_95,Drug_Embed
LS_96,Drug_Embed
LS_97,Drug_Embed
LS_98,Drug_Embed
LS_99,Drug_Embed
LS_100,Drug_Embed
LS_101,Drug_Embed
LS_102,Drug_Embed
LS_103,Drug_Embed
LS_104,Drug_Embed
LS_105,Drug_Embed
LS_106,Drug_Embed
LS_107,Drug_Embed
LS_108,Drug_Embed
LS_109,Drug_Embed
LS_110,Drug_Embed
LS_111,Drug_Embed
LS_112,Drug_Embed
LS_113,Drug_Embed
LS_114,Drug_Embed
LS_115,Drug_Embed
LS_116,Drug_Embed
LS_117,Drug_Embed
LS_118,Drug_Embed
LS_119,Drug_Embed
LS_120,Drug_Embed
LS_121,Drug_Embed
LS_122,Drug_Embed
LS_123,Drug_Embed
LS_124,Drug_Embed
LS_125,Drug_Embed
LS_126,Drug_Embed
LS_127,Drug_Embed
LS_128,Drug_Embed
LS_129,Drug_Embed
LS_130,Drug_Embed
LS_131,Drug_Embed
LS_132,Drug_Embed
LS_133,Drug_Embed
LS_134,Drug_Embed
LS_135,Drug_Embed
LS_136,Drug_Embed
LS_137,Drug_Embed
LS_138,Drug_Embed
LS_139,Drug_Embed
LS_140,Drug_Embed
LS_141,Drug_Embed
LS_142,Drug_Embed
LS_143,Drug_Embed
LS_144,Drug_Embed
LS_145,Drug_Embed
LS_146,Drug_Embed
LS_147,Drug_Embed
LS_148,Drug_Embed
LS_149,Drug_Embed
LS_150,Drug_Embed
LS_151,Drug_Embed
LS_152,Drug_Embed
LS_153,Drug_Embed
LS_154,Drug_Embed
LS_155,Drug_Embed
LS_156,Drug_Embed
LS_157,Drug_Embed
LS_158,Drug_Embed
LS_159,Drug_Embed
LS_160,Drug_Embed
LS_161,Drug_Embed
LS_162,Drug_Embed
LS_163,Drug_Embed
LS_164,Drug_Embed
LS_165,Drug_Embed
LS_166,Drug_Embed
LS_167,Drug_Embed
LS_168,Drug_Embed
LS_169,Drug_Embed
LS_170,Drug_Embed
LS_171,Drug_Embed
LS_172,Drug_Embed
LS_173,Drug_Embed
LS_174,Drug_Embed
LS_175,Drug_Embed
LS_176,Drug_Embed
LS_177,Drug_Embed
LS_178,Drug_Embed
LS_179,Drug_Embed
LS_180,Drug_Embed
LS_181,Drug_Embed
LS_182,Drug_Embed
LS_183,Drug_Embed
LS_184,Drug_Embed
LS_185,Drug_Embed
LS_186,Drug_Embed
LS_187,Drug_Embed
LS_188,Drug_Embed
LS_189,Drug_Embed
LS_190,Drug_Embed
LS_191,Drug_Embed
LS_192,Drug_Embed
LS_193,Drug_Embed
LS_194,Drug_Embed
LS_195,Drug_Embed
LS_196,Drug_Embed
LS_197,Drug_Embed
LS_198,Drug_Embed
LS_199,Drug_Embed
LS_200,Drug_Embed
LS_201,Drug_Embed
LS_202,Drug_Embed
LS_203,Drug_Embed
LS_204,Drug_Embed
LS_205,Drug_Embed
LS_206,Drug_Embed
LS_207,Drug_Embed
LS_208,Drug_Embed
LS_209,Drug_Embed
LS_210,Drug_Embed
LS_211,Drug_Embed
LS_212,Drug_Embed
LS_213,Drug_Embed
LS_214,Drug_Embed
LS_215,Drug_Embed
LS_216,Drug_Embed
LS_217,Drug_Embed
LS_218,Drug_Embed
LS_219,Drug_Embed
LS_220,Drug_Embed
LS_221,Drug_Embed
LS_222,Drug_Embed
LS_223,Drug_Embed
LS_224,Drug_Embed
LS_225,Drug_Embed
LS_226,Drug_Embed
LS_227,Drug_Embed
LS_228,Drug_Embed
LS_229,Drug_Embed
LS_230,Drug_Embed
LS_231,Drug_Embed
LS_232,Drug_Embed
LS_233,Drug_Embed
LS_234,Drug_Embed
LS_235,Drug_Embed
LS_236,Drug_Embed
LS_237,Drug_Embed
LS_238,Drug_Embed
LS_239,Drug_Embed
LS_240,Drug_Embed
LS_241,Drug_Embed
LS_242,Drug_Embed
LS_243,Drug_Embed
LS_244,Drug_Embed
LS_245,Drug_Embed
LS_246,Drug_Embed
LS_247,Drug_Embed
LS_248,Drug_Embed
LS_249,Drug_Embed
LS_250,Drug_Embed
LS_251,Drug_Embed
LS_252,Drug_Embed
LS_253,Drug_Embed
LS_254,Drug_Embed
LS_255,Drug_Embed
primary_key,Drug_PC
dbgap_subject_id,Drug_PC
dbgap_dnaseq_sample,Drug_PC
dbgap_rnaseq_sample,Drug_PC
type,Drug_PC
status,Drug_PC
paper_inclusion,Drug_PC
min_conc,Drug_PC
max_conc,Drug_PC
intercept,Drug_PC
beta,Drug_PC
beta_z,Drug_PC
beta_p,Drug_PC
aic,Drug_PC
pearson_chisq,Drug_PC
deviance,Drug_PC
converged,Drug_PC
ic10,Drug_PC
ic25,Drug_PC
ic50,Drug_PC
ic75,Drug_PC
ic90,Drug_PC
auc,Drug_PC
all_gt_50,Drug_PC
all_lt_50,Drug_PC
curve_type,Drug_PC
AUC__Hypoxia,Pathway
AUC__Mitotic_spindle,Pathway
AUC__Wnt_beta_catenin_signaling,Pathway
AUC__TGF_beta_signaling,Pathway
AUC__DNA_repair,Pathway
AUC__G2M_checkpoint,Pathway
AUC__Apoptosis,Pathway
AUC__Notch_signaling,Pathway
AUC__Hedgehog_signaling,Pathway
AUC__PI3K_Akt_mTOR_signaling,Pathway
AUC__mTORC1_signaling,Pathway
AUC__E2F_targets,Pathway
AUC__Epithelial_mesenchymal_transition,Pathway
AUC__Oxidative_phosphorylation,Pathway
AUC__Glycolysis,Pathway
AUC__Reactive_oxigen_species_pathway,Pathway
AUC__p53_pathway,Pathway
AUC__UV_response_up,Pathway
AUC__UV_response_down,Pathway
AUC__Angiogenesis,Pathway
AUC__KRAS_signaling_up,Pathway
AUC__KRAS_signaling_down,Pathway
AUC__Myc_targets,Pathway
AUC__Estrogen_response,Pathway
AUC__ERK_MAPK_Signaling,Pathway
AUC__HMGB1_Signaling,Pathway
AUC__ErbB_Signaling,Pathway
AUC__PTEN_Signaling,Pathway
AUC__PI3K_AKT_Signaling,Pathway
AUC__HER_2_Signaling_in_Breast_Cancer,Pathway
AUC__mTOR_Signaling,Pathway
AUC__AMPK_Signaling,Pathway
AUC__p38_MAPK_Signaling,Pathway
AUC__Myc_Mediated_Apoptosis_Signaling,Pathway
AUC__EGF_Signaling,Pathway
AUC__VEGF_Signaling,Pathway
AUC__Estrogen_Dependent_Breast_Cancer_Signaling,Pathway
AUC__TNFR1_Signaling,Pathway
AUC__ErbB2_ErbB3_Signaling,Pathway
AUC__UVC_Induced_MAPK_Signaling,Pathway
AUC__UVA_Induced_MAPK_Signaling,Pathway
AUC__UVB_Induced_MAPK_Signaling,Pathway
AUC__ERK5_Signaling,Pathway
AUC__Mismatch_Repair_in_Eukaryotes,Pathway
AUC__Telomere_Extension_by_Telomerase,Pathway
AUC__Barrier_genes,Pathway
AUC__MAPK_up_genes,Pathway
AUC__Phopholipase,Pathway
AUC__Proliferation,Pathway
AUC__PI3Kgamma_Signature,Pathway
AUC__NOS1_Signature,Pathway
AUC__SHC1/pSTAT3_Signature,Pathway
AUC__Hypoxia/Adenosine_Immune_Cell_Suppression,Pathway
AUC__Immunogenic_Cell_Death_(ICD),Pathway
LASP1_Expr,Gene_Expr
HOXA11_Expr,Gene_Expr
CREBBP_Expr,Gene_Expr
ETV1_Expr,Gene_Expr
GAS7_Expr,Gene_Expr
CD79B_Expr,Gene_Expr
BTK_Expr,Gene_Expr
BRCA1_Expr,Gene_Expr
WAS_Expr,Gene_Expr
WWTR1_Expr,Gene_Expr
CD74_Expr,Gene_Expr
BIRC3_Expr,Gene_Expr
FAS_Expr,Gene_Expr
BCLAF1_Expr,Gene_Expr
ANK1_Expr,Gene_Expr
RABEP1_Expr,Gene_Expr
ZCCHC8_Expr,Gene_Expr
CUL3_Expr,Gene_Expr
FLT4_Expr,Gene_Expr
CDH1_Expr,Gene_Expr
TNC_Expr,Gene_Expr
CTNNA1_Expr,Gene_Expr
PREX2_Expr,Gene_Expr
TPR_Expr,Gene_Expr
GOPC_Expr,Gene_Expr
TNFRSF17_Expr,Gene_Expr
SNX29_Expr,Gene_Expr
ELN_Expr,Gene_Expr
ARID1B_Expr,Gene_Expr
HERPUD1_Expr,Gene_Expr
POLQ_Expr,Gene_Expr
PIK3CB_Expr,Gene_Expr
THRAP3_Expr,Gene_Expr
KMT2C_Expr,Gene_Expr
PRDM1_Expr,Gene_Expr
POLD1_Expr,Gene_Expr
CASP8_Expr,Gene_Expr
PMS1_Expr,Gene_Expr
NTHL1_Expr,Gene_Expr
ERBB3_Expr,Gene_Expr
SPEN_Expr,Gene_Expr
MAP2K4_Expr,Gene_Expr
SMARCD1_Expr,Gene_Expr
GOLGA5_Expr,Gene_Expr
FGFR2_Expr,Gene_Expr
KLF6_Expr,Gene_Expr
RHOA_Expr,Gene_Expr
CBFB_Expr,Gene_Expr
FGFR3_Expr,Gene_Expr
TFE3_Expr,Gene_Expr
BCL3_Expr,Gene_Expr
CLTCL1_Expr,Gene_Expr
FSTL3_Expr,Gene_Expr
PABPC1_Expr,Gene_Expr
TCF3_Expr,Gene_Expr
PRKACA_Expr,Gene_Expr
TFRC_Expr,Gene_Expr
AFF4_Expr,Gene_Expr
SMC1A_Expr,Gene_Expr
FCGR2B_Expr,Gene_Expr
TP63_Expr,Gene_Expr
SDHA_Expr,Gene_Expr
SMARCE1_Expr,Gene_Expr
KDM5A_Expr,Gene_Expr
IGF2BP2_Expr,Gene_Expr
MAP3K13_Expr,Gene_Expr
PICALM_Expr,Gene_Expr
EED_Expr,Gene_Expr
ARHGEF10L_Expr,Gene_Expr
MLH1_Expr,Gene_Expr
NT5C2_Expr,Gene_Expr
NFKB2_Expr,Gene_Expr
FGFR1_Expr,Gene_Expr
ARAF_Expr,Gene_Expr
N4BP2_Expr,Gene_Expr
HOXA9_Expr,Gene_Expr
MLLT10_Expr,Gene_Expr
PCM1_Expr,Gene_Expr
CIC_Expr,Gene_Expr
DNM2_Expr,Gene_Expr
KEAP1_Expr,Gene_Expr
HSP90AA1_Expr,Gene_Expr
PTPRC_Expr,Gene_Expr
ERC1_Expr,Gene_Expr
XPO1_Expr,Gene_Expr
PALB2_Expr,Gene_Expr
KAT6A_Expr,Gene_Expr
CYLD_Expr,Gene_Expr
FAT1_Expr,Gene_Expr
NCOA1_Expr,Gene_Expr
BCORL1_Expr,Gene_Expr
ATRX_Expr,Gene_Expr
MECOM_Expr,Gene_Expr
EPS15_Expr,Gene_Expr
BAX_Expr,Gene_Expr
GNAS_Expr,Gene_Expr
CNOT3_Expr,Gene_Expr
GNA11_Expr,Gene_Expr
FUS_Expr,Gene_Expr
CD209_Expr,Gene_Expr
FH_Expr,Gene_Expr
ESR1_Expr,Gene_Expr
EZR_Expr,Gene_Expr
MSH2_Expr,Gene_Expr
MAP3K1_Expr,Gene_Expr
HSP90AB1_Expr,Gene_Expr
JAK2_Expr,Gene_Expr
ABL1_Expr,Gene_Expr
LZTR1_Expr,Gene_Expr
SMARCB1_Expr,Gene_Expr
MAPK1_Expr,Gene_Expr
PATZ1_Expr,Gene_Expr
PDGFB_Expr,Gene_Expr
MYH9_Expr,Gene_Expr
EP300_Expr,Gene_Expr
NIN_Expr,Gene_Expr
HIF1A_Expr,Gene_Expr
DICER1_Expr,Gene_Expr
TCL1A_Expr,Gene_Expr
CCNB1IP1_Expr,Gene_Expr
TRIP11_Expr,Gene_Expr
ARHGAP5_Expr,Gene_Expr
NFATC2_Expr,Gene_Expr
SALL4_Expr,Gene_Expr
PTK6_Expr,Gene_Expr
CRNKL1_Expr,Gene_Expr
STAG2_Expr,Gene_Expr
ELF4_Expr,Gene_Expr
GATA1_Expr,Gene_Expr
CTCF_Expr,Gene_Expr
AXIN1_Expr,Gene_Expr
TSC2_Expr,Gene_Expr
IL21R_Expr,Gene_Expr
NBN_Expr,Gene_Expr
IKBKB_Expr,Gene_Expr
EIF3E_Expr,Gene_Expr
NDRG1_Expr,Gene_Expr
UBR5_Expr,Gene_Expr
LEPROTL1_Expr,Gene_Expr
ARHGEF10_Expr,Gene_Expr
ERCC2_Expr,Gene_Expr
LYL1_Expr,Gene_Expr
CCNE1_Expr,Gene_Expr
AKT2_Expr,Gene_Expr
CD79A_Expr,Gene_Expr
PPP2R1A_Expr,Gene_Expr
TFPT_Expr,Gene_Expr
JAK3_Expr,Gene_Expr
ELL_Expr,Gene_Expr
CRTC1_Expr,Gene_Expr
CDK6_Expr,Gene_Expr
MET_Expr,Gene_Expr
HOXA13_Expr,Gene_Expr
EZH2_Expr,Gene_Expr
SFRP4_Expr,Gene_Expr
GATA3_Expr,Gene_Expr
BMPR1A_Expr,Gene_Expr
CPEB3_Expr,Gene_Expr
SUFU_Expr,Gene_Expr
LARP4B_Expr,Gene_Expr
CCDC6_Expr,Gene_Expr
MLLT6_Expr,Gene_Expr
RNF43_Expr,Gene_Expr
DDX5_Expr,Gene_Expr
COL1A1_Expr,Gene_Expr
HLF_Expr,Gene_Expr
PRKAR1A_Expr,Gene_Expr
YWHAE_Expr,Gene_Expr
CHIC2_Expr,Gene_Expr
FBXW7_Expr,Gene_Expr
ZBTB16_Expr,Gene_Expr
CCND1_Expr,Gene_Expr
DDX6_Expr,Gene_Expr
CBL_Expr,Gene_Expr
CARS_Expr,Gene_Expr
NUP98_Expr,Gene_Expr
POU2AF1_Expr,Gene_Expr
PPFIBP1_Expr,Gene_Expr
PRPF40B_Expr,Gene_Expr
BCL7A_Expr,Gene_Expr
GLI1_Expr,Gene_Expr
SH2B3_Expr,Gene_Expr
ALDH2_Expr,Gene_Expr
CDKN1B_Expr,Gene_Expr
CHD4_Expr,Gene_Expr
PTPN6_Expr,Gene_Expr
FANCE_Expr,Gene_Expr
SRSF3_Expr,Gene_Expr
CCNC_Expr,Gene_Expr
QKI_Expr,Gene_Expr
TFEB_Expr,Gene_Expr
CCND3_Expr,Gene_Expr
ITK_Expr,Gene_Expr
DROSHA_Expr,Gene_Expr
GOLPH3_Expr,Gene_Expr
SUB1_Expr,Gene_Expr
LIFR_Expr,Gene_Expr
PDGFRB_Expr,Gene_Expr
BCL6_Expr,Gene_Expr
TFG_Expr,Gene_Expr
CBLB_Expr,Gene_Expr
FOXP1_Expr,Gene_Expr
ACVR1_Expr,Gene_Expr
SF3B1_Expr,Gene_Expr
BIRC6_Expr,Gene_Expr
STRN_Expr,Gene_Expr
EPAS1_Expr,Gene_Expr
NFE2L2_Expr,Gene_Expr
MSH6_Expr,Gene_Expr
BCL9_Expr,Gene_Expr
RPL22_Expr,Gene_Expr
SFPQ_Expr,Gene_Expr
PRDM2_Expr,Gene_Expr
MYCL_Expr,Gene_Expr
AKT3_Expr,Gene_Expr
SDHB_Expr,Gene_Expr
ID3_Expr,Gene_Expr
MPL_Expr,Gene_Expr
ARID1A_Expr,Gene_Expr
STAG1_Expr,Gene_Expr
STK11_Expr,Gene_Expr
KMT2A_Expr,Gene_Expr
CREB1_Expr,Gene_Expr
TNFAIP3_Expr,Gene_Expr
MYB_Expr,Gene_Expr
SGK1_Expr,Gene_Expr
FOXO3_Expr,Gene_Expr
CCND2_Expr,Gene_Expr
SET_Expr,Gene_Expr
CNTRL_Expr,Gene_Expr
PPP6C_Expr,Gene_Expr
NR4A3_Expr,Gene_Expr
CSF3R_Expr,Gene_Expr
KDSR_Expr,Gene_Expr
DNMT3A_Expr,Gene_Expr
BCL11A_Expr,Gene_Expr
CD274_Expr,Gene_Expr
KCNJ5_Expr,Gene_Expr
SPOP_Expr,Gene_Expr
CEP89_Expr,Gene_Expr
ZMYM2_Expr,Gene_Expr
PIK3CA_Expr,Gene_Expr
CXCR4_Expr,Gene_Expr
ACVR2A_Expr,Gene_Expr
FLT3_Expr,Gene_Expr
RPL5_Expr,Gene_Expr
PMS2_Expr,Gene_Expr
HNRNPA2B1_Expr,Gene_Expr
FKBP9_Expr,Gene_Expr
KIAA1549_Expr,Gene_Expr
TRIM24_Expr,Gene_Expr
CDKN2C_Expr,Gene_Expr
ATF1_Expr,Gene_Expr
STIL_Expr,Gene_Expr
ACSL3_Expr,Gene_Expr
SDC4_Expr,Gene_Expr
PLCG1_Expr,Gene_Expr
USP9X_Expr,Gene_Expr
HIST1H3B_Expr,Gene_Expr
CDKN1A_Expr,Gene_Expr
DEK_Expr,Gene_Expr
SEPT6_Expr,Gene_Expr
PAX8_Expr,Gene_Expr
MAX_Expr,Gene_Expr
KDM5C_Expr,Gene_Expr
CCR7_Expr,Gene_Expr
BCL2L12_Expr,Gene_Expr
SBDS_Expr,Gene_Expr
ZNF384_Expr,Gene_Expr
KTN1_Expr,Gene_Expr
NUP214_Expr,Gene_Expr
MAP2K2_Expr,Gene_Expr
BCL11B_Expr,Gene_Expr
PTPRB_Expr,Gene_Expr
SMARCA4_Expr,Gene_Expr
AKAP9_Expr,Gene_Expr
HIP1_Expr,Gene_Expr
KDR_Expr,Gene_Expr
DGCR8_Expr,Gene_Expr
SPECC1_Expr,Gene_Expr
POT1_Expr,Gene_Expr
SMO_Expr,Gene_Expr
KNSTRN_Expr,Gene_Expr
USP6_Expr,Gene_Expr
FOXA1_Expr,Gene_Expr
CBFA2T3_Expr,Gene_Expr
MLLT1_Expr,Gene_Expr
MNX1_Expr,Gene_Expr
CLIP1_Expr,Gene_Expr
ZNF331_Expr,Gene_Expr
LATS1_Expr,Gene_Expr
TRAF7_Expr,Gene_Expr
RARA_Expr,Gene_Expr
DNAJB1_Expr,Gene_Expr
RAF1_Expr,Gene_Expr
PPARG_Expr,Gene_Expr
H3F3B_Expr,Gene_Expr
MUTYH_Expr,Gene_Expr
CASP9_Expr,Gene_Expr
MYH11_Expr,Gene_Expr
BTG1_Expr,Gene_Expr
KRAS_Expr,Gene_Expr
MEN1_Expr,Gene_Expr
VHL_Expr,Gene_Expr
NOTCH2_Expr,Gene_Expr
MYCN_Expr,Gene_Expr
IL6ST_Expr,Gene_Expr
CDC73_Expr,Gene_Expr
DDB2_Expr,Gene_Expr
PDGFRA_Expr,Gene_Expr
ERCC5_Expr,Gene_Expr
APC_Expr,Gene_Expr
TBX3_Expr,Gene_Expr
LMO2_Expr,Gene_Expr
CDK4_Expr,Gene_Expr
ACVR1B_Expr,Gene_Expr
TEC_Expr,Gene_Expr
MDM2_Expr,Gene_Expr
TMEM127_Expr,Gene_Expr
USP44_Expr,Gene_Expr
LCP1_Expr,Gene_Expr
RAC1_Expr,Gene_Expr
BRIP1_Expr,Gene_Expr
KAT7_Expr,Gene_Expr
ABI1_Expr,Gene_Expr
KLF4_Expr,Gene_Expr
XPA_Expr,Gene_Expr
MYC_Expr,Gene_Expr
PIM1_Expr,Gene_Expr
IRF4_Expr,Gene_Expr
HMGA1_Expr,Gene_Expr
NUMA1_Expr,Gene_Expr
FBXO11_Expr,Gene_Expr
CYP2C8_Expr,Gene_Expr
NCOA4_Expr,Gene_Expr
TET1_Expr,Gene_Expr
ATIC_Expr,Gene_Expr
BARD1_Expr,Gene_Expr
IDH1_Expr,Gene_Expr
ITGAV_Expr,Gene_Expr
USP8_Expr,Gene_Expr
RAP1GDS1_Expr,Gene_Expr
LEF1_Expr,Gene_Expr
ETV6_Expr,Gene_Expr
ETNK1_Expr,Gene_Expr
COL2A1_Expr,Gene_Expr
BRCA2_Expr,Gene_Expr
RB1_Expr,Gene_Expr
SETD1B_Expr,Gene_Expr
TCF12_Expr,Gene_Expr
NCOA2_Expr,Gene_Expr
PML_Expr,Gene_Expr
POLG_Expr,Gene_Expr
NTRK3_Expr,Gene_Expr
CRTC3_Expr,Gene_Expr
ZFHX3_Expr,Gene_Expr
CDH11_Expr,Gene_Expr
NCOR1_Expr,Gene_Expr
CLTC_Expr,Gene_Expr
SS18_Expr,Gene_Expr
SMAD4_Expr,Gene_Expr
ERBB2_Expr,Gene_Expr
BRD4_Expr,Gene_Expr
VAV1_Expr,Gene_Expr
SH3GL1_Expr,Gene_Expr
AKT1_Expr,Gene_Expr
PRDM16_Expr,Gene_Expr
BCL10_Expr,Gene_Expr
SDHC_Expr,Gene_Expr
PRCC_Expr,Gene_Expr
ABL2_Expr,Gene_Expr
SETDB1_Expr,Gene_Expr
ARNT_Expr,Gene_Expr
TPM3_Expr,Gene_Expr
EML4_Expr,Gene_Expr
ASXL2_Expr,Gene_Expr
AFF3_Expr,Gene_Expr
ACKR3_Expr,Gene_Expr
FANCD2_Expr,Gene_Expr
LPP_Expr,Gene_Expr
MUC4_Expr,Gene_Expr
FIP1L1_Expr,Gene_Expr
PIK3R1_Expr,Gene_Expr
ARHGAP26_Expr,Gene_Expr
NFKBIE_Expr,Gene_Expr
EGFR_Expr,Gene_Expr
KDM6A_Expr,Gene_Expr
MSN_Expr,Gene_Expr
ZMYM3_Expr,Gene_Expr
NONO_Expr,Gene_Expr
GPC3_Expr,Gene_Expr
RPL10_Expr,Gene_Expr
RSPO2_Expr,Gene_Expr
NFIB_Expr,Gene_Expr
CDKN2A_Expr,Gene_Expr
NOTCH1_Expr,Gene_Expr
ZEB1_Expr,Gene_Expr
TCF7L2_Expr,Gene_Expr
ATM_Expr,Gene_Expr
HMGA2_Expr,Gene_Expr
LATS2_Expr,Gene_Expr
FOXO1_Expr,Gene_Expr
EXT2_Expr,Gene_Expr
VTI1A_Expr,Gene_Expr
FLI1_Expr,Gene_Expr
CYSLTR2_Expr,Gene_Expr
SETBP1_Expr,Gene_Expr
PTPRK_Expr,Gene_Expr
RAD17_Expr,Gene_Expr
RGPD3_Expr,Gene_Expr
RANBP2_Expr,Gene_Expr
PTPRD_Expr,Gene_Expr
JAZF1_Expr,Gene_Expr
MSI2_Expr,Gene_Expr
XPC_Expr,Gene_Expr
FLCN_Expr,Gene_Expr
GNAQ_Expr,Gene_Expr
PHF6_Expr,Gene_Expr
KAT6B_Expr,Gene_Expr
BUB1B_Expr,Gene_Expr
EIF4A2_Expr,Gene_Expr
NRG1_Expr,Gene_Expr
CACNA1D_Expr,Gene_Expr
KIT_Expr,Gene_Expr
ERG_Expr,Gene_Expr
CREB3L1_Expr,Gene_Expr
BRAF_Expr,Gene_Expr
TNFRSF14_Expr,Gene_Expr
SKI_Expr,Gene_Expr
FANCC_Expr,Gene_Expr
ELK4_Expr,Gene_Expr
SLC45A3_Expr,Gene_Expr
BTG2_Expr,Gene_Expr
FAM131B_Expr,Gene_Expr
ARHGAP35_Expr,Gene_Expr
U2AF1_Expr,Gene_Expr
RALGDS_Expr,Gene_Expr
LMNA_Expr,Gene_Expr
FGFR4_Expr,Gene_Expr
RECQL4_Expr,Gene_Expr
IKZF3_Expr,Gene_Expr
SRSF2_Expr,Gene_Expr
TAL1_Expr,Gene_Expr
JAK1_Expr,Gene_Expr
FUBP1_Expr,Gene_Expr
DDR2_Expr,Gene_Expr
RBM15_Expr,Gene_Expr
REL_Expr,Gene_Expr
H3F3A_Expr,Gene_Expr
ERCC3_Expr,Gene_Expr
ATP1A1_Expr,Gene_Expr
ELF3_Expr,Gene_Expr
TGFBR2_Expr,Gene_Expr
FBLN2_Expr,Gene_Expr
PTPN13_Expr,Gene_Expr
GMPS_Expr,Gene_Expr
RPN1_Expr,Gene_Expr
BAP1_Expr,Gene_Expr
PBRM1_Expr,Gene_Expr
CASP3_Expr,Gene_Expr
EBF1_Expr,Gene_Expr
TERT_Expr,Gene_Expr
ACSL6_Expr,Gene_Expr
HEY1_Expr,Gene_Expr
RAD21_Expr,Gene_Expr
COX6C_Expr,Gene_Expr
PSIP1_Expr,Gene_Expr
SYK_Expr,Gene_Expr
WNK2_Expr,Gene_Expr
FAT3_Expr,Gene_Expr
WRN_Expr,Gene_Expr
TSHR_Expr,Gene_Expr
CDX2_Expr,Gene_Expr
NSD1_Expr,Gene_Expr
TSC1_Expr,Gene_Expr
RET_Expr,Gene_Expr
PRKCB_Expr,Gene_Expr
B2M_Expr,Gene_Expr
NAB2_Expr,Gene_Expr
STAT6_Expr,Gene_Expr
SMAD3_Expr,Gene_Expr
CDK12_Expr,Gene_Expr
TPM4_Expr,Gene_Expr
KMT2D_Expr,Gene_Expr
SDHAF2_Expr,Gene_Expr
CTNNB1_Expr,Gene_Expr
FADD_Expr,Gene_Expr
PAFAH1B2_Expr,Gene_Expr
HOOK3_Expr,Gene_Expr
RFWD3_Expr,Gene_Expr
RHOH_Expr,Gene_Expr
FEN1_Expr,Gene_Expr
COL3A1_Expr,Gene_Expr
STAT3_Expr,Gene_Expr
AXIN2_Expr,Gene_Expr
IL7R_Expr,Gene_Expr
LRP1B_Expr,Gene_Expr
TET2_Expr,Gene_Expr
MAP2K1_Expr,Gene_Expr
AR_Expr,Gene_Expr
MN1_Expr,Gene_Expr
ZRSR2_Expr,Gene_Expr
PCBP1_Expr,Gene_Expr
ASPSCR1_Expr,Gene_Expr
CNBP_Expr,Gene_Expr
BRD3_Expr,Gene_Expr
PWWP2A_Expr,Gene_Expr
MGMT_Expr,Gene_Expr
KIF5B_Expr,Gene_Expr
CHCHD7_Expr,Gene_Expr
PPM1D_Expr,Gene_Expr
CANT1_Expr,Gene_Expr
CHST11_Expr,Gene_Expr
GPHN_Expr,Gene_Expr
CAMTA1_Expr,Gene_Expr
BCL2_Expr,Gene_Expr
MLLT3_Expr,Gene_Expr
PTEN_Expr,Gene_Expr
MALT1_Expr,Gene_Expr
CLP1_Expr,Gene_Expr
AFF1_Expr,Gene_Expr
TAF15_Expr,Gene_Expr
NBEA_Expr,Gene_Expr
MYD88_Expr,Gene_Expr
CHD2_Expr,Gene_Expr
EIF1AX_Expr,Gene_Expr
STAT5B_Expr,Gene_Expr
RNF213_Expr,Gene_Expr
CNTNAP2_Expr,Gene_Expr
HRAS_Expr,Gene_Expr
ATR_Expr,Gene_Expr
DDIT3_Expr,Gene_Expr
SMAD2_Expr,Gene_Expr
ERCC4_Expr,Gene_Expr
RMI2_Expr,Gene_Expr
ETV4_Expr,Gene_Expr
POLE_Expr,Gene_Expr
TBL1XR1_Expr,Gene_Expr
JUN_Expr,Gene_Expr
MLF1_Expr,Gene_Expr
PDE4DIP_Expr,Gene_Expr
DDX10_Expr,Gene_Expr
CD28_Expr,Gene_Expr
MAF_Expr,Gene_Expr
SUZ12_Expr,Gene_Expr
PER1_Expr,Gene_Expr
CALR_Expr,Gene_Expr
PTPN11_Expr,Gene_Expr
GATA2_Expr,Gene_Expr
HMGN2P46_Expr,Gene_Expr
GPC5_Expr,Gene_Expr
CIITA_Expr,Gene_Expr
APOBEC3B_Expr,Gene_Expr
MB21D2_Expr,Gene_Expr
PRF1_Expr,Gene_Expr
MUC16_Expr,Gene_Expr
POLR2A_Expr,Gene_Expr
SETD2_Expr,Gene_Expr
PLAG1_Expr,Gene_Expr
IDH2_Expr,Gene_Expr
CREB3L2_Expr,Gene_Expr
P2RY8_Expr,Gene_Expr
RAD51B_Expr,Gene_Expr
EXT1_Expr,Gene_Expr
FES_Expr,Gene_Expr
CSF1R_Expr,Gene_Expr
LCK_Expr,Gene_Expr
RBM10_Expr,Gene_Expr
EWSR1_Expr,Gene_Expr
FANCF_Expr,Gene_Expr
BCOR_Expr,Gene_Expr
ZNRF3_Expr,Gene_Expr
MACC1_Expr,Gene_Expr
CHEK2_Expr,Gene_Expr
CCR4_Expr,Gene_Expr
PRKD1_Expr,Gene_Expr
MAML2_Expr,Gene_Expr
SS18L1_Expr,Gene_Expr
FOXO4_Expr,Gene_Expr
MED12_Expr,Gene_Expr
SEPT9_Expr,Gene_Expr
AMER1_Expr,Gene_Expr
SEPT5_Expr,Gene_Expr
WT1_Expr,Gene_Expr
ROBO2_Expr,Gene_Expr
SOCS1_Expr,Gene_Expr
MUC1_Expr,Gene_Expr
PBX1_Expr,Gene_Expr
IKZF1_Expr,Gene_Expr
PTCH1_Expr,Gene_Expr
BCL9L_Expr,Gene_Expr
NF2_Expr,Gene_Expr
BCR_Expr,Gene_Expr
MITF_Expr,Gene_Expr
FNBP1_Expr,Gene_Expr
TCEA1_Expr,Gene_Expr
FANCA_Expr,Gene_Expr
NUTM2B_Expr,Gene_Expr
ARID2_Expr,Gene_Expr
FHIT_Expr,Gene_Expr
PAX5_Expr,Gene_Expr
FAT4_Expr,Gene_Expr
SRGAP3_Expr,Gene_Expr
TRRAP_Expr,Gene_Expr
NCOR2_Expr,Gene_Expr
NACA_Expr,Gene_Expr
NF1_Expr,Gene_Expr
ARHGEF12_Expr,Gene_Expr
FLNA_Expr,Gene_Expr
ZNF429_Expr,Gene_Expr
SRC_Expr,Gene_Expr
SND1_Expr,Gene_Expr
BLM_Expr,Gene_Expr
TRIM33_Expr,Gene_Expr
MYO5A_Expr,Gene_Expr
PDCD1LG2_Expr,Gene_Expr
MDS2_Expr,Gene_Expr
SIRPA_Expr,Gene_Expr
CARD11_Expr,Gene_Expr
HIST1H4I_Expr,Gene_Expr
NTRK1_Expr,Gene_Expr
CTNND1_Expr,Gene_Expr
BAZ1A_Expr,Gene_Expr
MDM4_Expr,Gene_Expr
MTOR_Expr,Gene_Expr
ZNF521_Expr,Gene_Expr
TOP1_Expr,Gene_Expr
MAFB_Expr,Gene_Expr
DAXX_Expr,Gene_Expr
SDHD_Expr,Gene_Expr
TRIM27_Expr,Gene_Expr
DCTN1_Expr,Gene_Expr
TMSB4X_Expr,Gene_Expr
CRLF2_Expr,Gene_Expr
OLIG2_Expr,Gene_Expr
HLA-A_Expr,Gene_Expr
FGFR1OP_Expr,Gene_Expr
MLLT11_Expr,Gene_Expr
NRAS_Expr,Gene_Expr
NCKIPSD_Expr,Gene_Expr
NUTM2D_Expr,Gene_Expr
MTCP1_Expr,Gene_Expr
DDX3X_Expr,Gene_Expr
FANCG_Expr,Gene_Expr
ETV5_Expr,Gene_Expr
CEBPA_Expr,Gene_Expr
MALAT1_Expr,Gene_Expr
LYN_Expr,Gene_Expr
LSM14A_Expr,Gene_Expr
CUX1_Expr,Gene_Expr
C15orf65_Expr,Gene_Expr
SLC4A1_Expr,Gene_Expr
THSD7A_Expr,Gene_Expr
PRSS21_Expr,Gene_Expr
PROM1_Expr,Gene_Expr
LTF_Expr,Gene_Expr
KDM5D_Expr,Gene_Expr
VCAN_Expr,Gene_Expr
DSG2_Expr,Gene_Expr
FOXC1_Expr,Gene_Expr
SNCAIP_Expr,Gene_Expr
DDX3Y_Expr,Gene_Expr
ZFY_Expr,Gene_Expr
GPC4_Expr,Gene_Expr
SPAG6_Expr,Gene_Expr
ADCY2_Expr,Gene_Expr
CEACAM6_Expr,Gene_Expr
ADAMTS2_Expr,Gene_Expr
MMP2_Expr,Gene_Expr
PHACTR3_Expr,Gene_Expr
CRISP3_Expr,Gene_Expr
PRKY_Expr,Gene_Expr
LGALS2_Expr,Gene_Expr
CHRDL1_Expr,Gene_Expr
OLFM4_Expr,Gene_Expr
MSLN_Expr,Gene_Expr
HOXA3_Expr,Gene_Expr
HOXA5_Expr,Gene_Expr
HOXA6_Expr,Gene_Expr
NPTX2_Expr,Gene_Expr
DNTT_Expr,Gene_Expr
CXCL12_Expr,Gene_Expr
HOXB6_Expr,Gene_Expr
CCL2_Expr,Gene_Expr
PPARGC1A_Expr,Gene_Expr
MDFI_Expr,Gene_Expr
PRLR_Expr,Gene_Expr
USP9Y_Expr,Gene_Expr
FN1_Expr,Gene_Expr
MMP8_Expr,Gene_Expr
NKX2-3_Expr,Gene_Expr
HOXB8_Expr,Gene_Expr
HOXB5_Expr,Gene_Expr
HOXB3_Expr,Gene_Expr
EPX_Expr,Gene_Expr
DPPA4_Expr,Gene_Expr
KIAA0087_Expr,Gene_Expr
HOXA7_Expr,Gene_Expr
CEACAM8_Expr,Gene_Expr
EREG_Expr,Gene_Expr
LAMP5_Expr,Gene_Expr
RPS4Y1_Expr,Gene_Expr
PXDN_Expr,Gene_Expr
TXLNG2P_Expr,Gene_Expr
BEX1_Expr,Gene_Expr
MYO18B_Expr,Gene_Expr
CA1_Expr,Gene_Expr
GSTM1_Expr,Gene_Expr
DSC2_Expr,Gene_Expr
THBS1_Expr,Gene_Expr
CDC42BPA_Expr,Gene_Expr
MEIS1_Expr,Gene_Expr
DDIT4L_Expr,Gene_Expr
ST18_Expr,Gene_Expr
LCN2_Expr,Gene_Expr
LPHN3_Expr,Gene_Expr
DOCK1_Expr,Gene_Expr
POU4F1_Expr,Gene_Expr
IGSF10_Expr,Gene_Expr
GJA1_Expr,Gene_Expr
PLEKHG4B_Expr,Gene_Expr
FGD5_Expr,Gene_Expr
PIEZO2_Expr,Gene_Expr
RBPMS_Expr,Gene_Expr
CLSTN2_Expr,Gene_Expr
ALAS2_Expr,Gene_Expr
HPGDS_Expr,Gene_Expr
DEFA4_Expr,Gene_Expr
DEFB1_Expr,Gene_Expr
CYYR1_Expr,Gene_Expr
SCN9A_Expr,Gene_Expr
AHSP_Expr,Gene_Expr
GYPA_Expr,Gene_Expr
CDH2_Expr,Gene_Expr
GTSF1_Expr,Gene_Expr
HOXB9_Expr,Gene_Expr
TRH_Expr,Gene_Expr
RXFP1_Expr,Gene_Expr
LAMB2_Expr,Gene_Expr
ARPP21_Expr,Gene_Expr
CSPG4_Expr,Gene_Expr
CD34_Expr,Gene_Expr
C20orf166-AS1_Expr,Gene_Expr
DPP10_Expr,Gene_Expr
KCNE1L_Expr,Gene_Expr
TTTY14_Expr,Gene_Expr
IRX5_Expr,Gene_Expr
LINC00982_Expr,Gene_Expr
IRX3_Expr,Gene_Expr
CDH4_Expr,Gene_Expr
MKRN3_Expr,Gene_Expr
SLITRK4_Expr,Gene_Expr
SAGE1_Expr,Gene_Expr
NDN_Expr,Gene_Expr
GPC6_Expr,Gene_Expr
WT1-AS_Expr,Gene_Expr
UTY_Expr,Gene_Expr
DLK1_Expr,Gene_Expr
PRAME_Expr,Gene_Expr
CD300E_Expr,Gene_Expr
COL4A5_Expr,Gene_Expr
HBA2_Expr,Gene_Expr
S100A16_Expr,Gene_Expr
PAX8-AS1_Expr,Gene_Expr
EIF1AY_Expr,Gene_Expr
CES1_Expr,Gene_Expr
ZFP57_Expr,Gene_Expr
CASC10_Expr,Gene_Expr
CD177_Expr,Gene_Expr
DEFA1_Expr,Gene_Expr
MEG3_Expr,Gene_Expr
AC016735.1_Expr,Gene_Expr
AL589743.1_Expr,Gene_Expr
AC091814.2_Expr,Gene_Expr
XIST_Expr,Gene_Expr
RP11-388P9.2_Expr,Gene_Expr
HOXB-AS3_Expr,Gene_Expr
AC104809.4_Expr,Gene_Expr
TTTY15_Expr,Gene_Expr
DEFA3_Expr,Gene_Expr
DEFA1B_Expr,Gene_Expr
HOXA11-AS_Expr,Gene_Expr
IL12A-AS1_Expr,Gene_Expr
HBB_Expr,Gene_Expr
KIAA1456_Expr,Gene_Expr
RP11-704M14.1_Expr,Gene_Expr
IGKV2-23_Expr,Gene_Expr
RP11-129J12.2_Expr,Gene_Expr
RP11-497G19.2_Expr,Gene_Expr
RP11-497G19.1_Expr,Gene_Expr
RP11-424G14.1_Expr,Gene_Expr
AC004791.2_Expr,Gene_Expr
RP11-114I8.4_Expr,Gene_Expr
Tsne1,Tsne
Tsne2,Tsne
consensus_sex,Clinical
ageAtDiagnosis,Clinical
diseaseStageAtSpecimenCollection,Clinical
vitalStatus,Clinical
overallSurvival,Clinical
%.Blasts.in.BM,Clinical
%.Blasts.in.PB,Clinical
%.Eosinophils.in.PB,Clinical
%.Lymphocytes.in.PB,Clinical
%.Monocytes.in.PB,Clinical
%.Neutrophils.in.PB,Clinical
ALT,Clinical
AST,Clinical
albumin,Clinical
creatinine,Clinical
hematocrit,Clinical
hemoglobin,Clinical
plateletCount,Clinical
wbcCount,Clinical
Hypoxia,Pathway
Mitotic_spindle,Pathway
Wnt_beta_catenin_signaling,Pathway
TGF_beta_signaling,Pathway
DNA_repair,Pathway
G2M_checkpoint,Pathway
Apoptosis,Pathway
Notch_signaling,Pathway
Hedgehog_signaling,Pathway
PI3K_Akt_mTOR_signaling,Pathway
mTORC1_signaling,Pathway
E2F_targets,Pathway
Epithelial_mesenchymal_transition,Pathway
Oxidative_phosphorylation,Pathway
Glycolysis,Pathway
Reactive_oxigen_species_pathway,Pathway
p53_pathway,Pathway
UV_response_up,Pathway
UV_response_down,Pathway
Angiogenesis,Pathway
KRAS_signaling_up,Pathway
KRAS_signaling_down,Pathway
Myc_targets,Pathway
Estrogen_response,Pathway
ERK_MAPK_Signaling,Pathway
HMGB1_Signaling,Pathway
ErbB_Signaling,Pathway
PTEN_Signaling,Pathway
PI3K_AKT_Signaling,Pathway
HER_2_Signaling_in_Breast_Cancer,Pathway
mTOR_Signaling,Pathway
AMPK_Signaling,Pathway
p38_MAPK_Signaling,Pathway
Myc_Mediated_Apoptosis_Signaling,Pathway
EGF_Signaling,Pathway
VEGF_Signaling,Pathway
Estrogen_Dependent_Breast_Cancer_Signaling,Pathway
TNFR1_Signaling,Pathway
ErbB2_ErbB3_Signaling,Pathway
UVC_Induced_MAPK_Signaling,Pathway
UVA_Induced_MAPK_Signaling,Pathway
UVB_Induced_MAPK_Signaling,Pathway
ERK5_Signaling,Pathway
Mismatch_Repair_in_Eukaryotes,Pathway
Telomere_Extension_by_Telomerase,Pathway
Barrier_genes,Pathway
MAPK_up_genes,Pathway
Phopholipase,Pathway
Proliferation,Pathway
PI3Kgamma_Signature,Pathway
NOS1_Signature,Pathway
SHC1/pSTAT3_Signature,Pathway
Hypoxia/Adenosine_Immune_Cell_Suppression,Pathway
Immunogenic_Cell_Death_(ICD),Pathway
HSC-like,CellType
Progenitor-like,CellType
GMP-like,CellType
Promono-like,CellType
Monocyte-like,CellType
cDC-like,CellType
M0,Module
M1,Module
M11,Module
M12,Module
M14,Module
M16,Module
M21,Module
M23,Module
M3,Module
M4,Module
M6,Module
M7,Module
M8,Module
M9,Module
DNMT3A_Mut,Mutation
TET2_Mut,Mutation
NRAS_Mut,Mutation
TP53_Mut,Mutation
RUNX1_Mut,Mutation
IDH2_Mut,Mutation
FLT3_Mut,Mutation
SRSF2_Mut,Mutation
WT1_Mut,Mutation
IDH1_Mut,Mutation
KRAS_Mut,Mutation
SF3B1_Mut,Mutation
U2AF1_Mut,Mutation
GATA2_Mut,Mutation
PTPN11_Mut,Mutation
NPM1_Mut,Mutation
STAG2_Mut,Mutation
CEBPA_Mut,Mutation
ASXL1_Mut,Mutation
BCOR_Mut,Mutation
PHF6_Mut,Mutation
JAK2_Mut,Mutation
NF1_Mut,Mutation
EZH2_Mut,Mutation
KIT_Mut,Mutation
CSF3R_Mut,Mutation
SMC1A_Mut,Mutation
RAD21_Mut,Mutation
CBL_Mut,Mutation
OTOP2_Mut,Mutation
SMC3_Mut,Mutation
IKZF1_Mut,Mutation
PDS5B_Mut,Mutation
SETBP1_Mut,Mutation
ZRSR2_Mut,Mutation
CCND3_Mut,Mutation
ACAN_Mut,Mutation
CSMD2_Mut,Mutation
PUF60_Mut,Mutation
MYH13_Mut,Mutation
TRRAP_Mut,Mutation
BRCC3_Mut,Mutation
TCHH_Mut,Mutation
DOCK7_Mut,Mutation
ADCY8_Mut,Mutation
SORCS2_Mut,Mutation
NFATC4_Mut,Mutation
TEX15_Mut,Mutation
MAMLD1_Mut,Mutation
BBS10_Mut,Mutation
RPAP1_Mut,Mutation
SH2D7_Mut,Mutation
DCDC1_Mut,Mutation
ATP8B3_Mut,Mutation
LPIN2_Mut,Mutation
MYB_Mut,Mutation
GJA8_Mut,Mutation
GRM4_Mut,Mutation
KCNH7_Mut,Mutation
GRM3_Mut,Mutation
UBR5_Mut,Mutation
ARHGEF10_Mut,Mutation
BCORL1_Mut,Mutation
ACOT2_Mut,Mutation
ETV6_Mut,Mutation
TENM2_Mut,Mutation
EP300_Mut,Mutation
JAK3_Mut,Mutation
NFIA_Mut,Mutation
TOPAZ1_Mut,Mutation
IGFN1_Mut,Mutation
BRAF_Mut,Mutation
PRPH_Mut,Mutation
MPL_Mut,Mutation
NOS1_Mut,Mutation
RBBP6_Mut,Mutation
RIT1_Mut,Mutation
DSCAM_Mut,Mutation
GNAS_Mut,Mutation
TMPRSS6_Mut,Mutation
CHD7_Mut,Mutation
CREBBP_Mut,Mutation
SYCP2_Mut,Mutation
HUNK_Mut,Mutation
MAP2_Mut,Mutation
RPGRIP1_Mut,Mutation
TCTN2_Mut,Mutation
MYO1A_Mut,Mutation
RIMS1_Mut,Mutation
NBEAL2_Mut,Mutation
PCDH1_Mut,Mutation
SPEG_Mut,Mutation
FILIP1_Mut,Mutation
CTCF_Mut,Mutation
FOLR4_Mut,Mutation
CNTNAP3B_Mut,Mutation
TSHZ2_Mut,Mutation
SERPINI1_Mut,Mutation
FER1L6_Mut,Mutation
NAV3_Mut,Mutation
HIST1H1C_Mut,Mutation
PAPPA2_Mut,Mutation
CHD2_Mut,Mutation
RANBP17_Mut,Mutation
SI_Mut,Mutation
FBLN2_Mut,Mutation
MYH14_Mut,Mutation
C6_Mut,Mutation
BRINP1_Mut,Mutation
DUOX1_Mut,Mutation
FRYL_Mut,Mutation
SCN5A_Mut,Mutation
COL12A1_Mut,Mutation
EPHA3_Mut,Mutation
SNCAIP_Mut,Mutation
PRPF8_Mut,Mutation
ADAMTSL1_Mut,Mutation
AS3MT_Mut,Mutation
SUSD5_Mut,Mutation
CHD6_Mut,Mutation
COL6A6_Mut,Mutation
MYO6_Mut,Mutation
UNC80_Mut,Mutation
HTR4_Mut,Mutation
WDR72_Mut,Mutation
MYO16_Mut,Mutation
KIF2B_Mut,Mutation
ATG2A_Mut,Mutation
BMP2K_Mut,Mutation
CALR_Mut,Mutation
TBL1XR1_Mut,Mutation
SETD2_Mut,Mutation
MYC_Mut,Mutation
TMEM132D_Mut,Mutation
KCNMA1_Mut,Mutation
RSPH6A_Mut,Mutation
CACNA2D3_Mut,Mutation
MXRA5_Mut,Mutation
SH3KBP1_Mut,Mutation
NUP98_Mut,Mutation
NFE2_Mut,Mutation
SUZ12_Mut,Mutation
WDR87_Mut,Mutation
LOXHD1_Mut,Mutation
ZFHX4_Mut,Mutation
SLC9B1P1_Mut,Mutation
RIN3_Mut,Mutation
UGT2B10_Mut,Mutation
GRIK2_Mut,Mutation
ZNF285_Mut,Mutation
STAG1_Mut,Mutation
NLRP1_Mut,Mutation
DGKI_Mut,Mutation
MMRN2_Mut,Mutation
EYS_Mut,Mutation
KAT6B_Mut,Mutation
PKD1L2_Mut,Mutation
GRIN2B_Mut,Mutation
SCN1A_Mut,Mutation
MSH2_Mut,Mutation
KIF26A_Mut,Mutation
PAPD7_Mut,Mutation
RIMBP3_Mut,Mutation
SEMA5A_Mut,Mutation
ABCC8_Mut,Mutation
PCDH15_Mut,Mutation
WDR52_Mut,Mutation
DMBT1_Mut,Mutation
OTOGL_Mut,Mutation
TBL3_Mut,Mutation
SGSM1_Mut,Mutation
TIAM1_Mut,Mutation
XIRP1_Mut,Mutation
RSL1D1_Mut,Mutation
BARHL1_Mut,Mutation
TPTE2_Mut,Mutation
AQR_Mut,Mutation
PPIL4_Mut,Mutation
NEO1_Mut,Mutation
TRPM3_Mut,Mutation
MED14_Mut,Mutation
MAN2C1_Mut,Mutation
IARS_Mut,Mutation
DOCK3_Mut,Mutation
INCENP_Mut,Mutation
MDM1_Mut,Mutation
PRKAR2B_Mut,Mutation
CLCA2_Mut,Mutation
CHI3L1_Mut,Mutation
SENP1_Mut,Mutation
MTUS2_Mut,Mutation
SCN9A_Mut,Mutation
DOCK4_Mut,Mutation
MED13_Mut,Mutation
EFCC1_Mut,Mutation
KDM5C_Mut,Mutation
AGR3_Mut,Mutation
XKR4_Mut,Mutation
CTSD_Mut,Mutation
SLC4A1_Mut,Mutation
SLC5A1_Mut,Mutation
FSTL1_Mut,Mutation
CCDC129_Mut,Mutation
SART1_Mut,Mutation
PIKFYVE_Mut,Mutation
WNT7B_Mut,Mutation
APBB2_Mut,Mutation
ADAMTS6_Mut,Mutation
CREB5_Mut,Mutation
SLC4A2_Mut,Mutation
SLC44A1_Mut,Mutation
HTR1D_Mut,Mutation
PGBD5_Mut,Mutation
SERPINA11_Mut,Mutation
PTPRS_Mut,Mutation
USP9X_Mut,Mutation
APCDD1_Mut,Mutation
FLNB_Mut,Mutation
SSC5D_Mut,Mutation
CADPS2_Mut,Mutation
POLQ_Mut,Mutation
TMC3_Mut,Mutation
CCDC141_Mut,Mutation
PXDNL_Mut,Mutation
NPR3_Mut,Mutation
SPRED2_Mut,Mutation
ARHGEF10L_Mut,Mutation
COL19A1_Mut,Mutation
LRRIQ1_Mut,Mutation
IMPG1_Mut,Mutation
A1CF_Mut,Mutation
ESPL1_Mut,Mutation
CA10_Mut,Mutation
SCN11A_Mut,Mutation
CHIA_Mut,Mutation
TNIK_Mut,Mutation
CAPN6_Mut,Mutation
HERC1_Mut,Mutation
RSAD2_Mut,Mutation
KLHL9_Mut,Mutation
LGALS13_Mut,Mutation
ROS1_Mut,Mutation
HUWE1_Mut,Mutation
WDFY4_Mut,Mutation
GRIN2A_Mut,Mutation
BAI3_Mut,Mutation
LRRN1_Mut,Mutation
TRPM1_Mut,Mutation
FAM135B_Mut,Mutation
POLI_Mut,Mutation
PLXNA4_Mut,Mutation
HIST1H3C_Mut,Mutation
MYO7B_Mut,Mutation
AMOTL2_Mut,Mutation
NRAP_Mut,Mutation
KPNB1_Mut,Mutation
CNTN4_Mut,Mutation
KAT2A_Mut,Mutation
GRIP1_Mut,Mutation
RAB33B_Mut,Mutation
ADAMTS15_Mut,Mutation
ZNF467_Mut,Mutation
CFP_Mut,Mutation
CTNNA2_Mut,Mutation
PC_Mut,Mutation
ADAMTS16_Mut,Mutation
CLTCL1_Mut,Mutation
PRKAG3_Mut,Mutation
UBTF_Mut,Mutation
DIAPH2_Mut,Mutation
TMEM132C_Mut,Mutation
SATB2_Mut,Mutation
TNS1_Mut,Mutation
HTR3D_Mut,Mutation
IBTK_Mut,Mutation
KIAA1549_Mut,Mutation
PPIC_Mut,Mutation
TSKS_Mut,Mutation
GLDC_Mut,Mutation
TTBK1_Mut,Mutation
CDH20_Mut,Mutation
EED_Mut,Mutation
GIT2_Mut,Mutation
KCNH6_Mut,Mutation
MAN2A2_Mut,Mutation
TENM4_Mut,Mutation
DPF2_Mut,Mutation
ADAMTS12_Mut,Mutation
KRT14_Mut,Mutation
FREM3_Mut,Mutation
COL22A1_Mut,Mutation
MAPK13_Mut,Mutation
SLC30A2_Mut,Mutation
CLPX_Mut,Mutation
CERS3_Mut,Mutation
PRR14_Mut,Mutation
PIGS_Mut,Mutation
PTPRA_Mut,Mutation
CACNA1D_Mut,Mutation
MARCH11_Mut,Mutation
EPB41L2_Mut,Mutation
SGK223_Mut,Mutation
HEPH_Mut,Mutation
NTRK3_Mut,Mutation
DLG3_Mut,Mutation
CARNS1_Mut,Mutation
CDON_Mut,Mutation
SLC13A1_Mut,Mutation
AARS2_Mut,Mutation
ULK1_Mut,Mutation
TGFBI_Mut,Mutation
CSN2_Mut,Mutation
CRHR2_Mut,Mutation
FGD6_Mut,Mutation
ATG2B_Mut,Mutation
GABRB3_Mut,Mutation
BTBD2_Mut,Mutation
RTL1_Mut,Mutation
AGBL1_Mut,Mutation
CYP2S1_Mut,Mutation
KCNB1_Mut,Mutation
HEG1_Mut,Mutation
NPAP1_Mut,Mutation
NR1H4_Mut,Mutation
TTC17_Mut,Mutation
A4GALT_Mut,Mutation
ROBO1_Mut,Mutation
SMR3B_Mut,Mutation
SPEF2_Mut,Mutation
WWC1_Mut,Mutation
TAF1L_Mut,Mutation
DSTYK_Mut,Mutation
ADARB2_Mut,Mutation
STK24_Mut,Mutation
SALL4_Mut,Mutation
TGFBR3_Mut,Mutation
LPIN3_Mut,Mutation
SLC12A1_Mut,Mutation
RIPK1_Mut,Mutation
SAMD7_Mut,Mutation
NPNT_Mut,Mutation
SPG11_Mut,Mutation
CNTNAP1_Mut,Mutation
RBMS1_Mut,Mutation
BMP3_Mut,Mutation
BRINP2_Mut,Mutation
TET1_Mut,Mutation
CYTIP_Mut,Mutation
PUM1_Mut,Mutation
ZNF644_Mut,Mutation
NLRP3_Mut,Mutation
BAIAP3_Mut,Mutation
REXO1_Mut,Mutation
ZNF518B_Mut,Mutation
KCNG4_Mut,Mutation
CDH24_Mut,Mutation
PPP1R3A_Mut,Mutation
KMT2D_Mut,Mutation
ADAMTS7_Mut,Mutation
CTNND2_Mut,Mutation
ZIC2_Mut,Mutation
CPS1_Mut,Mutation
CELSR2_Mut,Mutation
C2orf71_Mut,Mutation
ARID1B_Mut,Mutation
CRY1_Mut,Mutation
ZBTB47_Mut,Mutation
WDR43_Mut,Mutation
TRPM4_Mut,Mutation
MYT1_Mut,Mutation
FAM155A_Mut,Mutation
ZNF687_Mut,Mutation
SF3A1_Mut,Mutation
frameshift_variant,Mutation
missense_variant,Mutation
stop_gained,Mutation
inframe_deletion,Mutation
protein_altering_variant,Mutation
splice_acceptor_variant,Mutation
splice_donor_variant,Mutation
start_lost,Mutation
inframe_insertion,Mutation
stop_lost,Mutation
