Metadata	Feature_Name
Drug	MolecularWeight
Drug	XlogP
Drug	MFP0
Drug	MFP1
Drug	MFP2
Drug	MFP3
Drug	MFP4
Drug	MFP5
Drug	MFP6
Drug	MFP7
Drug	MFP8
Drug	MFP9
Drug	MFP10
Drug	MFP11
Drug	MFP12
Drug	MFP13
Drug	MFP14
Drug	MFP15
Drug	MFP16
Drug	MFP17
Drug	MFP18
Drug	MFP19
Drug	MFP20
Drug	MFP21
Drug	MFP22
Drug	MFP23
Drug	MFP24
Drug	MFP25
Drug	MFP26
Drug	MFP27
Drug	MFP28
Drug	MFP29
Drug	MFP30
Drug	MFP31
Drug	MFP32
Drug	MFP33
Drug	MFP34
Drug	MFP35
Drug	MFP36
Drug	MFP37
Drug	MFP38
Drug	MFP39
Drug	MFP40
Drug	MFP41
Drug	MFP42
Drug	MFP43
Drug	MFP44
Drug	MFP45
Drug	MFP46
Drug	MFP47
Drug	MFP48
Drug	MFP49
Drug	MFP50
Drug	MFP51
Drug	MFP52
Drug	MFP53
Drug	MFP54
Drug	MFP55
Drug	MFP56
Drug	MFP57
Drug	MFP58
Drug	MFP59
Drug	MFP60
Drug	MFP61
Drug	MFP62
Drug	MFP63
Drug	MFP64
Drug	MFP65
Drug	MFP66
Drug	MFP67
Drug	MFP68
Drug	MFP69
Drug	MFP70
Drug	MFP71
Drug	MFP72
Drug	MFP73
Drug	MFP74
Drug	MFP75
Drug	MFP76
Drug	MFP77
Drug	MFP78
Drug	MFP79
Drug	MFP80
Drug	MFP81
Drug	MFP82
Drug	MFP83
Drug	MFP84
Drug	MFP85
Drug	MFP86
Drug	MFP87
Drug	MFP88
Drug	MFP89
Drug	MFP90
Drug	MFP91
Drug	MFP92
Drug	MFP93
Drug	MFP94
Drug	MFP95
Drug	MFP96
Drug	MFP97
Drug	MFP98
Drug	MFP99
Drug	MFP100
Drug	MFP101
Drug	MFP102
Drug	MFP103
Drug	MFP104
Drug	MFP105
Drug	MFP106
Drug	MFP107
Drug	MFP108
Drug	MFP109
Drug	MFP110
Drug	MFP111
Drug	MFP112
Drug	MFP113
Drug	MFP114
Drug	MFP115
Drug	MFP116
Drug	MFP117
Drug	MFP118
Drug	MFP119
Drug	MFP120
Drug	MFP121
Drug	MFP122
Drug	MFP123
Drug	MFP124
Drug	MFP125
Drug	MFP126
Drug	MFP127
Drug	MFP128
Drug	MFP129
Drug	MFP130
Drug	MFP131
Drug	MFP132
Drug	MFP133
Drug	MFP134
Drug	MFP135
Drug	MFP136
Drug	MFP137
Drug	MFP138
Drug	MFP139
Drug	MFP140
Drug	MFP141
Drug	MFP142
Drug	MFP143
Drug	MFP144
Drug	MFP145
Drug	MFP146
Drug	MFP147
Drug	MFP148
Drug	MFP149
Drug	MFP150
Drug	MFP151
Drug	MFP152
Drug	MFP153
Drug	MFP154
Drug	MFP155
Drug	MFP156
Drug	MFP157
Drug	MFP158
Drug	MFP159
Drug	MFP160
Drug	MFP161
Drug	MFP162
Drug	MFP163
Drug	MFP164
Drug	MFP165
Drug	MFP166
Drug	MFP167
Drug	MFP168
Drug	MFP169
Drug	MFP170
Drug	MFP171
Drug	MFP172
Drug	MFP173
Drug	MFP174
Drug	MFP175
Drug	MFP176
Drug	MFP177
Drug	MFP178
Drug	MFP179
Drug	MFP180
Drug	MFP181
Drug	MFP182
Drug	MFP183
Drug	MFP184
Drug	MFP185
Drug	MFP186
Drug	MFP187
Drug	MFP188
Drug	MFP189
Drug	MFP190
Drug	MFP191
Drug	MFP192
Drug	MFP193
Drug	MFP194
Drug	MFP195
Drug	MFP196
Drug	MFP197
Drug	MFP198
Drug	MFP199
Drug	MFP200
Drug	MFP201
Drug	MFP202
Drug	MFP203
Drug	MFP204
Drug	MFP205
Drug	MFP206
Drug	MFP207
Drug	MFP208
Drug	MFP209
Drug	MFP210
Drug	MFP211
Drug	MFP212
Drug	MFP213
Drug	MFP214
Drug	MFP215
Drug	MFP216
Drug	MFP217
Drug	MFP218
Drug	MFP219
Drug	MFP220
Drug	MFP221
Drug	MFP222
Drug	MFP223
Drug	MFP224
Drug	MFP225
Drug	MFP226
Drug	MFP227
Drug	MFP228
Drug	MFP229
Drug	MFP230
Drug	MFP231
Drug	MFP232
Drug	MFP233
Drug	MFP234
Drug	MFP235
Drug	MFP236
Drug	MFP237
Drug	MFP238
Drug	MFP239
Drug	MFP240
Drug	MFP241
Drug	MFP242
Drug	MFP243
Drug	MFP244
Drug	MFP245
Drug	MFP246
Drug	MFP247
Drug	MFP248
Drug	MFP249
Drug	MFP250
Drug	MFP251
Drug	MFP252
Drug	MFP253
Drug	MFP254
Drug	MFP255
Drug	MFP256
Drug	MFP257
Drug	MFP258
Drug	MFP259
Drug	MFP260
Drug	MFP261
Drug	MFP262
Drug	MFP263
Drug	MFP264
Drug	MFP265
Drug	MFP266
Drug	MFP267
Drug	MFP268
Drug	MFP269
Drug	MFP270
Drug	MFP271
Drug	MFP272
Drug	MFP273
Drug	MFP274
Drug	MFP275
Drug	MFP276
Drug	MFP277
Drug	MFP278
Drug	MFP279
Drug	MFP280
Drug	MFP281
Drug	MFP282
Drug	MFP283
Drug	MFP284
Drug	MFP285
Drug	MFP286
Drug	MFP287
Drug	MFP288
Drug	MFP289
Drug	MFP290
Drug	MFP291
Drug	MFP292
Drug	MFP293
Drug	MFP294
Drug	MFP295
Drug	MFP296
Drug	MFP297
Drug	MFP298
Drug	MFP299
Drug	MFP300
Drug	MFP301
Drug	MFP302
Drug	MFP303
Drug	MFP304
Drug	MFP305
Drug	MFP306
Drug	MFP307
Drug	MFP308
Drug	MFP309
Drug	MFP310
Drug	MFP311
Drug	MFP312
Drug	MFP313
Drug	MFP314
Drug	MFP315
Drug	MFP316
Drug	MFP317
Drug	MFP318
Drug	MFP319
Drug	MFP320
Drug	MFP321
Drug	MFP322
Drug	MFP323
Drug	MFP324
Drug	MFP325
Drug	MFP326
Drug	MFP327
Drug	MFP328
Drug	MFP329
Drug	MFP330
Drug	MFP331
Drug	MFP332
Drug	MFP333
Drug	MFP334
Drug	MFP335
Drug	MFP336
Drug	MFP337
Drug	MFP338
Drug	MFP339
Drug	MFP340
Drug	MFP341
Drug	MFP342
Drug	MFP343
Drug	MFP344
Drug	MFP345
Drug	MFP346
Drug	MFP347
Drug	MFP348
Drug	MFP349
Drug	MFP350
Drug	MFP351
Drug	MFP352
Drug	MFP353
Drug	MFP354
Drug	MFP355
Drug	MFP356
Drug	MFP357
Drug	MFP358
Drug	MFP359
Drug	MFP360
Drug	MFP361
Drug	MFP362
Drug	MFP363
Drug	MFP364
Drug	MFP365
Drug	MFP366
Drug	MFP367
Drug	MFP368
Drug	MFP369
Drug	MFP370
Drug	MFP371
Drug	MFP372
Drug	MFP373
Drug	MFP374
Drug	MFP375
Drug	MFP376
Drug	MFP377
Drug	MFP378
Drug	MFP379
Drug	MFP380
Drug	MFP381
Drug	MFP382
Drug	MFP383
Drug	MFP384
Drug	MFP385
Drug	MFP386
Drug	MFP387
Drug	MFP388
Drug	MFP389
Drug	MFP390
Drug	MFP391
Drug	MFP392
Drug	MFP393
Drug	MFP394
Drug	MFP395
Drug	MFP396
Drug	MFP397
Drug	MFP398
Drug	MFP399
Drug	MFP400
Drug	MFP401
Drug	MFP402
Drug	MFP403
Drug	MFP404
Drug	MFP405
Drug	MFP406
Drug	MFP407
Drug	MFP408
Drug	MFP409
Drug	MFP410
Drug	MFP411
Drug	MFP412
Drug	MFP413
Drug	MFP414
Drug	MFP415
Drug	MFP416
Drug	MFP417
Drug	MFP418
Drug	MFP419
Drug	MFP420
Drug	MFP421
Drug	MFP422
Drug	MFP423
Drug	MFP424
Drug	MFP425
Drug	MFP426
Drug	MFP427
Drug	MFP428
Drug	MFP429
Drug	MFP430
Drug	MFP431
Drug	MFP432
Drug	MFP433
Drug	MFP434
Drug	MFP435
Drug	MFP436
Drug	MFP437
Drug	MFP438
Drug	MFP439
Drug	MFP440
Drug	MFP441
Drug	MFP442
Drug	MFP443
Drug	MFP444
Drug	MFP445
Drug	MFP446
Drug	MFP447
Drug	MFP448
Drug	MFP449
Drug	MFP450
Drug	MFP451
Drug	MFP452
Drug	MFP453
Drug	MFP454
Drug	MFP455
Drug	MFP456
Drug	MFP457
Drug	MFP458
Drug	MFP459
Drug	MFP460
Drug	MFP461
Drug	MFP462
Drug	MFP463
Drug	MFP464
Drug	MFP465
Drug	MFP466
Drug	MFP467
Drug	MFP468
Drug	MFP469
Drug	MFP470
Drug	MFP471
Drug	MFP472
Drug	MFP473
Drug	MFP474
Drug	MFP475
Drug	MFP476
Drug	MFP477
Drug	MFP478
Drug	MFP479
Drug	MFP480
Drug	MFP481
Drug	MFP482
Drug	MFP483
Drug	MFP484
Drug	MFP485
Drug	MFP486
Drug	MFP487
Drug	MFP488
Drug	MFP489
Drug	MFP490
Drug	MFP491
Drug	MFP492
Drug	MFP493
Drug	MFP494
Drug	MFP495
Drug	MFP496
Drug	MFP497
Drug	MFP498
Drug	MFP499
Drug	MFP500
Drug	MFP501
Drug	MFP502
Drug	MFP503
Drug	MFP504
Drug	MFP505
Drug	MFP506
Drug	MFP507
Drug	MFP508
Drug	MFP509
Drug	MFP510
Drug	MFP511
Drug	MFP512
Drug	MFP513
Drug	MFP514
Drug	MFP515
Drug	MFP516
Drug	MFP517
Drug	MFP518
Drug	MFP519
Drug	MFP520
Drug	MFP521
Drug	MFP522
Drug	MFP523
Drug	MFP524
Drug	MFP525
Drug	MFP526
Drug	MFP527
Drug	MFP528
Drug	MFP529
Drug	MFP530
Drug	MFP531
Drug	MFP532
Drug	MFP533
Drug	MFP534
Drug	MFP535
Drug	MFP536
Drug	MFP537
Drug	MFP538
Drug	MFP539
Drug	MFP540
Drug	MFP541
Drug	MFP542
Drug	MFP543
Drug	MFP544
Drug	MFP545
Drug	MFP546
Drug	MFP547
Drug	MFP548
Drug	MFP549
Drug	MFP550
Drug	MFP551
Drug	MFP552
Drug	MFP553
Drug	MFP554
Drug	MFP555
Drug	MFP556
Drug	MFP557
Drug	MFP558
Drug	MFP559
Drug	MFP560
Drug	MFP561
Drug	MFP562
Drug	MFP563
Drug	MFP564
Drug	MFP565
Drug	MFP566
Drug	MFP567
Drug	MFP568
Drug	MFP569
Drug	MFP570
Drug	MFP571
Drug	MFP572
Drug	MFP573
Drug	MFP574
Drug	MFP575
Drug	MFP576
Drug	MFP577
Drug	MFP578
Drug	MFP579
Drug	MFP580
Drug	MFP581
Drug	MFP582
Drug	MFP583
Drug	MFP584
Drug	MFP585
Drug	MFP586
Drug	MFP587
Drug	MFP588
Drug	MFP589
Drug	MFP590
Drug	MFP591
Drug	MFP592
Drug	MFP593
Drug	MFP594
Drug	MFP595
Drug	MFP596
Drug	MFP597
Drug	MFP598
Drug	MFP599
Drug	MFP600
Drug	MFP601
Drug	MFP602
Drug	MFP603
Drug	MFP604
Drug	MFP605
Drug	MFP606
Drug	MFP607
Drug	MFP608
Drug	MFP609
Drug	MFP610
Drug	MFP611
Drug	MFP612
Drug	MFP613
Drug	MFP614
Drug	MFP615
Drug	MFP616
Drug	MFP617
Drug	MFP618
Drug	MFP619
Drug	MFP620
Drug	MFP621
Drug	MFP622
Drug	MFP623
Drug	MFP624
Drug	MFP625
Drug	MFP626
Drug	MFP627
Drug	MFP628
Drug	MFP629
Drug	MFP630
Drug	MFP631
Drug	MFP632
Drug	MFP633
Drug	MFP634
Drug	MFP635
Drug	MFP636
Drug	MFP637
Drug	MFP638
Drug	MFP639
Drug	MFP640
Drug	MFP641
Drug	MFP642
Drug	MFP643
Drug	MFP644
Drug	MFP645
Drug	MFP646
Drug	MFP647
Drug	MFP648
Drug	MFP649
Drug	MFP650
Drug	MFP651
Drug	MFP652
Drug	MFP653
Drug	MFP654
Drug	MFP655
Drug	MFP656
Drug	MFP657
Drug	MFP658
Drug	MFP659
Drug	MFP660
Drug	MFP661
Drug	MFP662
Drug	MFP663
Drug	MFP664
Drug	MFP665
Drug	MFP666
Drug	MFP667
Drug	MFP668
Drug	MFP669
Drug	MFP670
Drug	MFP671
Drug	MFP672
Drug	MFP673
Drug	MFP674
Drug	MFP675
Drug	MFP676
Drug	MFP677
Drug	MFP678
Drug	MFP679
Drug	MFP680
Drug	MFP681
Drug	MFP682
Drug	MFP683
Drug	MFP684
Drug	MFP685
Drug	MFP686
Drug	MFP687
Drug	MFP688
Drug	MFP689
Drug	MFP690
Drug	MFP691
Drug	MFP692
Drug	MFP693
Drug	MFP694
Drug	MFP695
Drug	MFP696
Drug	MFP697
Drug	MFP698
Drug	MFP699
Drug	MFP700
Drug	MFP701
Drug	MFP702
Drug	MFP703
Drug	MFP704
Drug	MFP705
Drug	MFP706
Drug	MFP707
Drug	MFP708
Drug	MFP709
Drug	MFP710
Drug	MFP711
Drug	MFP712
Drug	MFP713
Drug	MFP714
Drug	MFP715
Drug	MFP716
Drug	MFP717
Drug	MFP718
Drug	MFP719
Drug	MFP720
Drug	MFP721
Drug	MFP722
Drug	MFP723
Drug	MFP724
Drug	MFP725
Drug	MFP726
Drug	MFP727
Drug	MFP728
Drug	MFP729
Drug	MFP730
Drug	MFP731
Drug	MFP732
Drug	MFP733
Drug	MFP734
Drug	MFP735
Drug	MFP736
Drug	MFP737
Drug	MFP738
Drug	MFP739
Drug	MFP740
Drug	MFP741
Drug	MFP742
Drug	MFP743
Drug	MFP744
Drug	MFP745
Drug	MFP746
Drug	MFP747
Drug	MFP748
Drug	MFP749
Drug	MFP750
Drug	MFP751
Drug	MFP752
Drug	MFP753
Drug	MFP754
Drug	MFP755
Drug	MFP756
Drug	MFP757
Drug	MFP758
Drug	MFP759
Drug	MFP760
Drug	MFP761
Drug	MFP762
Drug	MFP763
Drug	MFP764
Drug	MFP765
Drug	MFP766
Drug	MFP767
Drug	MFP768
Drug	MFP769
Drug	MFP770
Drug	MFP771
Drug	MFP772
Drug	MFP773
Drug	MFP774
Drug	MFP775
Drug	MFP776
Drug	MFP777
Drug	MFP778
Drug	MFP779
Drug	MFP780
Drug	MFP781
Drug	MFP782
Drug	MFP783
Drug	MFP784
Drug	MFP785
Drug	MFP786
Drug	MFP787
Drug	MFP788
Drug	MFP789
Drug	MFP790
Drug	MFP791
Drug	MFP792
Drug	MFP793
Drug	MFP794
Drug	MFP795
Drug	MFP796
Drug	MFP797
Drug	MFP798
Drug	MFP799
Drug	MFP800
Drug	MFP801
Drug	MFP802
Drug	MFP803
Drug	MFP804
Drug	MFP805
Drug	MFP806
Drug	MFP807
Drug	MFP808
Drug	MFP809
Drug	MFP810
Drug	MFP811
Drug	MFP812
Drug	MFP813
Drug	MFP814
Drug	MFP815
Drug	MFP816
Drug	MFP817
Drug	MFP818
Drug	MFP819
Drug	MFP820
Drug	MFP821
Drug	MFP822
Drug	MFP823
Drug	MFP824
Drug	MFP825
Drug	MFP826
Drug	MFP827
Drug	MFP828
Drug	MFP829
Drug	MFP830
Drug	MFP831
Drug	MFP832
Drug	MFP833
Drug	MFP834
Drug	MFP835
Drug	MFP836
Drug	MFP837
Drug	MFP838
Drug	MFP839
Drug	MFP840
Drug	MFP841
Drug	MFP842
Drug	MFP843
Drug	MFP844
Drug	MFP845
Drug	MFP846
Drug	MFP847
Drug	MFP848
Drug	MFP849
Drug	MFP850
Drug	MFP851
Drug	MFP852
Drug	MFP853
Drug	MFP854
Drug	MFP855
Drug	MFP856
Drug	MFP857
Drug	MFP858
Drug	MFP859
Drug	MFP860
Drug	MFP861
Drug	MFP862
Drug	MFP863
Drug	MFP864
Drug	MFP865
Drug	MFP866
Drug	MFP867
Drug	MFP868
Drug	MFP869
Drug	MFP870
Drug	MFP871
Drug	MFP872
Drug	MFP873
Drug	MFP874
Drug	MFP875
Drug	MFP876
Drug	MFP877
Drug	MFP878
Drug	MFP879
Drug	MFP880
Drug	MFP881
Drug	MFP882
Drug	MFP883
Drug	MFP884
Drug	MFP885
Drug	MFP886
Drug	MFP887
Drug	MFP888
Drug	MFP889
Drug	MFP890
Drug	MFP891
Drug	MFP892
Drug	MFP893
Drug	MFP894
Drug	MFP895
Drug	MFP896
Drug	MFP897
Drug	MFP898
Drug	MFP899
Drug	MFP900
Drug	MFP901
Drug	MFP902
Drug	MFP903
Drug	MFP904
Drug	MFP905
Drug	MFP906
Drug	MFP907
Drug	MFP908
Drug	MFP909
Drug	MFP910
Drug	MFP911
Drug	MFP912
Drug	MFP913
Drug	MFP914
Drug	MFP915
Drug	MFP916
Drug	MFP917
Drug	MFP918
Drug	MFP919
Drug	MFP920
Drug	MFP921
Drug	MFP922
Drug	MFP923
Drug	MFP924
Drug	MFP925
Drug	MFP926
Drug	MFP927
Drug	MFP928
Drug	MFP929
Drug	MFP930
Drug	MFP931
Drug	MFP932
Drug	MFP933
Drug	MFP934
Drug	MFP935
Drug	MFP936
Drug	MFP937
Drug	MFP938
Drug	MFP939
Drug	MFP940
Drug	MFP941
Drug	MFP942
Drug	MFP943
Drug	MFP944
Drug	MFP945
Drug	MFP946
Drug	MFP947
Drug	MFP948
Drug	MFP949
Drug	MFP950
Drug	MFP951
Drug	MFP952
Drug	MFP953
Drug	MFP954
Drug	MFP955
Drug	MFP956
Drug	MFP957
Drug	MFP958
Drug	MFP959
Drug	MFP960
Drug	MFP961
Drug	MFP962
Drug	MFP963
Drug	MFP964
Drug	MFP965
Drug	MFP966
Drug	MFP967
Drug	MFP968
Drug	MFP969
Drug	MFP970
Drug	MFP971
Drug	MFP972
Drug	MFP973
Drug	MFP974
Drug	MFP975
Drug	MFP976
Drug	MFP977
Drug	MFP978
Drug	MFP979
Drug	MFP980
Drug	MFP981
Drug	MFP982
Drug	MFP983
Drug	MFP984
Drug	MFP985
Drug	MFP986
Drug	MFP987
Drug	MFP988
Drug	MFP989
Drug	MFP990
Drug	MFP991
Drug	MFP992
Drug	MFP993
Drug	MFP994
Drug	MFP995
Drug	MFP996
Drug	MFP997
Drug	MFP998
Drug	MFP999
Drug	MFP1000
Drug	MFP1001
Drug	MFP1002
Drug	MFP1003
Drug	MFP1004
Drug	MFP1005
Drug	MFP1006
Drug	MFP1007
Drug	MFP1008
Drug	MFP1009
Drug	MFP1010
Drug	MFP1011
Drug	MFP1012
Drug	MFP1013
Drug	MFP1014
Drug	MFP1015
Drug	MFP1016
Drug	MFP1017
Drug	MFP1018
Drug	MFP1019
Drug	MFP1020
Drug	MFP1021
Drug	MFP1022
Drug	MFP1023
Drug_Patient	AUC_HMHypoxia
Drug_Patient	AUC_HMMitoticspindle
Drug_Patient	AUC_HMWntbetacateninsignaling
Drug_Patient	AUC_HMTGFbetasignaling
Drug_Patient	AUC_HMDNArepair
Drug_Patient	AUC_HMG2Mcheckpoint
Drug_Patient	AUC_HMApoptosis
Drug_Patient	AUC_HMNotchsignaling
Drug_Patient	AUC_HMHedgehogsignaling
Drug_Patient	AUC_HMPI3KAktmTORsignaling
Drug_Patient	AUC_HMmTORC1signaling
Drug_Patient	AUC_HME2Ftargets
Drug_Patient	AUC_HMEpithelialmesenchymaltransition
Drug_Patient	AUC_HMOxidativephosphorylation
Drug_Patient	AUC_HMGlycolysis
Drug_Patient	AUC_HMReactiveoxigenspeciespathway
Drug_Patient	AUC_HMp53pathway
Drug_Patient	AUC_HMUVresponseup
Drug_Patient	AUC_HMUVresponsedown
Drug_Patient	AUC_HMAngiogenesis
Drug_Patient	AUC_HMKRASsignalingup
Drug_Patient	AUC_HMKRASsignalingdown
Drug_Patient	AUC_HMMyctargets
Drug_Patient	AUC_HMEstrogenresponse
Drug_Patient	AUC_IPAERKMAPKSignaling
Drug_Patient	AUC_IPAHMGB1Signaling
Drug_Patient	AUC_IPAErbBSignaling
Drug_Patient	AUC_IPAPTENSignaling
Drug_Patient	AUC_IPAPI3KAKTSignaling
Drug_Patient	AUC_IPAHER2SignalinginBreastCancer
Drug_Patient	AUC_IPAmTORSignaling
Drug_Patient	AUC_IPAAMPKSignaling
Drug_Patient	AUC_IPAp38MAPKSignaling
Drug_Patient	AUC_IPAMycMediatedApoptosisSignaling
Drug_Patient	AUC_IPAEGFSignaling
Drug_Patient	AUC_IPAVEGFSignaling
Drug_Patient	AUC_IPAEstrogenDependentBreastCancerSignaling
Drug_Patient	AUC_IPATNFR1Signaling
Drug_Patient	AUC_IPAErbB2ErbB3Signaling
Drug_Patient	AUC_IPAUVCInducedMAPKSignaling
Drug_Patient	AUC_IPAUVAInducedMAPKSignaling
Drug_Patient	AUC_IPAUVBInducedMAPKSignaling
Drug_Patient	AUC_IPAERK5Signaling
Drug_Patient	AUC_IPAMismatchRepairinEukaryotes
Drug_Patient	AUC_IPATelomereExtensionbyTelomerase
Drug_Patient	AUC_TBIBarriergenes
Drug_Patient	AUC_TBIMAPKupgenes
Drug_Patient	AUC_TBIPhopholipase
Drug_Patient	AUC_LMProliferation
Drug_Patient	AUC_TPWPI3KgammaSignature
Drug_Patient	AUC_TPWNOS1Signature
Drug_Patient	AUC_TPWSHC1pSTAT3Signature
Drug_Patient	AUC_TPWHypoxiaAdenosineImmuneCellSuppression
Drug_Patient	AUC_TPWImmunogenicCellDeathICD
Patient	LASP1
Patient	HOXA11
Patient	CREBBP_x
Patient	ETV1
Patient	GAS7
Patient	CD79B
Patient	BTK
Patient	BRCA1
Patient	WAS
Patient	WWTR1
Patient	CD74
Patient	BIRC3
Patient	FAS
Patient	BCLAF1
Patient	ANK1
Patient	RABEP1
Patient	ZCCHC8
Patient	CUL3
Patient	FLT4
Patient	CDH1
Patient	TNC
Patient	CTNNA1
Patient	PREX2
Patient	TPR
Patient	GOPC
Patient	TNFRSF17
Patient	SNX29
Patient	ELN
Patient	ARID1B_x
Patient	HERPUD1
Patient	POLQ_x
Patient	PIK3CB
Patient	THRAP3
Patient	KMT2C
Patient	PRDM1
Patient	POLD1
Patient	CASP8
Patient	PMS1
Patient	NTHL1
Patient	ERBB3
Patient	SPEN
Patient	MAP2K4
Patient	SMARCD1
Patient	GOLGA5
Patient	FGFR2
Patient	KLF6
Patient	RHOA
Patient	CBFB
Patient	FGFR3
Patient	TFE3
Patient	BCL3
Patient	CLTCL1_x
Patient	FSTL3
Patient	PABPC1
Patient	TCF3
Patient	PRKACA
Patient	TFRC
Patient	AFF4
Patient	SMC1A_x
Patient	FCGR2B
Patient	TP63
Patient	SDHA
Patient	SMARCE1
Patient	KDM5A
Patient	IGF2BP2
Patient	MAP3K13
Patient	PICALM
Patient	EED_x
Patient	ARHGEF10L_x
Patient	MLH1
Patient	NT5C2
Patient	NFKB2
Patient	FGFR1
Patient	ARAF
Patient	N4BP2
Patient	HOXA9
Patient	MLLT10
Patient	PCM1
Patient	CIC
Patient	DNM2
Patient	KEAP1
Patient	HSP90AA1
Patient	PTPRC
Patient	ERC1
Patient	XPO1
Patient	PALB2
Patient	KAT6A
Patient	CYLD
Patient	FAT1
Patient	NCOA1
Patient	BCORL1_x
Patient	ATRX
Patient	MECOM
Patient	EPS15
Patient	BAX
Patient	GNAS_x
Patient	CNOT3
Patient	GNA11
Patient	FUS
Patient	CD209
Patient	FH
Patient	ESR1
Patient	EZR
Patient	MSH2_x
Patient	MAP3K1
Patient	HSP90AB1
Patient	JAK2_x
Patient	ABL1
Patient	LZTR1
Patient	SMARCB1
Patient	MAPK1
Patient	PATZ1
Patient	PDGFB
Patient	MYH9
Patient	EP300_x
Patient	NIN
Patient	HIF1A
Patient	DICER1
Patient	TCL1A
Patient	CCNB1IP1
Patient	TRIP11
Patient	ARHGAP5
Patient	NFATC2
Patient	SALL4_x
Patient	PTK6
Patient	CRNKL1
Patient	STAG2_x
Patient	ELF4
Patient	GATA1
Patient	CTCF_x
Patient	AXIN1
Patient	TSC2
Patient	IL21R
Patient	NBN
Patient	IKBKB
Patient	EIF3E
Patient	NDRG1
Patient	UBR5_x
Patient	LEPROTL1
Patient	ARHGEF10_x
Patient	ERCC2
Patient	LYL1
Patient	CCNE1
Patient	AKT2
Patient	CD79A
Patient	PPP2R1A
Patient	TFPT
Patient	JAK3_x
Patient	ELL
Patient	CRTC1
Patient	CDK6
Patient	MET
Patient	HOXA13
Patient	EZH2_x
Patient	SFRP4
Patient	GATA3
Patient	BMPR1A
Patient	CPEB3
Patient	SUFU
Patient	LARP4B
Patient	CCDC6
Patient	MLLT6
Patient	RNF43
Patient	DDX5
Patient	COL1A1
Patient	HLF
Patient	PRKAR1A
Patient	YWHAE
Patient	CHIC2
Patient	FBXW7
Patient	ZBTB16
Patient	CCND1
Patient	DDX6
Patient	CBL_x
Patient	CARS
Patient	NUP98_x
Patient	POU2AF1
Patient	PPFIBP1
Patient	PRPF40B
Patient	BCL7A
Patient	GLI1
Patient	SH2B3
Patient	ALDH2
Patient	CDKN1B
Patient	CHD4
Patient	PTPN6
Patient	FANCE
Patient	SRSF3
Patient	CCNC
Patient	QKI
Patient	TFEB
Patient	CCND3_x
Patient	ITK
Patient	DROSHA
Patient	GOLPH3
Patient	SUB1
Patient	LIFR
Patient	PDGFRB
Patient	BCL6
Patient	TFG
Patient	CBLB
Patient	FOXP1
Patient	ACVR1
Patient	SF3B1_x
Patient	BIRC6
Patient	STRN
Patient	EPAS1
Patient	NFE2L2
Patient	MSH6
Patient	BCL9
Patient	RPL22
Patient	SFPQ
Patient	PRDM2
Patient	MYCL
Patient	AKT3
Patient	SDHB
Patient	ID3
Patient	MPL_x
Patient	ARID1A
Patient	STAG1_x
Patient	STK11
Patient	KMT2A
Patient	CREB1
Patient	TNFAIP3
Patient	MYB_x
Patient	SGK1
Patient	FOXO3
Patient	CCND2
Patient	SET
Patient	CNTRL
Patient	PPP6C
Patient	NR4A3
Patient	CSF3R_x
Patient	KDSR
Patient	DNMT3A_x
Patient	BCL11A
Patient	CD274
Patient	KCNJ5
Patient	SPOP
Patient	CEP89
Patient	ZMYM2
Patient	PIK3CA
Patient	CXCR4
Patient	ACVR2A
Patient	FLT3_x
Patient	RPL5
Patient	PMS2
Patient	HNRNPA2B1
Patient	FKBP9
Patient	KIAA1549_x
Patient	TRIM24
Patient	CDKN2C
Patient	ATF1
Patient	STIL
Patient	ACSL3
Patient	SDC4
Patient	PLCG1
Patient	USP9X_x
Patient	HIST1H3B
Patient	CDKN1A
Patient	DEK
Patient	SEPT6
Patient	PAX8
Patient	MAX
Patient	KDM5C_x
Patient	CCR7
Patient	BCL2L12
Patient	SBDS
Patient	ZNF384
Patient	KTN1
Patient	NUP214
Patient	MAP2K2
Patient	BCL11B
Patient	PTPRB
Patient	SMARCA4
Patient	AKAP9
Patient	HIP1
Patient	KDR
Patient	DGCR8
Patient	SPECC1
Patient	POT1
Patient	SMO
Patient	KNSTRN
Patient	USP6
Patient	FOXA1
Patient	CBFA2T3
Patient	MLLT1
Patient	MNX1
Patient	CLIP1
Patient	ZNF331
Patient	LATS1
Patient	TRAF7
Patient	RARA
Patient	DNAJB1
Patient	RAF1
Patient	PPARG
Patient	H3F3B
Patient	MUTYH
Patient	CASP9
Patient	MYH11
Patient	BTG1
Patient	KRAS_x
Patient	MEN1
Patient	VHL
Patient	NOTCH2
Patient	MYCN
Patient	IL6ST
Patient	CDC73
Patient	DDB2
Patient	PDGFRA
Patient	ERCC5
Patient	APC
Patient	TBX3
Patient	LMO2
Patient	CDK4
Patient	ACVR1B
Patient	TEC
Patient	MDM2
Patient	TMEM127
Patient	USP44
Patient	LCP1
Patient	RAC1
Patient	BRIP1
Patient	KAT7
Patient	ABI1
Patient	KLF4
Patient	XPA
Patient	MYC_x
Patient	PIM1
Patient	IRF4
Patient	HMGA1
Patient	NUMA1
Patient	FBXO11
Patient	CYP2C8
Patient	NCOA4
Patient	TET1_x
Patient	ATIC
Patient	BARD1
Patient	IDH1_x
Patient	ITGAV
Patient	USP8
Patient	RAP1GDS1
Patient	LEF1
Patient	ETV6_x
Patient	ETNK1
Patient	COL2A1
Patient	BRCA2
Patient	RB1
Patient	SETD1B
Patient	TCF12
Patient	NCOA2
Patient	PML
Patient	POLG
Patient	NTRK3_x
Patient	CRTC3
Patient	ZFHX3
Patient	CDH11
Patient	NCOR1
Patient	CLTC
Patient	SS18
Patient	SMAD4
Patient	ERBB2
Patient	BRD4
Patient	VAV1
Patient	SH3GL1
Patient	AKT1
Patient	PRDM16
Patient	BCL10
Patient	SDHC
Patient	PRCC
Patient	ABL2
Patient	SETDB1
Patient	ARNT
Patient	TPM3
Patient	EML4
Patient	ASXL2
Patient	AFF3
Patient	ACKR3
Patient	FANCD2
Patient	LPP
Patient	MUC4
Patient	FIP1L1
Patient	PIK3R1
Patient	ARHGAP26
Patient	NFKBIE
Patient	EGFR
Patient	KDM6A
Patient	MSN
Patient	ZMYM3
Patient	NONO
Patient	GPC3
Patient	RPL10
Patient	RSPO2
Patient	NFIB
Patient	CDKN2A
Patient	NOTCH1
Patient	ZEB1
Patient	TCF7L2
Patient	ATM
Patient	HMGA2
Patient	LATS2
Patient	FOXO1
Patient	EXT2
Patient	VTI1A
Patient	FLI1
Patient	CYSLTR2
Patient	SETBP1_x
Patient	PTPRK
Patient	RAD17
Patient	RGPD3
Patient	RANBP2
Patient	PTPRD
Patient	JAZF1
Patient	MSI2
Patient	XPC
Patient	FLCN
Patient	GNAQ
Patient	PHF6_x
Patient	KAT6B_x
Patient	BUB1B
Patient	EIF4A2
Patient	NRG1
Patient	CACNA1D_x
Patient	KIT_x
Patient	ERG
Patient	CREB3L1
Patient	BRAF_x
Patient	TNFRSF14
Patient	SKI
Patient	FANCC
Patient	ELK4
Patient	SLC45A3
Patient	BTG2
Patient	FAM131B
Patient	ARHGAP35
Patient	U2AF1_x
Patient	RALGDS
Patient	LMNA
Patient	FGFR4
Patient	RECQL4
Patient	IKZF3
Patient	SRSF2_x
Patient	TAL1
Patient	JAK1
Patient	FUBP1
Patient	DDR2
Patient	RBM15
Patient	REL
Patient	H3F3A
Patient	ERCC3
Patient	ATP1A1
Patient	ELF3
Patient	TGFBR2
Patient	FBLN2_x
Patient	PTPN13
Patient	GMPS
Patient	RPN1
Patient	BAP1
Patient	PBRM1
Patient	CASP3
Patient	EBF1
Patient	TERT
Patient	ACSL6
Patient	HEY1
Patient	RAD21_x
Patient	COX6C
Patient	PSIP1
Patient	SYK
Patient	WNK2
Patient	FAT3
Patient	WRN
Patient	TSHR
Patient	CDX2
Patient	NSD1
Patient	TSC1
Patient	RET
Patient	PRKCB
Patient	B2M
Patient	NAB2
Patient	STAT6
Patient	SMAD3
Patient	CDK12
Patient	TPM4
Patient	KMT2D_x
Patient	SDHAF2
Patient	CTNNB1
Patient	FADD
Patient	PAFAH1B2
Patient	HOOK3
Patient	RFWD3
Patient	RHOH
Patient	FEN1
Patient	COL3A1
Patient	STAT3
Patient	AXIN2
Patient	IL7R
Patient	LRP1B
Patient	TET2_x
Patient	MAP2K1
Patient	AR
Patient	MN1
Patient	ZRSR2_x
Patient	PCBP1
Patient	ASPSCR1
Patient	CNBP
Patient	BRD3
Patient	PWWP2A
Patient	MGMT
Patient	KIF5B
Patient	CHCHD7
Patient	PPM1D
Patient	CANT1
Patient	CHST11
Patient	GPHN
Patient	CAMTA1
Patient	BCL2
Patient	MLLT3
Patient	PTEN
Patient	MALT1
Patient	CLP1
Patient	AFF1
Patient	TAF15
Patient	NBEA
Patient	MYD88
Patient	CHD2_x
Patient	EIF1AX
Patient	STAT5B
Patient	RNF213
Patient	CNTNAP2
Patient	HRAS
Patient	ATR
Patient	DDIT3
Patient	SMAD2
Patient	ERCC4
Patient	RMI2
Patient	ETV4
Patient	POLE
Patient	TBL1XR1_x
Patient	JUN
Patient	MLF1
Patient	PDE4DIP
Patient	DDX10
Patient	CD28
Patient	MAF
Patient	SUZ12_x
Patient	PER1
Patient	CALR_x
Patient	PTPN11_x
Patient	GATA2_x
Patient	HMGN2P46
Patient	GPC5
Patient	CIITA
Patient	APOBEC3B
Patient	MB21D2
Patient	PRF1
Patient	MUC16
Patient	POLR2A
Patient	SETD2_x
Patient	PLAG1
Patient	IDH2_x
Patient	CREB3L2
Patient	P2RY8
Patient	RAD51B
Patient	EXT1
Patient	FES
Patient	CSF1R
Patient	LCK
Patient	RBM10
Patient	EWSR1
Patient	FANCF
Patient	BCOR_x
Patient	ZNRF3
Patient	MACC1
Patient	CHEK2
Patient	CCR4
Patient	PRKD1
Patient	MAML2
Patient	SS18L1
Patient	FOXO4
Patient	MED12
Patient	SEPT9
Patient	AMER1
Patient	SEPT5
Patient	WT1_x
Patient	ROBO2
Patient	SOCS1
Patient	MUC1
Patient	PBX1
Patient	IKZF1_x
Patient	PTCH1
Patient	BCL9L
Patient	NF2
Patient	BCR
Patient	MITF
Patient	FNBP1
Patient	TCEA1
Patient	FANCA
Patient	NUTM2B
Patient	ARID2
Patient	FHIT
Patient	PAX5
Patient	FAT4
Patient	SRGAP3
Patient	TRRAP_x
Patient	NCOR2
Patient	NACA
Patient	NF1_x
Patient	ARHGEF12
Patient	FLNA
Patient	ZNF429
Patient	SRC
Patient	SND1
Patient	BLM
Patient	TRIM33
Patient	MYO5A
Patient	PDCD1LG2
Patient	MDS2
Patient	SIRPA
Patient	CARD11
Patient	HIST1H4I
Patient	NTRK1
Patient	CTNND1
Patient	BAZ1A
Patient	MDM4
Patient	MTOR
Patient	ZNF521
Patient	TOP1
Patient	MAFB
Patient	DAXX
Patient	SDHD
Patient	TRIM27
Patient	DCTN1
Patient	TMSB4X
Patient	CRLF2
Patient	OLIG2
Patient	HLAA
Patient	FGFR1OP
Patient	MLLT11
Patient	NRAS_x
Patient	NCKIPSD
Patient	NUTM2D
Patient	MTCP1
Patient	DDX3X
Patient	FANCG
Patient	ETV5
Patient	CEBPA_x
Patient	MALAT1
Patient	LYN
Patient	LSM14A
Patient	CUX1
Patient	C15orf65
Patient	SLC4A1_x
Patient	THSD7A
Patient	PRSS21
Patient	PROM1
Patient	LTF
Patient	KDM5D
Patient	VCAN
Patient	DSG2
Patient	FOXC1
Patient	SNCAIP_x
Patient	DDX3Y
Patient	ZFY
Patient	GPC4
Patient	SPAG6
Patient	ADCY2
Patient	CEACAM6
Patient	ADAMTS2
Patient	MMP2
Patient	PHACTR3
Patient	CRISP3
Patient	PRKY
Patient	LGALS2
Patient	CHRDL1
Patient	OLFM4
Patient	MSLN
Patient	HOXA3
Patient	HOXA5
Patient	HOXA6
Patient	NPTX2
Patient	DNTT
Patient	CXCL12
Patient	HOXB6
Patient	CCL2
Patient	PPARGC1A
Patient	MDFI
Patient	PRLR
Patient	USP9Y
Patient	FN1
Patient	MMP8
Patient	NKX23
Patient	HOXB8
Patient	HOXB5
Patient	HOXB3
Patient	EPX
Patient	DPPA4
Patient	KIAA0087
Patient	HOXA7
Patient	CEACAM8
Patient	EREG
Patient	LAMP5
Patient	RPS4Y1
Patient	PXDN
Patient	TXLNG2P
Patient	BEX1
Patient	MYO18B
Patient	CA1
Patient	GSTM1
Patient	DSC2
Patient	THBS1
Patient	CDC42BPA
Patient	MEIS1
Patient	DDIT4L
Patient	ST18
Patient	LCN2
Patient	LPHN3
Patient	DOCK1
Patient	POU4F1
Patient	IGSF10
Patient	GJA1
Patient	PLEKHG4B
Patient	FGD5
Patient	PIEZO2
Patient	RBPMS
Patient	CLSTN2
Patient	ALAS2
Patient	HPGDS
Patient	DEFA4
Patient	DEFB1
Patient	CYYR1
Patient	SCN9A_x
Patient	AHSP
Patient	GYPA
Patient	CDH2
Patient	GTSF1
Patient	HOXB9
Patient	TRH
Patient	RXFP1
Patient	LAMB2
Patient	ARPP21
Patient	CSPG4
Patient	CD34
Patient	C20orf166AS1
Patient	DPP10
Patient	KCNE1L
Patient	TTTY14
Patient	IRX5
Patient	LINC00982
Patient	IRX3
Patient	CDH4
Patient	MKRN3
Patient	SLITRK4
Patient	SAGE1
Patient	NDN
Patient	GPC6
Patient	WT1AS
Patient	UTY
Patient	DLK1
Patient	PRAME
Patient	CD300E
Patient	COL4A5
Patient	HBA2
Patient	S100A16
Patient	PAX8AS1
Patient	EIF1AY
Patient	CES1
Patient	ZFP57
Patient	CASC10
Patient	CD177
Patient	DEFA1
Patient	MEG3
Patient	AC0167351
Patient	AL5897431
Patient	AC0918142
Patient	XIST
Patient	RP11388P92
Patient	HOXBAS3
Patient	AC1048094
Patient	TTTY15
Patient	DEFA3
Patient	DEFA1B
Patient	HOXA11AS
Patient	IL12AAS1
Patient	HBB
Patient	KIAA1456
Patient	RP11704M141
Patient	IGKV223
Patient	RP11129J122
Patient	RP11497G192
Patient	RP11497G191
Patient	RP11424G141
Patient	AC0047912
Patient	RP11114I84
Patient	Tsne1
Patient	Tsne2
Patient	overallSurvival
Patient	HMHypoxia
Patient	HMMitoticspindle
Patient	HMWntbetacateninsignaling
Patient	HMTGFbetasignaling
Patient	HMDNArepair
Patient	HMG2Mcheckpoint
Patient	HMApoptosis
Patient	HMNotchsignaling
Patient	HMHedgehogsignaling
Patient	HMPI3KAktmTORsignaling
Patient	HMmTORC1signaling
Patient	HME2Ftargets
Patient	HMEpithelialmesenchymaltransition
Patient	HMOxidativephosphorylation
Patient	HMGlycolysis
Patient	HMReactiveoxigenspeciespathway
Patient	HMp53pathway
Patient	HMUVresponseup
Patient	HMUVresponsedown
Patient	HMAngiogenesis
Patient	HMKRASsignalingup
Patient	HMKRASsignalingdown
Patient	HMMyctargets
Patient	HMEstrogenresponse
Patient	IPAERKMAPKSignaling
Patient	IPAHMGB1Signaling
Patient	IPAErbBSignaling
Patient	IPAPTENSignaling
Patient	IPAPI3KAKTSignaling
Patient	IPAHER2SignalinginBreastCancer
Patient	IPAmTORSignaling
Patient	IPAAMPKSignaling
Patient	IPAp38MAPKSignaling
Patient	IPAMycMediatedApoptosisSignaling
Patient	IPAEGFSignaling
Patient	IPAVEGFSignaling
Patient	IPAEstrogenDependentBreastCancerSignaling
Patient	IPATNFR1Signaling
Patient	IPAErbB2ErbB3Signaling
Patient	IPAUVCInducedMAPKSignaling
Patient	IPAUVAInducedMAPKSignaling
Patient	IPAUVBInducedMAPKSignaling
Patient	IPAERK5Signaling
Patient	IPAMismatchRepairinEukaryotes
Patient	IPATelomereExtensionbyTelomerase
Patient	TBIBarriergenes
Patient	TBIMAPKupgenes
Patient	TBIPhopholipase
Patient	LMProliferation
Patient	TPWPI3KgammaSignature
Patient	TPWNOS1Signature
Patient	TPWSHC1pSTAT3Signature
Patient	TPWHypoxiaAdenosineImmuneCellSuppression
Patient	TPWImmunogenicCellDeathICD
Patient	HSClike
Patient	Progenitorlike
Patient	GMPlike
Patient	Promonolike
Patient	Monocytelike
Patient	cDClike
Patient	M0
Patient	M1
Patient	M11
Patient	M12
Patient	M14
Patient	M16
Patient	M21
Patient	M23
Patient	M3
Patient	M4
Patient	M6
Patient	M7
Patient	M8
Patient	M9
Patient	DNMT3A_y
Patient	TET2_y
Patient	NRAS_y
Patient	TP53
Patient	RUNX1
Patient	IDH2_y
Patient	FLT3_y
Patient	SRSF2_y
Patient	WT1_y
Patient	IDH1_y
Patient	KRAS_y
Patient	SF3B1_y
Patient	U2AF1_y
Patient	GATA2_y
Patient	PTPN11_y
Patient	NPM1
Patient	STAG2_y
Patient	CEBPA_y
Patient	ASXL1
Patient	BCOR_y
Patient	PHF6_y
Patient	JAK2_y
Patient	NF1_y
Patient	EZH2_y
Patient	KIT_y
Patient	CSF3R_y
Patient	SMC1A_y
Patient	RAD21_y
Patient	CBL_y
Patient	OTOP2
Patient	SMC3
Patient	IKZF1_y
Patient	PDS5B
Patient	SETBP1_y
Patient	ZRSR2_y
Patient	CCND3_y
Patient	ACAN
Patient	CSMD2
Patient	PUF60
Patient	MYH13
Patient	TRRAP_y
Patient	BRCC3
Patient	TCHH
Patient	DOCK7
Patient	ADCY8
Patient	SORCS2
Patient	NFATC4
Patient	TEX15
Patient	MAMLD1
Patient	BBS10
Patient	RPAP1
Patient	SH2D7
Patient	DCDC1
Patient	ATP8B3
Patient	LPIN2
Patient	MYB_y
Patient	GJA8
Patient	GRM4
Patient	KCNH7
Patient	GRM3
Patient	UBR5_y
Patient	ARHGEF10_y
Patient	BCORL1_y
Patient	ACOT2
Patient	ETV6_y
Patient	TENM2
Patient	EP300_y
Patient	JAK3_y
Patient	NFIA
Patient	TOPAZ1
Patient	IGFN1
Patient	BRAF_y
Patient	PRPH
Patient	MPL_y
Patient	NOS1
Patient	RBBP6
Patient	RIT1
Patient	DSCAM
Patient	GNAS_y
Patient	TMPRSS6
Patient	CHD7
Patient	CREBBP_y
Patient	SYCP2
Patient	HUNK
Patient	MAP2
Patient	RPGRIP1
Patient	TCTN2
Patient	MYO1A
Patient	RIMS1
Patient	NBEAL2
Patient	PCDH1
Patient	SPEG
Patient	FILIP1
Patient	CTCF_y
Patient	FOLR4
Patient	CNTNAP3B
Patient	TSHZ2
Patient	SERPINI1
Patient	FER1L6
Patient	NAV3
Patient	HIST1H1C
Patient	PAPPA2
Patient	CHD2_y
Patient	RANBP17
Patient	SI
Patient	FBLN2_y
Patient	MYH14
Patient	C6
Patient	BRINP1
Patient	DUOX1
Patient	FRYL
Patient	SCN5A
Patient	COL12A1
Patient	EPHA3
Patient	SNCAIP_y
Patient	PRPF8
Patient	ADAMTSL1
Patient	AS3MT
Patient	SUSD5
Patient	CHD6
Patient	COL6A6
Patient	MYO6
Patient	UNC80
Patient	HTR4
Patient	WDR72
Patient	MYO16
Patient	KIF2B
Patient	ATG2A
Patient	BMP2K
Patient	CALR_y
Patient	TBL1XR1_y
Patient	SETD2_y
Patient	MYC_y
Patient	TMEM132D
Patient	KCNMA1
Patient	RSPH6A
Patient	CACNA2D3
Patient	MXRA5
Patient	SH3KBP1
Patient	NUP98_y
Patient	NFE2
Patient	SUZ12_y
Patient	WDR87
Patient	LOXHD1
Patient	ZFHX4
Patient	SLC9B1P1
Patient	RIN3
Patient	UGT2B10
Patient	GRIK2
Patient	ZNF285
Patient	STAG1_y
Patient	NLRP1
Patient	DGKI
Patient	MMRN2
Patient	EYS
Patient	KAT6B_y
Patient	PKD1L2
Patient	GRIN2B
Patient	SCN1A
Patient	MSH2_y
Patient	KIF26A
Patient	PAPD7
Patient	RIMBP3
Patient	SEMA5A
Patient	ABCC8
Patient	PCDH15
Patient	WDR52
Patient	DMBT1
Patient	OTOGL
Patient	TBL3
Patient	SGSM1
Patient	TIAM1
Patient	XIRP1
Patient	RSL1D1
Patient	BARHL1
Patient	TPTE2
Patient	AQR
Patient	PPIL4
Patient	NEO1
Patient	TRPM3
Patient	MED14
Patient	MAN2C1
Patient	IARS
Patient	DOCK3
Patient	INCENP
Patient	MDM1
Patient	PRKAR2B
Patient	CLCA2
Patient	CHI3L1
Patient	SENP1
Patient	MTUS2
Patient	SCN9A_y
Patient	DOCK4
Patient	MED13
Patient	EFCC1
Patient	KDM5C_y
Patient	AGR3
Patient	XKR4
Patient	CTSD
Patient	SLC4A1_y
Patient	SLC5A1
Patient	FSTL1
Patient	CCDC129
Patient	SART1
Patient	PIKFYVE
Patient	WNT7B
Patient	APBB2
Patient	ADAMTS6
Patient	CREB5
Patient	SLC4A2
Patient	SLC44A1
Patient	HTR1D
Patient	PGBD5
Patient	SERPINA11
Patient	PTPRS
Patient	USP9X_y
Patient	APCDD1
Patient	FLNB
Patient	SSC5D
Patient	CADPS2
Patient	POLQ_y
Patient	TMC3
Patient	CCDC141
Patient	PXDNL
Patient	NPR3
Patient	SPRED2
Patient	ARHGEF10L_y
Patient	COL19A1
Patient	LRRIQ1
Patient	IMPG1
Patient	A1CF
Patient	ESPL1
Patient	CA10
Patient	SCN11A
Patient	CHIA
Patient	TNIK
Patient	CAPN6
Patient	HERC1
Patient	RSAD2
Patient	KLHL9
Patient	LGALS13
Patient	ROS1
Patient	HUWE1
Patient	WDFY4
Patient	GRIN2A
Patient	BAI3
Patient	LRRN1
Patient	TRPM1
Patient	FAM135B
Patient	POLI
Patient	PLXNA4
Patient	HIST1H3C
Patient	MYO7B
Patient	AMOTL2
Patient	NRAP
Patient	KPNB1
Patient	CNTN4
Patient	KAT2A
Patient	GRIP1
Patient	RAB33B
Patient	ADAMTS15
Patient	ZNF467
Patient	CFP
Patient	CTNNA2
Patient	PC
Patient	ADAMTS16
Patient	CLTCL1_y
Patient	PRKAG3
Patient	UBTF
Patient	DIAPH2
Patient	TMEM132C
Patient	SATB2
Patient	TNS1
Patient	HTR3D
Patient	IBTK
Patient	KIAA1549_y
Patient	PPIC
Patient	TSKS
Patient	GLDC
Patient	TTBK1
Patient	CDH20
Patient	EED_y
Patient	GIT2
Patient	KCNH6
Patient	MAN2A2
Patient	TENM4
Patient	DPF2
Patient	ADAMTS12
Patient	KRT14
Patient	FREM3
Patient	COL22A1
Patient	MAPK13
Patient	SLC30A2
Patient	CLPX
Patient	CERS3
Patient	PRR14
Patient	PIGS
Patient	PTPRA
Patient	CACNA1D_y
Patient	MARCH11
Patient	EPB41L2
Patient	SGK223
Patient	HEPH
Patient	NTRK3_y
Patient	DLG3
Patient	CARNS1
Patient	CDON
Patient	SLC13A1
Patient	AARS2
Patient	ULK1
Patient	TGFBI
Patient	CSN2
Patient	CRHR2
Patient	FGD6
Patient	ATG2B
Patient	GABRB3
Patient	BTBD2
Patient	RTL1
Patient	AGBL1
Patient	CYP2S1
Patient	KCNB1
Patient	HEG1
Patient	NPAP1
Patient	NR1H4
Patient	TTC17
Patient	A4GALT
Patient	ROBO1
Patient	SMR3B
Patient	SPEF2
Patient	WWC1
Patient	TAF1L
Patient	DSTYK
Patient	ADARB2
Patient	STK24
Patient	SALL4_y
Patient	TGFBR3
Patient	LPIN3
Patient	SLC12A1
Patient	RIPK1
Patient	SAMD7
Patient	NPNT
Patient	SPG11
Patient	CNTNAP1
Patient	RBMS1
Patient	BMP3
Patient	BRINP2
Patient	TET1_y
Patient	CYTIP
Patient	PUM1
Patient	ZNF644
Patient	NLRP3
Patient	BAIAP3
Patient	REXO1
Patient	ZNF518B
Patient	KCNG4
Patient	CDH24
Patient	PPP1R3A
Patient	KMT2D_y
Patient	ADAMTS7
Patient	CTNND2
Patient	ZIC2
Patient	CPS1
Patient	CELSR2
Patient	C2orf71
Patient	ARID1B_y
Patient	CRY1
Patient	ZBTB47
Patient	WDR43
Patient	TRPM4
Patient	MYT1
Patient	FAM155A
Patient	ZNF687
Patient	SF3A1
Patient	frameshift_variant
Patient	missense_variant
Patient	stop_gained
Patient	inframe_deletion
Patient	protein_altering_variant
Patient	splice_acceptor_variant
Patient	splice_donor_variant
Patient	start_lost
Patient	inframe_insertion
Patient	stop_lost
