Column_Label,Type,Keep_or_Remove
dbgap_rnaseq_sample,Id,Remove
LASP1,Gene_Expr,Keep
HOXA11,Gene_Expr,Keep
CREBBP.x,Gene_Expr,Keep
ETV1,Gene_Expr,Keep
GAS7,Gene_Expr,Keep
CD79B,Gene_Expr,Keep
BTK,Gene_Expr,Keep
BRCA1,Gene_Expr,Keep
WAS,Gene_Expr,Keep
WWTR1,Gene_Expr,Keep
CD74,Gene_Expr,Keep
BIRC3,Gene_Expr,Keep
FAS,Gene_Expr,Keep
BCLAF1,Gene_Expr,Keep
ANK1,Gene_Expr,Keep
RABEP1,Gene_Expr,Keep
ZCCHC8,Gene_Expr,Keep
CUL3,Gene_Expr,Keep
FLT4,Gene_Expr,Keep
CDH1,Gene_Expr,Keep
TNC,Gene_Expr,Keep
CTNNA1,Gene_Expr,Keep
PREX2,Gene_Expr,Keep
TPR,Gene_Expr,Keep
GOPC,Gene_Expr,Keep
TNFRSF17,Gene_Expr,Keep
SNX29,Gene_Expr,Keep
ELN,Gene_Expr,Keep
ARID1B.x,Gene_Expr,Keep
HERPUD1,Gene_Expr,Keep
POLQ.x,Gene_Expr,Keep
PIK3CB,Gene_Expr,Keep
THRAP3,Gene_Expr,Keep
KMT2C,Gene_Expr,Keep
PRDM1,Gene_Expr,Keep
POLD1,Gene_Expr,Keep
CASP8,Gene_Expr,Keep
PMS1,Gene_Expr,Keep
NTHL1,Gene_Expr,Keep
ERBB3,Gene_Expr,Keep
SPEN,Gene_Expr,Keep
MAP2K4,Gene_Expr,Keep
SMARCD1,Gene_Expr,Keep
GOLGA5,Gene_Expr,Keep
FGFR2,Gene_Expr,Keep
KLF6,Gene_Expr,Keep
RHOA,Gene_Expr,Keep
CBFB,Gene_Expr,Keep
FGFR3,Gene_Expr,Keep
TFE3,Gene_Expr,Keep
BCL3,Gene_Expr,Keep
CLTCL1.x,Gene_Expr,Keep
FSTL3,Gene_Expr,Keep
PABPC1,Gene_Expr,Keep
TCF3,Gene_Expr,Keep
PRKACA,Gene_Expr,Keep
TFRC,Gene_Expr,Keep
AFF4,Gene_Expr,Keep
SMC1A.x,Gene_Expr,Keep
FCGR2B,Gene_Expr,Keep
TP63,Gene_Expr,Keep
SDHA,Gene_Expr,Keep
SMARCE1,Gene_Expr,Keep
KDM5A,Gene_Expr,Keep
IGF2BP2,Gene_Expr,Keep
MAP3K13,Gene_Expr,Keep
PICALM,Gene_Expr,Keep
EED.x,Gene_Expr,Keep
ARHGEF10L.x,Gene_Expr,Keep
MLH1,Gene_Expr,Keep
NT5C2,Gene_Expr,Keep
NFKB2,Gene_Expr,Keep
FGFR1,Gene_Expr,Keep
ARAF,Gene_Expr,Keep
N4BP2,Gene_Expr,Keep
HOXA9,Gene_Expr,Keep
MLLT10,Gene_Expr,Keep
PCM1,Gene_Expr,Keep
CIC,Gene_Expr,Keep
DNM2,Gene_Expr,Keep
KEAP1,Gene_Expr,Keep
HSP90AA1,Gene_Expr,Keep
PTPRC,Gene_Expr,Keep
ERC1,Gene_Expr,Keep
XPO1,Gene_Expr,Keep
PALB2,Gene_Expr,Keep
KAT6A,Gene_Expr,Keep
CYLD,Gene_Expr,Keep
FAT1,Gene_Expr,Keep
NCOA1,Gene_Expr,Keep
BCORL1.x,Gene_Expr,Keep
ATRX,Gene_Expr,Keep
MECOM,Gene_Expr,Keep
EPS15,Gene_Expr,Keep
BAX,Gene_Expr,Keep
GNAS.x,Gene_Expr,Keep
CNOT3,Gene_Expr,Keep
GNA11,Gene_Expr,Keep
FUS,Gene_Expr,Keep
CD209,Gene_Expr,Keep
FH,Gene_Expr,Keep
ESR1,Gene_Expr,Keep
EZR,Gene_Expr,Keep
MSH2.x,Gene_Expr,Keep
MAP3K1,Gene_Expr,Keep
HSP90AB1,Gene_Expr,Keep
JAK2.x,Gene_Expr,Keep
ABL1,Gene_Expr,Keep
LZTR1,Gene_Expr,Keep
SMARCB1,Gene_Expr,Keep
MAPK1,Gene_Expr,Keep
PATZ1,Gene_Expr,Keep
PDGFB,Gene_Expr,Keep
MYH9,Gene_Expr,Keep
EP300.x,Gene_Expr,Keep
NIN,Gene_Expr,Keep
HIF1A,Gene_Expr,Keep
DICER1,Gene_Expr,Keep
TCL1A,Gene_Expr,Keep
CCNB1IP1,Gene_Expr,Keep
TRIP11,Gene_Expr,Keep
ARHGAP5,Gene_Expr,Keep
NFATC2,Gene_Expr,Keep
SALL4.x,Gene_Expr,Keep
PTK6,Gene_Expr,Keep
CRNKL1,Gene_Expr,Keep
STAG2.x,Gene_Expr,Keep
ELF4,Gene_Expr,Keep
GATA1,Gene_Expr,Keep
CTCF.x,Gene_Expr,Keep
AXIN1,Gene_Expr,Keep
TSC2,Gene_Expr,Keep
IL21R,Gene_Expr,Keep
NBN,Gene_Expr,Keep
IKBKB,Gene_Expr,Keep
EIF3E,Gene_Expr,Keep
NDRG1,Gene_Expr,Keep
UBR5.x,Gene_Expr,Keep
LEPROTL1,Gene_Expr,Keep
ARHGEF10.x,Gene_Expr,Keep
ERCC2,Gene_Expr,Keep
LYL1,Gene_Expr,Keep
CCNE1,Gene_Expr,Keep
AKT2,Gene_Expr,Keep
CD79A,Gene_Expr,Keep
PPP2R1A,Gene_Expr,Keep
TFPT,Gene_Expr,Keep
JAK3.x,Gene_Expr,Keep
ELL,Gene_Expr,Keep
CRTC1,Gene_Expr,Keep
CDK6,Gene_Expr,Keep
MET,Gene_Expr,Keep
HOXA13,Gene_Expr,Keep
EZH2.x,Gene_Expr,Keep
SFRP4,Gene_Expr,Keep
GATA3,Gene_Expr,Keep
BMPR1A,Gene_Expr,Keep
CPEB3,Gene_Expr,Keep
SUFU,Gene_Expr,Keep
LARP4B,Gene_Expr,Keep
CCDC6,Gene_Expr,Keep
MLLT6,Gene_Expr,Keep
RNF43,Gene_Expr,Keep
DDX5,Gene_Expr,Keep
COL1A1,Gene_Expr,Keep
HLF,Gene_Expr,Keep
PRKAR1A,Gene_Expr,Keep
YWHAE,Gene_Expr,Keep
CHIC2,Gene_Expr,Keep
FBXW7,Gene_Expr,Keep
ZBTB16,Gene_Expr,Keep
CCND1,Gene_Expr,Keep
DDX6,Gene_Expr,Keep
CBL.x,Gene_Expr,Keep
CARS,Gene_Expr,Keep
NUP98.x,Gene_Expr,Keep
POU2AF1,Gene_Expr,Keep
PPFIBP1,Gene_Expr,Keep
PRPF40B,Gene_Expr,Keep
BCL7A,Gene_Expr,Keep
GLI1,Gene_Expr,Keep
SH2B3,Gene_Expr,Keep
ALDH2,Gene_Expr,Keep
CDKN1B,Gene_Expr,Keep
CHD4,Gene_Expr,Keep
PTPN6,Gene_Expr,Keep
FANCE,Gene_Expr,Keep
SRSF3,Gene_Expr,Keep
CCNC,Gene_Expr,Keep
QKI,Gene_Expr,Keep
TFEB,Gene_Expr,Keep
CCND3.x,Gene_Expr,Keep
ITK,Gene_Expr,Keep
DROSHA,Gene_Expr,Keep
GOLPH3,Gene_Expr,Keep
SUB1,Gene_Expr,Keep
LIFR,Gene_Expr,Keep
PDGFRB,Gene_Expr,Keep
BCL6,Gene_Expr,Keep
TFG,Gene_Expr,Keep
CBLB,Gene_Expr,Keep
FOXP1,Gene_Expr,Keep
ACVR1,Gene_Expr,Keep
SF3B1.x,Gene_Expr,Keep
BIRC6,Gene_Expr,Keep
STRN,Gene_Expr,Keep
EPAS1,Gene_Expr,Keep
NFE2L2,Gene_Expr,Keep
MSH6,Gene_Expr,Keep
BCL9,Gene_Expr,Keep
RPL22,Gene_Expr,Keep
SFPQ,Gene_Expr,Keep
PRDM2,Gene_Expr,Keep
MYCL,Gene_Expr,Keep
AKT3,Gene_Expr,Keep
SDHB,Gene_Expr,Keep
ID3,Gene_Expr,Keep
MPL.x,Gene_Expr,Keep
ARID1A,Gene_Expr,Keep
STAG1.x,Gene_Expr,Keep
STK11,Gene_Expr,Keep
KMT2A,Gene_Expr,Keep
CREB1,Gene_Expr,Keep
TNFAIP3,Gene_Expr,Keep
MYB.x,Gene_Expr,Keep
SGK1,Gene_Expr,Keep
FOXO3,Gene_Expr,Keep
CCND2,Gene_Expr,Keep
SET,Gene_Expr,Keep
CNTRL,Gene_Expr,Keep
PPP6C,Gene_Expr,Keep
NR4A3,Gene_Expr,Keep
CSF3R.x,Gene_Expr,Keep
KDSR,Gene_Expr,Keep
DNMT3A.x,Gene_Expr,Keep
BCL11A,Gene_Expr,Keep
CD274,Gene_Expr,Keep
KCNJ5,Gene_Expr,Keep
SPOP,Gene_Expr,Keep
CEP89,Gene_Expr,Keep
ZMYM2,Gene_Expr,Keep
PIK3CA,Gene_Expr,Keep
CXCR4,Gene_Expr,Keep
ACVR2A,Gene_Expr,Keep
FLT3.x,Gene_Expr,Keep
RPL5,Gene_Expr,Keep
PMS2,Gene_Expr,Keep
HNRNPA2B1,Gene_Expr,Keep
FKBP9,Gene_Expr,Keep
KIAA1549.x,Gene_Expr,Keep
TRIM24,Gene_Expr,Keep
CDKN2C,Gene_Expr,Keep
ATF1,Gene_Expr,Keep
STIL,Gene_Expr,Keep
ACSL3,Gene_Expr,Keep
SDC4,Gene_Expr,Keep
PLCG1,Gene_Expr,Keep
USP9X.x,Gene_Expr,Keep
HIST1H3B,Gene_Expr,Keep
CDKN1A,Gene_Expr,Keep
DEK,Gene_Expr,Keep
SEPT6,Gene_Expr,Keep
PAX8,Gene_Expr,Keep
MAX,Gene_Expr,Keep
KDM5C.x,Gene_Expr,Keep
CCR7,Gene_Expr,Keep
BCL2L12,Gene_Expr,Keep
SBDS,Gene_Expr,Keep
ZNF384,Gene_Expr,Keep
KTN1,Gene_Expr,Keep
NUP214,Gene_Expr,Keep
MAP2K2,Gene_Expr,Keep
BCL11B,Gene_Expr,Keep
PTPRB,Gene_Expr,Keep
SMARCA4,Gene_Expr,Keep
AKAP9,Gene_Expr,Keep
HIP1,Gene_Expr,Keep
KDR,Gene_Expr,Keep
DGCR8,Gene_Expr,Keep
SPECC1,Gene_Expr,Keep
POT1,Gene_Expr,Keep
SMO,Gene_Expr,Keep
KNSTRN,Gene_Expr,Keep
USP6,Gene_Expr,Keep
FOXA1,Gene_Expr,Keep
CBFA2T3,Gene_Expr,Keep
MLLT1,Gene_Expr,Keep
MNX1,Gene_Expr,Keep
CLIP1,Gene_Expr,Keep
ZNF331,Gene_Expr,Keep
LATS1,Gene_Expr,Keep
TRAF7,Gene_Expr,Keep
RARA,Gene_Expr,Keep
DNAJB1,Gene_Expr,Keep
RAF1,Gene_Expr,Keep
PPARG,Gene_Expr,Keep
H3F3B,Gene_Expr,Keep
MUTYH,Gene_Expr,Keep
CASP9,Gene_Expr,Keep
MYH11,Gene_Expr,Keep
BTG1,Gene_Expr,Keep
KRAS.x,Gene_Expr,Keep
MEN1,Gene_Expr,Keep
VHL,Gene_Expr,Keep
NOTCH2,Gene_Expr,Keep
MYCN,Gene_Expr,Keep
IL6ST,Gene_Expr,Keep
CDC73,Gene_Expr,Keep
DDB2,Gene_Expr,Keep
PDGFRA,Gene_Expr,Keep
ERCC5,Gene_Expr,Keep
APC,Gene_Expr,Keep
TBX3,Gene_Expr,Keep
LMO2,Gene_Expr,Keep
CDK4,Gene_Expr,Keep
ACVR1B,Gene_Expr,Keep
TEC,Gene_Expr,Keep
MDM2,Gene_Expr,Keep
TMEM127,Gene_Expr,Keep
USP44,Gene_Expr,Keep
LCP1,Gene_Expr,Keep
RAC1,Gene_Expr,Keep
BRIP1,Gene_Expr,Keep
KAT7,Gene_Expr,Keep
ABI1,Gene_Expr,Keep
KLF4,Gene_Expr,Keep
XPA,Gene_Expr,Keep
MYC.x,Gene_Expr,Keep
PIM1,Gene_Expr,Keep
IRF4,Gene_Expr,Keep
HMGA1,Gene_Expr,Keep
NUMA1,Gene_Expr,Keep
FBXO11,Gene_Expr,Keep
CYP2C8,Gene_Expr,Keep
NCOA4,Gene_Expr,Keep
TET1.x,Gene_Expr,Keep
ATIC,Gene_Expr,Keep
BARD1,Gene_Expr,Keep
IDH1.x,Gene_Expr,Keep
ITGAV,Gene_Expr,Keep
USP8,Gene_Expr,Keep
RAP1GDS1,Gene_Expr,Keep
LEF1,Gene_Expr,Keep
ETV6.x,Gene_Expr,Keep
ETNK1,Gene_Expr,Keep
COL2A1,Gene_Expr,Keep
BRCA2,Gene_Expr,Keep
RB1,Gene_Expr,Keep
SETD1B,Gene_Expr,Keep
TCF12,Gene_Expr,Keep
NCOA2,Gene_Expr,Keep
PML,Gene_Expr,Keep
POLG,Gene_Expr,Keep
NTRK3.x,Gene_Expr,Keep
CRTC3,Gene_Expr,Keep
ZFHX3,Gene_Expr,Keep
CDH11,Gene_Expr,Keep
NCOR1,Gene_Expr,Keep
CLTC,Gene_Expr,Keep
SS18,Gene_Expr,Keep
SMAD4,Gene_Expr,Keep
ERBB2,Gene_Expr,Keep
BRD4,Gene_Expr,Keep
VAV1,Gene_Expr,Keep
SH3GL1,Gene_Expr,Keep
AKT1,Gene_Expr,Keep
PRDM16,Gene_Expr,Keep
BCL10,Gene_Expr,Keep
SDHC,Gene_Expr,Keep
PRCC,Gene_Expr,Keep
ABL2,Gene_Expr,Keep
SETDB1,Gene_Expr,Keep
ARNT,Gene_Expr,Keep
TPM3,Gene_Expr,Keep
EML4,Gene_Expr,Keep
ASXL2,Gene_Expr,Keep
AFF3,Gene_Expr,Keep
ACKR3,Gene_Expr,Keep
FANCD2,Gene_Expr,Keep
LPP,Gene_Expr,Keep
MUC4,Gene_Expr,Keep
FIP1L1,Gene_Expr,Keep
PIK3R1,Gene_Expr,Keep
ARHGAP26,Gene_Expr,Keep
NFKBIE,Gene_Expr,Keep
EGFR,Gene_Expr,Keep
KDM6A,Gene_Expr,Keep
MSN,Gene_Expr,Keep
ZMYM3,Gene_Expr,Keep
NONO,Gene_Expr,Keep
GPC3,Gene_Expr,Keep
RPL10,Gene_Expr,Keep
RSPO2,Gene_Expr,Keep
NFIB,Gene_Expr,Keep
CDKN2A,Gene_Expr,Keep
NOTCH1,Gene_Expr,Keep
ZEB1,Gene_Expr,Keep
TCF7L2,Gene_Expr,Keep
ATM,Gene_Expr,Keep
HMGA2,Gene_Expr,Keep
LATS2,Gene_Expr,Keep
FOXO1,Gene_Expr,Keep
EXT2,Gene_Expr,Keep
VTI1A,Gene_Expr,Keep
FLI1,Gene_Expr,Keep
CYSLTR2,Gene_Expr,Keep
SETBP1.x,Gene_Expr,Keep
PTPRK,Gene_Expr,Keep
RAD17,Gene_Expr,Keep
RGPD3,Gene_Expr,Keep
RANBP2,Gene_Expr,Keep
PTPRD,Gene_Expr,Keep
JAZF1,Gene_Expr,Keep
MSI2,Gene_Expr,Keep
XPC,Gene_Expr,Keep
FLCN,Gene_Expr,Keep
GNAQ,Gene_Expr,Keep
PHF6.x,Gene_Expr,Keep
KAT6B.x,Gene_Expr,Keep
BUB1B,Gene_Expr,Keep
EIF4A2,Gene_Expr,Keep
NRG1,Gene_Expr,Keep
CACNA1D.x,Gene_Expr,Keep
KIT.x,Gene_Expr,Keep
ERG,Gene_Expr,Keep
CREB3L1,Gene_Expr,Keep
BRAF.x,Gene_Expr,Keep
TNFRSF14,Gene_Expr,Keep
SKI,Gene_Expr,Keep
FANCC,Gene_Expr,Keep
ELK4,Gene_Expr,Keep
SLC45A3,Gene_Expr,Keep
BTG2,Gene_Expr,Keep
FAM131B,Gene_Expr,Keep
ARHGAP35,Gene_Expr,Keep
U2AF1.x,Gene_Expr,Keep
RALGDS,Gene_Expr,Keep
LMNA,Gene_Expr,Keep
FGFR4,Gene_Expr,Keep
RECQL4,Gene_Expr,Keep
IKZF3,Gene_Expr,Keep
SRSF2.x,Gene_Expr,Keep
TAL1,Gene_Expr,Keep
JAK1,Gene_Expr,Keep
FUBP1,Gene_Expr,Keep
DDR2,Gene_Expr,Keep
RBM15,Gene_Expr,Keep
REL,Gene_Expr,Keep
H3F3A,Gene_Expr,Keep
ERCC3,Gene_Expr,Keep
ATP1A1,Gene_Expr,Keep
ELF3,Gene_Expr,Keep
TGFBR2,Gene_Expr,Keep
FBLN2.x,Gene_Expr,Keep
PTPN13,Gene_Expr,Keep
GMPS,Gene_Expr,Keep
RPN1,Gene_Expr,Keep
BAP1,Gene_Expr,Keep
PBRM1,Gene_Expr,Keep
CASP3,Gene_Expr,Keep
EBF1,Gene_Expr,Keep
TERT,Gene_Expr,Keep
ACSL6,Gene_Expr,Keep
HEY1,Gene_Expr,Keep
RAD21.x,Gene_Expr,Keep
COX6C,Gene_Expr,Keep
PSIP1,Gene_Expr,Keep
SYK,Gene_Expr,Keep
WNK2,Gene_Expr,Keep
FAT3,Gene_Expr,Keep
WRN,Gene_Expr,Keep
TSHR,Gene_Expr,Keep
CDX2,Gene_Expr,Keep
NSD1,Gene_Expr,Keep
TSC1,Gene_Expr,Keep
RET,Gene_Expr,Keep
PRKCB,Gene_Expr,Keep
B2M,Gene_Expr,Keep
NAB2,Gene_Expr,Keep
STAT6,Gene_Expr,Keep
SMAD3,Gene_Expr,Keep
CDK12,Gene_Expr,Keep
TPM4,Gene_Expr,Keep
KMT2D.x,Gene_Expr,Keep
SDHAF2,Gene_Expr,Keep
CTNNB1,Gene_Expr,Keep
FADD,Gene_Expr,Keep
PAFAH1B2,Gene_Expr,Keep
HOOK3,Gene_Expr,Keep
RFWD3,Gene_Expr,Keep
RHOH,Gene_Expr,Keep
FEN1,Gene_Expr,Keep
COL3A1,Gene_Expr,Keep
STAT3,Gene_Expr,Keep
AXIN2,Gene_Expr,Keep
IL7R,Gene_Expr,Keep
LRP1B,Gene_Expr,Keep
TET2.x,Gene_Expr,Keep
MAP2K1,Gene_Expr,Keep
AR,Gene_Expr,Keep
MN1,Gene_Expr,Keep
ZRSR2.x,Gene_Expr,Keep
PCBP1,Gene_Expr,Keep
ASPSCR1,Gene_Expr,Keep
CNBP,Gene_Expr,Keep
BRD3,Gene_Expr,Keep
PWWP2A,Gene_Expr,Keep
MGMT,Gene_Expr,Keep
KIF5B,Gene_Expr,Keep
CHCHD7,Gene_Expr,Keep
PPM1D,Gene_Expr,Keep
CANT1,Gene_Expr,Keep
CHST11,Gene_Expr,Keep
GPHN,Gene_Expr,Keep
CAMTA1,Gene_Expr,Keep
BCL2,Gene_Expr,Keep
MLLT3,Gene_Expr,Keep
PTEN,Gene_Expr,Keep
MALT1,Gene_Expr,Keep
CLP1,Gene_Expr,Keep
AFF1,Gene_Expr,Keep
TAF15,Gene_Expr,Keep
NBEA,Gene_Expr,Keep
MYD88,Gene_Expr,Keep
CHD2.x,Gene_Expr,Keep
EIF1AX,Gene_Expr,Keep
STAT5B,Gene_Expr,Keep
RNF213,Gene_Expr,Keep
CNTNAP2,Gene_Expr,Keep
HRAS,Gene_Expr,Keep
ATR,Gene_Expr,Keep
DDIT3,Gene_Expr,Keep
SMAD2,Gene_Expr,Keep
ERCC4,Gene_Expr,Keep
RMI2,Gene_Expr,Keep
ETV4,Gene_Expr,Keep
POLE,Gene_Expr,Keep
TBL1XR1.x,Gene_Expr,Keep
JUN,Gene_Expr,Keep
MLF1,Gene_Expr,Keep
PDE4DIP,Gene_Expr,Keep
DDX10,Gene_Expr,Keep
CD28,Gene_Expr,Keep
MAF,Gene_Expr,Keep
SUZ12.x,Gene_Expr,Keep
PER1,Gene_Expr,Keep
CALR.x,Gene_Expr,Keep
PTPN11.x,Gene_Expr,Keep
GATA2.x,Gene_Expr,Keep
HMGN2P46,Gene_Expr,Keep
GPC5,Gene_Expr,Keep
CIITA,Gene_Expr,Keep
APOBEC3B,Gene_Expr,Keep
MB21D2,Gene_Expr,Keep
PRF1,Gene_Expr,Keep
MUC16,Gene_Expr,Keep
POLR2A,Gene_Expr,Keep
SETD2.x,Gene_Expr,Keep
PLAG1,Gene_Expr,Keep
IDH2.x,Gene_Expr,Keep
CREB3L2,Gene_Expr,Keep
P2RY8,Gene_Expr,Keep
RAD51B,Gene_Expr,Keep
EXT1,Gene_Expr,Keep
FES,Gene_Expr,Keep
CSF1R,Gene_Expr,Keep
LCK,Gene_Expr,Keep
RBM10,Gene_Expr,Keep
EWSR1,Gene_Expr,Keep
FANCF,Gene_Expr,Keep
BCOR.x,Gene_Expr,Keep
ZNRF3,Gene_Expr,Keep
MACC1,Gene_Expr,Keep
CHEK2,Gene_Expr,Keep
CCR4,Gene_Expr,Keep
PRKD1,Gene_Expr,Keep
MAML2,Gene_Expr,Keep
SS18L1,Gene_Expr,Keep
FOXO4,Gene_Expr,Keep
MED12,Gene_Expr,Keep
SEPT9,Gene_Expr,Keep
AMER1,Gene_Expr,Keep
SEPT5,Gene_Expr,Keep
WT1.x,Gene_Expr,Keep
ROBO2,Gene_Expr,Keep
SOCS1,Gene_Expr,Keep
MUC1,Gene_Expr,Keep
PBX1,Gene_Expr,Keep
IKZF1.x,Gene_Expr,Keep
PTCH1,Gene_Expr,Keep
BCL9L,Gene_Expr,Keep
NF2,Gene_Expr,Keep
BCR,Gene_Expr,Keep
MITF,Gene_Expr,Keep
FNBP1,Gene_Expr,Keep
TCEA1,Gene_Expr,Keep
FANCA,Gene_Expr,Keep
NUTM2B,Gene_Expr,Keep
ARID2,Gene_Expr,Keep
FHIT,Gene_Expr,Keep
PAX5,Gene_Expr,Keep
FAT4,Gene_Expr,Keep
SRGAP3,Gene_Expr,Keep
TRRAP.x,Gene_Expr,Keep
NCOR2,Gene_Expr,Keep
NACA,Gene_Expr,Keep
NF1.x,Gene_Expr,Keep
ARHGEF12,Gene_Expr,Keep
FLNA,Gene_Expr,Keep
ZNF429,Gene_Expr,Keep
SRC,Gene_Expr,Keep
SND1,Gene_Expr,Keep
BLM,Gene_Expr,Keep
TRIM33,Gene_Expr,Keep
MYO5A,Gene_Expr,Keep
PDCD1LG2,Gene_Expr,Keep
MDS2,Gene_Expr,Keep
SIRPA,Gene_Expr,Keep
CARD11,Gene_Expr,Keep
HIST1H4I,Gene_Expr,Keep
NTRK1,Gene_Expr,Keep
CTNND1,Gene_Expr,Keep
BAZ1A,Gene_Expr,Keep
MDM4,Gene_Expr,Keep
MTOR,Gene_Expr,Keep
ZNF521,Gene_Expr,Keep
TOP1,Gene_Expr,Keep
MAFB,Gene_Expr,Keep
DAXX,Gene_Expr,Keep
SDHD,Gene_Expr,Keep
TRIM27,Gene_Expr,Keep
DCTN1,Gene_Expr,Keep
TMSB4X,Gene_Expr,Keep
CRLF2,Gene_Expr,Keep
OLIG2,Gene_Expr,Keep
HLA-A,Gene_Expr,Keep
FGFR1OP,Gene_Expr,Keep
MLLT11,Gene_Expr,Keep
NRAS.x,Gene_Expr,Keep
NCKIPSD,Gene_Expr,Keep
NUTM2D,Gene_Expr,Keep
MTCP1,Gene_Expr,Keep
DDX3X,Gene_Expr,Keep
FANCG,Gene_Expr,Keep
ETV5,Gene_Expr,Keep
CEBPA.x,Gene_Expr,Keep
MALAT1,Gene_Expr,Keep
LYN,Gene_Expr,Keep
LSM14A,Gene_Expr,Keep
CUX1,Gene_Expr,Keep
C15orf65,Gene_Expr,Keep
SLC4A1.x,Gene_Expr,Keep
THSD7A,Gene_Expr,Keep
PRSS21,Gene_Expr,Keep
PROM1,Gene_Expr,Keep
LTF,Gene_Expr,Keep
KDM5D,Gene_Expr,Keep
VCAN,Gene_Expr,Keep
DSG2,Gene_Expr,Keep
FOXC1,Gene_Expr,Keep
SNCAIP.x,Gene_Expr,Keep
DDX3Y,Gene_Expr,Keep
ZFY,Gene_Expr,Keep
GPC4,Gene_Expr,Keep
SPAG6,Gene_Expr,Keep
ADCY2,Gene_Expr,Keep
CEACAM6,Gene_Expr,Keep
ADAMTS2,Gene_Expr,Keep
MMP2,Gene_Expr,Keep
PHACTR3,Gene_Expr,Keep
CRISP3,Gene_Expr,Keep
PRKY,Gene_Expr,Keep
LGALS2,Gene_Expr,Keep
CHRDL1,Gene_Expr,Keep
OLFM4,Gene_Expr,Keep
MSLN,Gene_Expr,Keep
HOXA3,Gene_Expr,Keep
HOXA5,Gene_Expr,Keep
HOXA6,Gene_Expr,Keep
NPTX2,Gene_Expr,Keep
DNTT,Gene_Expr,Keep
CXCL12,Gene_Expr,Keep
HOXB6,Gene_Expr,Keep
CCL2,Gene_Expr,Keep
PPARGC1A,Gene_Expr,Keep
MDFI,Gene_Expr,Keep
PRLR,Gene_Expr,Keep
USP9Y,Gene_Expr,Keep
FN1,Gene_Expr,Keep
MMP8,Gene_Expr,Keep
NKX2-3,Gene_Expr,Keep
HOXB8,Gene_Expr,Keep
HOXB5,Gene_Expr,Keep
HOXB3,Gene_Expr,Keep
EPX,Gene_Expr,Keep
DPPA4,Gene_Expr,Keep
KIAA0087,Gene_Expr,Keep
HOXA7,Gene_Expr,Keep
CEACAM8,Gene_Expr,Keep
EREG,Gene_Expr,Keep
LAMP5,Gene_Expr,Keep
RPS4Y1,Gene_Expr,Keep
PXDN,Gene_Expr,Keep
TXLNG2P,Gene_Expr,Keep
BEX1,Gene_Expr,Keep
MYO18B,Gene_Expr,Keep
CA1,Gene_Expr,Keep
GSTM1,Gene_Expr,Keep
DSC2,Gene_Expr,Keep
THBS1,Gene_Expr,Keep
CDC42BPA,Gene_Expr,Keep
MEIS1,Gene_Expr,Keep
DDIT4L,Gene_Expr,Keep
ST18,Gene_Expr,Keep
LCN2,Gene_Expr,Keep
LPHN3,Gene_Expr,Keep
DOCK1,Gene_Expr,Keep
POU4F1,Gene_Expr,Keep
IGSF10,Gene_Expr,Keep
GJA1,Gene_Expr,Keep
PLEKHG4B,Gene_Expr,Keep
FGD5,Gene_Expr,Keep
PIEZO2,Gene_Expr,Keep
RBPMS,Gene_Expr,Keep
CLSTN2,Gene_Expr,Keep
ALAS2,Gene_Expr,Keep
HPGDS,Gene_Expr,Keep
DEFA4,Gene_Expr,Keep
DEFB1,Gene_Expr,Keep
CYYR1,Gene_Expr,Keep
SCN9A.x,Gene_Expr,Keep
AHSP,Gene_Expr,Keep
GYPA,Gene_Expr,Keep
CDH2,Gene_Expr,Keep
GTSF1,Gene_Expr,Keep
HOXB9,Gene_Expr,Keep
TRH,Gene_Expr,Keep
RXFP1,Gene_Expr,Keep
LAMB2,Gene_Expr,Keep
ARPP21,Gene_Expr,Keep
CSPG4,Gene_Expr,Keep
CD34,Gene_Expr,Keep
C20orf166-AS1,Gene_Expr,Keep
DPP10,Gene_Expr,Keep
KCNE1L,Gene_Expr,Keep
TTTY14,Gene_Expr,Keep
IRX5,Gene_Expr,Keep
LINC00982,Gene_Expr,Keep
IRX3,Gene_Expr,Keep
CDH4,Gene_Expr,Keep
MKRN3,Gene_Expr,Keep
SLITRK4,Gene_Expr,Keep
SAGE1,Gene_Expr,Keep
NDN,Gene_Expr,Keep
GPC6,Gene_Expr,Keep
WT1-AS,Gene_Expr,Keep
UTY,Gene_Expr,Keep
DLK1,Gene_Expr,Keep
PRAME,Gene_Expr,Keep
CD300E,Gene_Expr,Keep
COL4A5,Gene_Expr,Keep
HBA2,Gene_Expr,Keep
S100A16,Gene_Expr,Keep
PAX8-AS1,Gene_Expr,Keep
EIF1AY,Gene_Expr,Keep
CES1,Gene_Expr,Keep
ZFP57,Gene_Expr,Keep
CASC10,Gene_Expr,Keep
CD177,Gene_Expr,Keep
DEFA1,Gene_Expr,Keep
MEG3,Gene_Expr,Keep
AC016735.1,Gene_Expr,Keep
AL589743.1,Gene_Expr,Keep
AC091814.2,Gene_Expr,Keep
XIST,Gene_Expr,Keep
RP11-388P9.2,Gene_Expr,Keep
HOXB-AS3,Gene_Expr,Keep
AC104809.4,Gene_Expr,Keep
TTTY15,Gene_Expr,Keep
DEFA3,Gene_Expr,Keep
DEFA1B,Gene_Expr,Keep
HOXA11-AS,Gene_Expr,Keep
IL12A-AS1,Gene_Expr,Keep
HBB,Gene_Expr,Keep
KIAA1456,Gene_Expr,Keep
RP11-704M14.1,Gene_Expr,Keep
IGKV2-23,Gene_Expr,Keep
RP11-129J12.2,Gene_Expr,Keep
RP11-497G19.2,Gene_Expr,Keep
RP11-497G19.1,Gene_Expr,Keep
RP11-424G14.1,Gene_Expr,Keep
AC004791.2,Gene_Expr,Keep
RP11-114I8.4,Gene_Expr,Keep
Tsne1,Tsne1_Gene_Expr,Keep
Tsne2,Tsne2_Gene_Expr,Keep
Pheno,Train_or_Test,Remove
dbgap_subject_id,Id,Remove
dbgap_dnaseq_sample,Id,Remove
cohort,Id,Remove
used_manuscript_analyses,Clinical,Remove
manuscript_dnaseq,Clinical,Remove
manuscript_rnaseq,Clinical,Remove
manuscript_inhibitor,Clinical,Remove
consensus_sex,Clinical,Keep
inferred_sex,Clinical,Keep
reportedRace,Clinical,Keep
reportedEthnicity,Clinical,Keep
inferred_ethnicity,Clinical,Remove
centerID,Clinical,Remove
CEBPA_Biallelic,Clinical,Remove
consensusAMLFusions,Clinical,Remove
ageAtDiagnosis,Clinical,Keep
isRelapse,Clinical,Keep
isDenovo,Clinical,Keep
isTransformed,Clinical,Remove
specificDxAtAcquisition_MDSMPN,Clinical,Remove
nonAML_MDSMPN_specificDxAtAcquisition,Clinical,Remove
priorMalignancyNonMyeloid,Clinical,Remove
priorMalignancyType,Clinical,Remove
cumulativeChemo,Clinical,Remove
priorMalignancyRadiationTx,Clinical,Remove
priorMDS,Clinical,Remove
priorMDSMoreThanTwoMths,Clinical,Remove
priorMDSMPN,Clinical,Remove
priorMDSMPNMoreThanTwoMths,Clinical,Remove
priorMPN,Clinical,Remove
priorMPNMoreThanTwoMths,Clinical,Remove
dxAtInclusion,Clinical,Remove
specificDxAtInclusion,Clinical,Remove
ELN2017,Clinical,Remove
dxAtSpecimenAcquisition,Clinical,Remove
specificDxAtAcquisition,Clinical,Remove
ageAtSpecimenAcquisition,Clinical,Keep
timeOfSampleCollectionRelativeToInclusion,Clinical,Remove
specimenGroups,Clinical,Remove
diseaseStageAtSpecimenCollection,Clinical,Remove
specimenType,Clinical,Remove
rnaSeq,Clinical,Remove
exomeSeq,Clinical,Remove
totalDrug,Clinical,Remove
analysisRnaSeq,Clinical,Remove
analysisExomeSeq,Clinical,Remove
analysisDrug,Clinical,Remove
cumulativeTreatmentTypeCount,Clinical,Remove
cumulativeTreatmentTypes,Clinical,Remove
cumulativeTreatmentRegimenCount,Clinical,Remove
cumulativeTreatmentRegimens,Clinical,Remove
cumulativeTreatmentStageCount,Clinical,Remove
cumulativeTreatmentStages,Clinical,Remove
responseToInductionTx,Clinical,Remove
typeInductionTx,Clinical,Remove
responseDurationToInductionTx,Clinical,Remove
mostRecentTreatmentType,Clinical,Remove
currentRegimen,Clinical,Remove
currentStage,Clinical,Remove
mostRecentTreatmentDuration,Clinical,Remove
vitalStatus,Clinical,Keep
overallSurvival,Clinical,Keep
causeOfDeath,Clinical,Remove
%.Basophils.in.PB,Clinical,Keep
%.Blasts.in.BM,Clinical,Keep
%.Blasts.in.PB,Clinical,Keep
%.Eosinophils.in.PB,Clinical,Keep
%.Immature.Granulocytes.in.PB,Clinical,Keep
%.Lymphocytes.in.PB,Clinical,Keep
%.Monocytes.in.PB,Clinical,Keep
%.Neutrophils.in.PB,Clinical,Keep
%.Nucleated.RBCs.in.PB,Clinical,Keep
ALT,Clinical,Keep
AST,Clinical,Keep
albumin,Clinical,Keep
creatinine,Clinical,Keep
fabBlastMorphology,Clinical,Keep
hematocrit,Clinical,Keep
hemoglobin,Clinical,Keep
karyotype,Clinical,Keep
LDH,Clinical,Keep
MCV,Clinical,Keep
otherCytogenetics,Clinical,Keep
plateletCount,Clinical,Keep
surfaceAntigensImmunohistochemicalStains,Clinical,Keep
totalProtein,Clinical,Keep
wbcCount,Clinical,Keep
FLT3-ITD,Clinical,Keep
allelic_ratio,Clinical,Remove
NPM1.y,Clinical,Keep
RUNX1.y,Clinical,Keep
ASXL1.y,Clinical,Keep
TP53.y,Clinical,Keep
variantSummary,Clinical,Remove
[HM] Hypoxia,Pathway,Keep
[HM] Mitotic spindle,Pathway,Keep
[HM] Wnt beta catenin signaling,Pathway,Keep
[HM] TGF beta signaling,Pathway,Keep
[HM] DNA repair,Pathway,Keep
[HM] G2M checkpoint,Pathway,Keep
[HM] Apoptosis,Pathway,Keep
[HM] Notch signaling,Pathway,Keep
[HM] Hedgehog signaling,Pathway,Keep
[HM] PI3K Akt mTOR signaling,Pathway,Keep
[HM] mTORC1 signaling,Pathway,Keep
[HM] E2F targets,Pathway,Keep
[HM] Epithelial mesenchymal transition,Pathway,Keep
[HM] Oxidative phosphorylation,Pathway,Keep
[HM] Glycolysis,Pathway,Keep
[HM] Reactive oxigen species pathway,Pathway,Keep
[HM] p53 pathway,Pathway,Keep
[HM] UV response up,Pathway,Keep
[HM] UV response down,Pathway,Keep
[HM] Angiogenesis,Pathway,Keep
[HM] KRAS signaling up,Pathway,Keep
[HM] KRAS signaling down,Pathway,Keep
[HM] Myc targets,Pathway,Keep
[HM] Estrogen response,Pathway,Keep
[IPA] ERK MAPK Signaling,Pathway,Keep
[IPA] HMGB1 Signaling,Pathway,Keep
[IPA] ErbB Signaling,Pathway,Keep
[IPA] PTEN Signaling,Pathway,Keep
[IPA] PI3K AKT Signaling,Pathway,Keep
[IPA] HER 2 Signaling in Breast Cancer,Pathway,Keep
[IPA] mTOR Signaling,Pathway,Keep
[IPA] AMPK Signaling,Pathway,Keep
[IPA] p38 MAPK Signaling,Pathway,Keep
[IPA] Myc Mediated Apoptosis Signaling,Pathway,Keep
[IPA] EGF Signaling,Pathway,Keep
[IPA] VEGF Signaling,Pathway,Keep
[IPA] Estrogen Dependent Breast Cancer Signaling,Pathway,Keep
[IPA] TNFR1 Signaling,Pathway,Keep
[IPA] ErbB2 ErbB3 Signaling,Pathway,Keep
[IPA] UVC Induced MAPK Signaling,Pathway,Keep
[IPA] UVA Induced MAPK Signaling,Pathway,Keep
[IPA] UVB Induced MAPK Signaling,Pathway,Keep
[IPA] ERK5 Signaling,Pathway,Keep
[IPA] Mismatch Repair in Eukaryotes,Pathway,Keep
[IPA] Telomere Extension by Telomerase,Pathway,Keep
[TBI] Barrier genes,Pathway,Keep
[TBI] MAPK up genes,Pathway,Keep
[TBI] Phopholipase,Pathway,Keep
[LM] Proliferation,Pathway,Keep
[TPW] PI3Kgamma Signature,Pathway,Keep
[TPW] NOS1 Signature,Pathway,Keep
[TPW] SHC1/pSTAT3 Signature,Pathway,Keep
[TPW] Hypoxia/Adenosine Immune Cell Suppression,Pathway,Keep
[TPW] Immunogenic Cell Death (ICD),Pathway,Keep
HSC-like,CellType,Keep
Progenitor-like,CellType,Keep
GMP-like,CellType,Keep
Promono-like,CellType,Keep
Monocyte-like,CellType,Keep
cDC-like,CellType,Keep
M0,Module,Keep
M1,Module,Keep
M11,Module,Keep
M12,Module,Keep
M14,Module,Keep
M16,Module,Keep
M21,Module,Keep
M23,Module,Keep
M3,Module,Keep
M4,Module,Keep
M6,Module,Keep
M7,Module,Keep
M8,Module,Keep
M9,Module,Keep
DNMT3A.y,Mutated_Gene,Keep
TET2.y,Mutated_Gene,Keep
NRAS.y,Mutated_Gene,Keep
TP53,Mutated_Gene,Keep
RUNX1,Mutated_Gene,Keep
IDH2.y,Mutated_Gene,Keep
FLT3.y,Mutated_Gene,Keep
SRSF2.y,Mutated_Gene,Keep
WT1.y,Mutated_Gene,Keep
IDH1.y,Mutated_Gene,Keep
KRAS.y,Mutated_Gene,Keep
SF3B1.y,Mutated_Gene,Keep
U2AF1.y,Mutated_Gene,Keep
GATA2.y,Mutated_Gene,Keep
PTPN11.y,Mutated_Gene,Keep
NPM1,Mutated_Gene,Keep
STAG2.y,Mutated_Gene,Keep
CEBPA.y,Mutated_Gene,Keep
ASXL1,Mutated_Gene,Keep
BCOR.y,Mutated_Gene,Keep
PHF6.y,Mutated_Gene,Keep
JAK2.y,Mutated_Gene,Keep
NF1.y,Mutated_Gene,Keep
EZH2.y,Mutated_Gene,Keep
KIT.y,Mutated_Gene,Keep
CSF3R.y,Mutated_Gene,Keep
SMC1A.y,Mutated_Gene,Keep
RAD21.y,Mutated_Gene,Keep
CBL.y,Mutated_Gene,Keep
OTOP2,Mutated_Gene,Keep
SMC3,Mutated_Gene,Keep
IKZF1.y,Mutated_Gene,Keep
PDS5B,Mutated_Gene,Keep
SETBP1.y,Mutated_Gene,Keep
ZRSR2.y,Mutated_Gene,Keep
CCND3.y,Mutated_Gene,Keep
ACAN,Mutated_Gene,Keep
CSMD2,Mutated_Gene,Keep
PUF60,Mutated_Gene,Keep
MYH13,Mutated_Gene,Keep
TRRAP.y,Mutated_Gene,Keep
BRCC3,Mutated_Gene,Keep
TCHH,Mutated_Gene,Keep
DOCK7,Mutated_Gene,Keep
ADCY8,Mutated_Gene,Keep
SORCS2,Mutated_Gene,Keep
NFATC4,Mutated_Gene,Keep
TEX15,Mutated_Gene,Keep
MAMLD1,Mutated_Gene,Keep
BBS10,Mutated_Gene,Keep
RPAP1,Mutated_Gene,Keep
SH2D7,Mutated_Gene,Keep
DCDC1,Mutated_Gene,Keep
ATP8B3,Mutated_Gene,Keep
LPIN2,Mutated_Gene,Keep
MYB.y,Mutated_Gene,Keep
GJA8,Mutated_Gene,Keep
GRM4,Mutated_Gene,Keep
KCNH7,Mutated_Gene,Keep
GRM3,Mutated_Gene,Keep
UBR5.y,Mutated_Gene,Keep
ARHGEF10.y,Mutated_Gene,Keep
BCORL1.y,Mutated_Gene,Keep
ACOT2,Mutated_Gene,Keep
ETV6.y,Mutated_Gene,Keep
TENM2,Mutated_Gene,Keep
EP300.y,Mutated_Gene,Keep
JAK3.y,Mutated_Gene,Keep
NFIA,Mutated_Gene,Keep
TOPAZ1,Mutated_Gene,Keep
IGFN1,Mutated_Gene,Keep
BRAF.y,Mutated_Gene,Keep
PRPH,Mutated_Gene,Keep
MPL.y,Mutated_Gene,Keep
NOS1,Mutated_Gene,Keep
RBBP6,Mutated_Gene,Keep
RIT1,Mutated_Gene,Keep
DSCAM,Mutated_Gene,Keep
GNAS.y,Mutated_Gene,Keep
TMPRSS6,Mutated_Gene,Keep
CHD7,Mutated_Gene,Keep
CREBBP.y,Mutated_Gene,Keep
SYCP2,Mutated_Gene,Keep
HUNK,Mutated_Gene,Keep
MAP2,Mutated_Gene,Keep
RPGRIP1,Mutated_Gene,Keep
TCTN2,Mutated_Gene,Keep
MYO1A,Mutated_Gene,Keep
RIMS1,Mutated_Gene,Keep
NBEAL2,Mutated_Gene,Keep
PCDH1,Mutated_Gene,Keep
SPEG,Mutated_Gene,Keep
FILIP1,Mutated_Gene,Keep
CTCF.y,Mutated_Gene,Keep
FOLR4,Mutated_Gene,Keep
CNTNAP3B,Mutated_Gene,Keep
TSHZ2,Mutated_Gene,Keep
SERPINI1,Mutated_Gene,Keep
FER1L6,Mutated_Gene,Keep
NAV3,Mutated_Gene,Keep
HIST1H1C,Mutated_Gene,Keep
PAPPA2,Mutated_Gene,Keep
CHD2.y,Mutated_Gene,Keep
RANBP17,Mutated_Gene,Keep
SI,Mutated_Gene,Keep
FBLN2.y,Mutated_Gene,Keep
MYH14,Mutated_Gene,Keep
C6,Mutated_Gene,Keep
BRINP1,Mutated_Gene,Keep
DUOX1,Mutated_Gene,Keep
FRYL,Mutated_Gene,Keep
SCN5A,Mutated_Gene,Keep
COL12A1,Mutated_Gene,Keep
EPHA3,Mutated_Gene,Keep
SNCAIP.y,Mutated_Gene,Keep
PRPF8,Mutated_Gene,Keep
ADAMTSL1,Mutated_Gene,Keep
AS3MT,Mutated_Gene,Keep
SUSD5,Mutated_Gene,Keep
CHD6,Mutated_Gene,Keep
COL6A6,Mutated_Gene,Keep
MYO6,Mutated_Gene,Keep
UNC80,Mutated_Gene,Keep
HTR4,Mutated_Gene,Keep
WDR72,Mutated_Gene,Keep
MYO16,Mutated_Gene,Keep
KIF2B,Mutated_Gene,Keep
ATG2A,Mutated_Gene,Keep
BMP2K,Mutated_Gene,Keep
CALR.y,Mutated_Gene,Keep
TBL1XR1.y,Mutated_Gene,Keep
SETD2.y,Mutated_Gene,Keep
MYC.y,Mutated_Gene,Keep
TMEM132D,Mutated_Gene,Keep
KCNMA1,Mutated_Gene,Keep
RSPH6A,Mutated_Gene,Keep
CACNA2D3,Mutated_Gene,Keep
MXRA5,Mutated_Gene,Keep
SH3KBP1,Mutated_Gene,Keep
NUP98.y,Mutated_Gene,Keep
NFE2,Mutated_Gene,Keep
SUZ12.y,Mutated_Gene,Keep
WDR87,Mutated_Gene,Keep
LOXHD1,Mutated_Gene,Keep
ZFHX4,Mutated_Gene,Keep
SLC9B1P1,Mutated_Gene,Keep
RIN3,Mutated_Gene,Keep
UGT2B10,Mutated_Gene,Keep
GRIK2,Mutated_Gene,Keep
ZNF285,Mutated_Gene,Keep
STAG1.y,Mutated_Gene,Keep
NLRP1,Mutated_Gene,Keep
DGKI,Mutated_Gene,Keep
MMRN2,Mutated_Gene,Keep
EYS,Mutated_Gene,Keep
KAT6B.y,Mutated_Gene,Keep
PKD1L2,Mutated_Gene,Keep
GRIN2B,Mutated_Gene,Keep
SCN1A,Mutated_Gene,Keep
MSH2.y,Mutated_Gene,Keep
KIF26A,Mutated_Gene,Keep
PAPD7,Mutated_Gene,Keep
RIMBP3,Mutated_Gene,Keep
SEMA5A,Mutated_Gene,Keep
ABCC8,Mutated_Gene,Keep
PCDH15,Mutated_Gene,Keep
WDR52,Mutated_Gene,Keep
DMBT1,Mutated_Gene,Keep
OTOGL,Mutated_Gene,Keep
TBL3,Mutated_Gene,Keep
SGSM1,Mutated_Gene,Keep
TIAM1,Mutated_Gene,Keep
XIRP1,Mutated_Gene,Keep
RSL1D1,Mutated_Gene,Keep
BARHL1,Mutated_Gene,Keep
TPTE2,Mutated_Gene,Keep
AQR,Mutated_Gene,Keep
PPIL4,Mutated_Gene,Keep
NEO1,Mutated_Gene,Keep
TRPM3,Mutated_Gene,Keep
MED14,Mutated_Gene,Keep
MAN2C1,Mutated_Gene,Keep
IARS,Mutated_Gene,Keep
DOCK3,Mutated_Gene,Keep
INCENP,Mutated_Gene,Keep
MDM1,Mutated_Gene,Keep
PRKAR2B,Mutated_Gene,Keep
CLCA2,Mutated_Gene,Keep
CHI3L1,Mutated_Gene,Keep
SENP1,Mutated_Gene,Keep
MTUS2,Mutated_Gene,Keep
SCN9A.y,Mutated_Gene,Keep
DOCK4,Mutated_Gene,Keep
MED13,Mutated_Gene,Keep
EFCC1,Mutated_Gene,Keep
KDM5C.y,Mutated_Gene,Keep
AGR3,Mutated_Gene,Keep
XKR4,Mutated_Gene,Keep
CTSD,Mutated_Gene,Keep
SLC4A1.y,Mutated_Gene,Keep
SLC5A1,Mutated_Gene,Keep
FSTL1,Mutated_Gene,Keep
CCDC129,Mutated_Gene,Keep
SART1,Mutated_Gene,Keep
PIKFYVE,Mutated_Gene,Keep
WNT7B,Mutated_Gene,Keep
APBB2,Mutated_Gene,Keep
ADAMTS6,Mutated_Gene,Keep
CREB5,Mutated_Gene,Keep
SLC4A2,Mutated_Gene,Keep
SLC44A1,Mutated_Gene,Keep
HTR1D,Mutated_Gene,Keep
PGBD5,Mutated_Gene,Keep
SERPINA11,Mutated_Gene,Keep
PTPRS,Mutated_Gene,Keep
USP9X.y,Mutated_Gene,Keep
APCDD1,Mutated_Gene,Keep
FLNB,Mutated_Gene,Keep
SSC5D,Mutated_Gene,Keep
CADPS2,Mutated_Gene,Keep
POLQ.y,Mutated_Gene,Keep
TMC3,Mutated_Gene,Keep
CCDC141,Mutated_Gene,Keep
PXDNL,Mutated_Gene,Keep
NPR3,Mutated_Gene,Keep
SPRED2,Mutated_Gene,Keep
ARHGEF10L.y,Mutated_Gene,Keep
COL19A1,Mutated_Gene,Keep
LRRIQ1,Mutated_Gene,Keep
IMPG1,Mutated_Gene,Keep
A1CF,Mutated_Gene,Keep
ESPL1,Mutated_Gene,Keep
CA10,Mutated_Gene,Keep
SCN11A,Mutated_Gene,Keep
CHIA,Mutated_Gene,Keep
TNIK,Mutated_Gene,Keep
CAPN6,Mutated_Gene,Keep
HERC1,Mutated_Gene,Keep
RSAD2,Mutated_Gene,Keep
KLHL9,Mutated_Gene,Keep
LGALS13,Mutated_Gene,Keep
ROS1,Mutated_Gene,Keep
HUWE1,Mutated_Gene,Keep
WDFY4,Mutated_Gene,Keep
GRIN2A,Mutated_Gene,Keep
BAI3,Mutated_Gene,Keep
LRRN1,Mutated_Gene,Keep
TRPM1,Mutated_Gene,Keep
FAM135B,Mutated_Gene,Keep
POLI,Mutated_Gene,Keep
PLXNA4,Mutated_Gene,Keep
HIST1H3C,Mutated_Gene,Keep
MYO7B,Mutated_Gene,Keep
AMOTL2,Mutated_Gene,Keep
NRAP,Mutated_Gene,Keep
KPNB1,Mutated_Gene,Keep
CNTN4,Mutated_Gene,Keep
KAT2A,Mutated_Gene,Keep
GRIP1,Mutated_Gene,Keep
RAB33B,Mutated_Gene,Keep
ADAMTS15,Mutated_Gene,Keep
ZNF467,Mutated_Gene,Keep
CFP,Mutated_Gene,Keep
CTNNA2,Mutated_Gene,Keep
PC,Mutated_Gene,Keep
ADAMTS16,Mutated_Gene,Keep
CLTCL1.y,Mutated_Gene,Keep
PRKAG3,Mutated_Gene,Keep
UBTF,Mutated_Gene,Keep
DIAPH2,Mutated_Gene,Keep
TMEM132C,Mutated_Gene,Keep
SATB2,Mutated_Gene,Keep
TNS1,Mutated_Gene,Keep
HTR3D,Mutated_Gene,Keep
IBTK,Mutated_Gene,Keep
KIAA1549.y,Mutated_Gene,Keep
PPIC,Mutated_Gene,Keep
TSKS,Mutated_Gene,Keep
GLDC,Mutated_Gene,Keep
TTBK1,Mutated_Gene,Keep
CDH20,Mutated_Gene,Keep
EED.y,Mutated_Gene,Keep
GIT2,Mutated_Gene,Keep
KCNH6,Mutated_Gene,Keep
MAN2A2,Mutated_Gene,Keep
TENM4,Mutated_Gene,Keep
DPF2,Mutated_Gene,Keep
ADAMTS12,Mutated_Gene,Keep
KRT14,Mutated_Gene,Keep
FREM3,Mutated_Gene,Keep
COL22A1,Mutated_Gene,Keep
MAPK13,Mutated_Gene,Keep
SLC30A2,Mutated_Gene,Keep
CLPX,Mutated_Gene,Keep
CERS3,Mutated_Gene,Keep
PRR14,Mutated_Gene,Keep
PIGS,Mutated_Gene,Keep
PTPRA,Mutated_Gene,Keep
CACNA1D.y,Mutated_Gene,Keep
MARCH11,Mutated_Gene,Keep
EPB41L2,Mutated_Gene,Keep
SGK223,Mutated_Gene,Keep
HEPH,Mutated_Gene,Keep
NTRK3.y,Mutated_Gene,Keep
DLG3,Mutated_Gene,Keep
CARNS1,Mutated_Gene,Keep
CDON,Mutated_Gene,Keep
SLC13A1,Mutated_Gene,Keep
AARS2,Mutated_Gene,Keep
ULK1,Mutated_Gene,Keep
TGFBI,Mutated_Gene,Keep
CSN2,Mutated_Gene,Keep
CRHR2,Mutated_Gene,Keep
FGD6,Mutated_Gene,Keep
ATG2B,Mutated_Gene,Keep
GABRB3,Mutated_Gene,Keep
BTBD2,Mutated_Gene,Keep
RTL1,Mutated_Gene,Keep
AGBL1,Mutated_Gene,Keep
CYP2S1,Mutated_Gene,Keep
KCNB1,Mutated_Gene,Keep
HEG1,Mutated_Gene,Keep
NPAP1,Mutated_Gene,Keep
NR1H4,Mutated_Gene,Keep
TTC17,Mutated_Gene,Keep
A4GALT,Mutated_Gene,Keep
ROBO1,Mutated_Gene,Keep
SMR3B,Mutated_Gene,Keep
SPEF2,Mutated_Gene,Keep
WWC1,Mutated_Gene,Keep
TAF1L,Mutated_Gene,Keep
DSTYK,Mutated_Gene,Keep
ADARB2,Mutated_Gene,Keep
STK24,Mutated_Gene,Keep
SALL4.y,Mutated_Gene,Keep
TGFBR3,Mutated_Gene,Keep
LPIN3,Mutated_Gene,Keep
SLC12A1,Mutated_Gene,Keep
RIPK1,Mutated_Gene,Keep
SAMD7,Mutated_Gene,Keep
NPNT,Mutated_Gene,Keep
SPG11,Mutated_Gene,Keep
CNTNAP1,Mutated_Gene,Keep
RBMS1,Mutated_Gene,Keep
BMP3,Mutated_Gene,Keep
BRINP2,Mutated_Gene,Keep
TET1.y,Mutated_Gene,Keep
CYTIP,Mutated_Gene,Keep
PUM1,Mutated_Gene,Keep
ZNF644,Mutated_Gene,Keep
NLRP3,Mutated_Gene,Keep
BAIAP3,Mutated_Gene,Keep
REXO1,Mutated_Gene,Keep
ZNF518B,Mutated_Gene,Keep
KCNG4,Mutated_Gene,Keep
CDH24,Mutated_Gene,Keep
PPP1R3A,Mutated_Gene,Keep
KMT2D.y,Mutated_Gene,Keep
ADAMTS7,Mutated_Gene,Keep
CTNND2,Mutated_Gene,Keep
ZIC2,Mutated_Gene,Keep
CPS1,Mutated_Gene,Keep
CELSR2,Mutated_Gene,Keep
C2orf71,Mutated_Gene,Keep
ARID1B.y,Mutated_Gene,Keep
CRY1,Mutated_Gene,Keep
ZBTB47,Mutated_Gene,Keep
WDR43,Mutated_Gene,Keep
TRPM4,Mutated_Gene,Keep
MYT1,Mutated_Gene,Keep
FAM155A,Mutated_Gene,Keep
ZNF687,Mutated_Gene,Keep
SF3A1,Mutated_Gene,Keep
frameshift_variant,Mutation_Type,Keep
missense_variant,Mutation_Type,Keep
stop_gained,Mutation_Type,Keep
inframe_deletion,Mutation_Type,Keep
protein_altering_variant,Mutation_Type,Keep
splice_acceptor_variant,Mutation_Type,Keep
splice_donor_variant,Mutation_Type,Keep
start_lost,Mutation_Type,Keep
inframe_insertion,Mutation_Type,Keep
stop_lost,Mutation_Type,Keep
