drug,n,mean_pred,median_pred,std_pred,lognorm_mu,lognorm_sigma,sw_stat,sw_pval,dp_stat,dp_pval,ks_stat,ks_pval,is_lognormal
17-AAG (Tanespimycin),157,156.8718,155.9128,22.5339,5.0451,0.1448,0.9835,0.0587,6.2373,0.0442,0.0550,0.7071,True
A-674563,161,143.4582,143.6933,15.9529,4.9597,0.1144,0.9766,0.0078,8.1568,0.0169,0.0678,0.4306,False
AGI-5198,110,251.8053,252.9416,8.0293,5.5281,0.0323,0.9565,0.0012,10.2806,0.0059,0.0858,0.3715,False
AGI-6780,107,243.6446,247.0799,11.3117,5.4946,0.0474,0.9307,0.0000,14.7255,0.0006,0.1388,0.0292,False
AT-101,85,212.1342,212.2780,8.8251,5.3564,0.0418,0.9875,0.5894,1.1617,0.5594,0.0518,0.9673,True
AT7519,156,134.9698,130.3770,14.0550,4.8999,0.1001,0.9465,0.0000,13.6539,0.0011,0.1309,0.0086,False
AZD1152-HQPA (AZD2811),159,221.5174,225.5127,17.7010,5.3971,0.0846,0.8950,0.0000,50.1111,0.0000,0.1351,0.0054,False
AZD1480,160,229.1186,229.0427,9.2147,5.4334,0.0405,0.9872,0.1495,2.8229,0.2438,0.0448,0.8904,True
Afatinib (BIBW-2992),161,171.7751,171.5679,12.5829,5.1435,0.0734,0.9934,0.6839,0.8624,0.6497,0.0391,0.9584,True
Alisertib (MLN8237),161,236.0745,235.7600,9.4283,5.4633,0.0402,0.9856,0.0936,3.9997,0.1354,0.0605,0.5774,True
Artemisinin,112,268.2019,269.1512,5.3770,5.5915,0.0202,0.9294,0.0000,17.4808,0.0002,0.1064,0.1472,False
Axitinib (AG-013736),158,195.4292,194.5329,17.9749,5.2709,0.0929,0.9894,0.2808,2.0585,0.3573,0.0489,0.8266,True
Azacytidine,157,239.0404,239.9178,10.3356,5.4757,0.0441,0.9509,0.0000,24.4964,0.0000,0.0860,0.1846,False
BEZ235,157,156.9586,157.1538,20.2403,5.0476,0.1305,0.9802,0.0236,9.5848,0.0083,0.0658,0.4851,False
BLZ945,45,218.7741,219.9764,12.2946,5.3865,0.0567,0.9759,0.4647,1.0904,0.5797,0.1015,0.7046,True
BMS-345541,160,232.9748,232.7175,5.3252,5.4507,0.0228,0.9888,0.2322,4.8880,0.0868,0.0455,0.8793,True
BMS-754807,41,208.4619,209.9173,8.9381,5.3389,0.0429,0.9789,0.6350,0.9531,0.6209,0.1310,0.4451,True
Bay 11-7085,153,254.2584,255.2876,11.0209,5.5374,0.0444,0.9250,0.0000,28.8082,0.0000,0.0901,0.1566,False
Birinapant,86,204.0680,204.8754,9.7246,5.3173,0.0479,0.9832,0.3303,1.4312,0.4889,0.0556,0.9398,True
Bortezomib (Velcade),160,163.5780,158.9134,16.6953,5.0923,0.0997,0.9489,0.0000,17.7641,0.0001,0.1096,0.0397,False
Bosutinib (SKI-606),159,208.3409,209.6323,14.5484,5.3367,0.0705,0.9861,0.1147,3.2858,0.1934,0.0634,0.5235,True
CHIR-99021,159,273.2018,274.4432,4.5030,5.6101,0.0167,0.8909,0.0000,58.2344,0.0000,0.1258,0.0119,False
CI-1040 (PD184352),162,194.5888,195.5082,15.8888,5.2675,0.0825,0.9715,0.0020,16.8412,0.0002,0.0849,0.1829,False
CYT387,159,177.8997,178.4153,16.5354,5.1769,0.0938,0.9878,0.1815,2.9473,0.2291,0.0454,0.8833,True
Cabozantinib,161,176.1209,175.1499,25.7113,5.1601,0.1516,0.9739,0.0038,8.4786,0.0144,0.0567,0.6577,False
Canertinib (CI-1033),160,222.0481,223.8315,11.8091,5.4014,0.0544,0.9543,0.0000,22.2992,0.0000,0.0883,0.1550,False
Cediranib (AZD2171),159,255.1714,256.4218,11.9887,5.5408,0.0475,0.9416,0.0000,21.7260,0.0000,0.1090,0.0423,False
Crenolanib,150,209.7761,210.7297,18.3636,5.3422,0.0890,0.9830,0.0618,4.2548,0.1191,0.0589,0.6525,True
Crizotinib (PF-2341066),154,196.5273,197.2112,11.9001,5.2790,0.0607,0.9951,0.8918,0.4808,0.7863,0.0426,0.9318,True
Cytarabine,155,211.4186,212.1176,12.9905,5.3519,0.0621,0.9802,0.0253,5.0480,0.0801,0.0630,0.5492,False
DBZ,155,239.0967,239.8865,8.0761,5.4763,0.0341,0.9725,0.0034,12.1641,0.0023,0.0570,0.6738,False
Dasatinib,176,174.6064,177.4584,31.3872,5.1453,0.1895,0.9439,0.0000,16.4065,0.0003,0.0901,0.1077,False
Doramapimod (BIRB 796),159,177.6587,180.2761,22.8458,5.1712,0.1343,0.9519,0.0000,11.1916,0.0037,0.0956,0.1026,False
Dovitinib (CHIR-258),159,150.8495,154.2978,26.3722,4.9999,0.1857,0.9588,0.0001,12.6424,0.0018,0.0972,0.0929,False
Elesclomol,149,53.6697,47.2130,21.3982,3.9075,0.3866,0.9551,0.0001,40.6012,0.0000,0.1068,0.0618,False
Entospletinib (GS-9973),154,198.2104,196.8467,16.1788,5.2860,0.0818,0.9869,0.1573,2.9517,0.2286,0.0569,0.6792,True
Entrectinib,153,186.0439,186.4637,8.2703,5.2250,0.0448,0.9876,0.1939,5.6345,0.0598,0.0550,0.7220,True
Erlotinib,158,223.4120,224.0767,12.5008,5.4074,0.0567,0.9694,0.0014,8.3037,0.0157,0.0775,0.2834,False
Etomoxir,44,225.0992,225.5898,10.2173,5.4155,0.0455,0.9835,0.7722,0.5346,0.7655,0.0703,0.9710,True
Flavopiridol,154,130.7210,122.9928,24.2665,4.8573,0.1748,0.9337,0.0000,12.7986,0.0017,0.1182,0.0248,False
Foretinib (XL880),159,125.6220,123.5784,26.7089,4.8104,0.2162,0.9856,0.0997,3.7585,0.1527,0.0448,0.8929,True
GDC-0879,161,276.9623,277.3962,3.0744,5.6238,0.0112,0.9307,0.0000,39.3422,0.0000,0.1136,0.0288,False
GDC-0941,144,154.1623,152.8714,19.0696,5.0304,0.1243,0.9819,0.0536,5.7171,0.0574,0.0669,0.5179,True
GSK-1838705A,160,216.5683,216.8433,10.8152,5.3766,0.0508,0.9567,0.0001,27.4311,0.0000,0.0844,0.1933,False
GSK-1904529A,159,240.4604,239.8426,7.9738,5.4820,0.0332,0.9934,0.6832,0.3435,0.8422,0.0345,0.9882,True
GSK-2879552,84,211.9620,212.5879,8.8283,5.3555,0.0420,0.9811,0.2545,2.9737,0.2261,0.0685,0.8000,True
GSK690693,156,239.1779,238.5189,9.1009,5.4765,0.0382,0.9885,0.2322,3.2567,0.1963,0.0526,0.7613,True
GW-2580,152,211.5051,212.3179,14.1883,5.3520,0.0675,0.9847,0.0900,5.3185,0.0700,0.0550,0.7258,True
Gefitinib,153,238.0509,237.3640,10.0751,5.4716,0.0425,0.9853,0.1039,4.0038,0.1351,0.0511,0.8002,True
Gilteritinib,155,151.2551,150.0293,19.6885,5.0103,0.1332,0.9837,0.0652,4.1219,0.1273,0.0490,0.8326,True
H-89,115,238.7792,238.8711,6.4019,5.4752,0.0270,0.9785,0.0607,7.1338,0.0282,0.0484,0.9387,True
INK-128,160,129.5852,127.2750,21.6464,4.8503,0.1690,0.9830,0.0462,4.8707,0.0876,0.0646,0.4962,False
Ibrutinib (PCI-32765),171,210.5980,210.1526,15.8777,5.3471,0.0754,0.9873,0.1237,6.4941,0.0389,0.0634,0.4783,True
Idelalisib,152,192.0726,192.7225,16.4185,5.2541,0.0873,0.9658,0.0008,7.8107,0.0201,0.0763,0.3228,False
Imatinib,177,232.2052,232.3519,10.3444,5.4466,0.0447,0.9909,0.3231,3.0763,0.2148,0.0399,0.9306,True
Indisulam,117,201.2376,201.8374,10.4667,5.3031,0.0527,0.9778,0.0496,5.7080,0.0576,0.0702,0.5864,False
JAK Inhibitor I,153,174.7724,176.5229,17.5023,5.1584,0.1022,0.9804,0.0285,4.7682,0.0922,0.0677,0.4651,False
JNJ-28312141,28,150.1777,148.3863,32.4236,4.9880,0.2262,0.9348,0.0813,1.9473,0.3777,0.1481,0.5229,True
JNJ-38877605,160,243.3667,242.2645,7.3783,5.4941,0.0303,0.9916,0.4652,0.4458,0.8002,0.0640,0.5083,True
JNJ-7706621,158,237.1641,237.5414,7.1728,5.4683,0.0303,0.9909,0.4100,1.1625,0.5592,0.0364,0.9800,True
JQ1,156,143.4027,144.0957,19.1065,4.9564,0.1384,0.9614,0.0002,8.5525,0.0139,0.0808,0.2466,False
KI20227,113,196.2444,199.5128,25.7563,5.2704,0.1365,0.9462,0.0002,8.4865,0.0144,0.1102,0.1191,False
KU-55933,160,243.5950,244.9095,9.7840,5.4947,0.0408,0.9587,0.0001,24.2094,0.0000,0.0879,0.1587,False
KW-2449,155,205.6868,211.2371,26.4647,5.3174,0.1379,0.9184,0.0000,26.9668,0.0000,0.1400,0.0041,False
LY-333531,115,210.5113,212.3170,15.0028,5.3470,0.0726,0.9653,0.0044,5.9815,0.0503,0.1089,0.1212,False
Lapatinib,150,229.2290,228.1128,9.1420,5.4339,0.0399,0.9849,0.1001,0.2417,0.8862,0.0789,0.2916,True
Lenalidomide,157,251.1920,254.2381,14.6519,5.5245,0.0602,0.9110,0.0000,29.3975,0.0000,0.1131,0.0333,False
Lenvatinib,154,178.1803,178.7500,20.2476,5.1763,0.1148,0.9889,0.2607,2.2729,0.3210,0.0518,0.7835,True
Linifanib (ABT-869),158,202.9220,202.6219,24.9708,5.3052,0.1245,0.9758,0.0071,9.4808,0.0087,0.0713,0.3804,False
Lovastatin,23,242.5535,243.4412,3.7631,5.4911,0.0155,0.9680,0.6403,1.1524,0.5620,0.1452,0.6646,True
MGCD-265,159,210.0466,210.7577,16.3202,5.3443,0.0792,0.9796,0.0188,8.9477,0.0114,0.0447,0.8938,False
MK-2206,155,215.5113,215.4515,19.8396,5.3687,0.0930,0.9739,0.0048,16.1617,0.0003,0.0729,0.3640,False
MLN120B,162,239.0949,239.3667,7.2285,5.4764,0.0305,0.9760,0.0064,15.0710,0.0005,0.0562,0.6647,False
MLN8054,157,254.6694,254.9753,6.2629,5.5397,0.0248,0.9743,0.0049,12.5637,0.0019,0.0607,0.5882,False
Masitinib (AB-1010),158,204.6710,204.0938,15.9668,5.3184,0.0783,0.9922,0.5519,2.4008,0.3011,0.0398,0.9553,True
Metformin,43,203.0037,204.5355,12.6042,5.3113,0.0626,0.9692,0.2969,0.9618,0.6182,0.1132,0.6006,True
Midostaurin,172,204.7636,204.9321,17.9897,5.3180,0.0888,0.9870,0.1116,3.8562,0.1454,0.0719,0.3203,True
Motesanib (AMG-706),155,237.9402,239.3439,18.9914,5.4688,0.0814,0.9411,0.0000,18.7673,0.0001,0.1011,0.0784,False
NVP-ADW742,157,219.3357,221.7713,12.8043,5.3888,0.0600,0.9360,0.0000,31.7402,0.0000,0.1266,0.0119,False
NVP-AEW541,44,218.4405,219.8277,12.0287,5.3850,0.0561,0.9573,0.1033,4.9608,0.0837,0.1576,0.2021,True
NVP-TAE684,158,197.9496,198.8322,19.4531,5.2831,0.1007,0.9799,0.0210,8.5952,0.0136,0.0702,0.3999,False
Neratinib (HKI-272),157,161.1085,159.0331,17.6050,5.0762,0.1080,0.9948,0.8554,0.9134,0.6334,0.0317,0.9961,True
Nilotinib,158,229.7061,229.9935,17.3440,5.4339,0.0761,0.9361,0.0000,101.6021,0.0000,0.1225,0.0159,False
Nutlin 3a,148,261.4208,261.2645,6.1770,5.5659,0.0237,0.9783,0.0190,5.1503,0.0761,0.0857,0.2149,False
OTX-015,157,143.1264,144.3280,19.3636,4.9542,0.1399,0.9655,0.0006,8.2503,0.0162,0.0710,0.3897,False
Olaparib,146,254.3569,255.2311,5.6502,5.5385,0.0224,0.9630,0.0006,15.1818,0.0005,0.0803,0.2875,False
PD173955,153,205.7358,208.1447,20.2067,5.3216,0.1018,0.9592,0.0002,14.5594,0.0007,0.0912,0.1477,False
PH-797804,45,215.8956,218.3579,12.4535,5.3731,0.0583,0.9711,0.3162,1.4773,0.4778,0.1039,0.6779,True
PHA-665752,155,219.8092,219.7394,14.4662,5.3906,0.0663,0.9920,0.5410,1.8882,0.3890,0.0529,0.7576,True
PHT-427,156,272.5656,273.4740,3.9291,5.6078,0.0145,0.9207,0.0000,33.1483,0.0000,0.1145,0.0309,False
PI-103,155,137.9918,134.0585,20.7067,4.9160,0.1503,0.9823,0.0441,8.1900,0.0167,0.0654,0.5008,False
PP242,161,138.7163,139.0895,19.7233,4.9222,0.1446,0.9833,0.0494,4.6821,0.0962,0.0524,0.7491,False
PRT062607,156,197.8438,198.1233,15.7687,5.2843,0.0804,0.9893,0.2844,2.6212,0.2697,0.0400,0.9560,True
Palbociclib,156,241.5164,245.5053,17.3694,5.4843,0.0743,0.9012,0.0000,17.2437,0.0002,0.1407,0.0037,False
Panobinostat,150,106.4276,91.9335,40.8458,4.6010,0.3573,0.9111,0.0000,40.3736,0.0000,0.1337,0.0085,False
Pazopanib (GW786034),156,216.5133,215.9322,15.8090,5.3750,0.0737,0.9839,0.0673,3.0367,0.2191,0.0476,0.8547,True
Pelitinib (EKB-569),157,158.8721,159.4028,19.4015,5.0603,0.1266,0.9697,0.0016,12.4711,0.0020,0.0988,0.0873,False
Perhexiline maleate,37,215.5350,216.8312,8.8783,5.3723,0.0415,0.9681,0.3592,1.0649,0.5872,0.1158,0.6614,True
Quizartinib (AC220),159,143.2989,142.3282,21.9024,4.9529,0.1576,0.9807,0.0256,5.2655,0.0719,0.0555,0.6906,False
RAF265 (CHIR-265),160,166.0181,165.0811,15.1589,5.1079,0.0915,0.9912,0.4313,0.7171,0.6987,0.0458,0.8745,True
Ralimetinib (LY2228820),42,204.2511,206.1788,8.8725,5.3184,0.0440,0.9598,0.1454,2.6650,0.2638,0.1174,0.5691,True
Ranolazine,45,215.6096,217.5085,11.7742,5.3720,0.0551,0.9713,0.3230,1.2179,0.5439,0.1188,0.5110,True
Rapamycin,153,177.4544,176.3019,29.6107,5.1643,0.1723,0.9455,0.0000,30.8298,0.0000,0.0989,0.0934,False
Regorafenib (BAY 73-4506),158,188.2231,187.8209,16.0784,5.2340,0.0860,0.9911,0.4283,1.3045,0.5209,0.0285,0.9992,True
Roscovitine (CYC-202),162,263.1693,264.1116,7.9174,5.5723,0.0306,0.9301,0.0000,29.2204,0.0000,0.0828,0.2054,False
Ruxolitinib (INCB018424),153,232.3846,232.0630,8.0643,5.4478,0.0348,0.9918,0.5286,2.0557,0.3578,0.0522,0.7783,True
S31-201,114,230.9661,231.2480,8.4586,5.4416,0.0370,0.9729,0.0205,10.9004,0.0043,0.0684,0.6352,False
SB-431542,161,251.1157,251.2448,6.9567,5.5255,0.0282,0.9286,0.0000,49.7622,0.0000,0.0935,0.1126,False
SGX-523,159,255.9943,255.3048,6.4990,5.5448,0.0255,0.9874,0.1648,4.0918,0.1293,0.0649,0.4940,True
SNS-032 (BMS-387032),160,100.5864,96.1282,16.1819,4.5989,0.1543,0.9627,0.0003,9.0824,0.0107,0.1025,0.0645,False
SR9011,156,255.1166,257.6805,11.9786,5.5406,0.0478,0.9237,0.0000,13.2799,0.0013,0.1333,0.0071,False
STO609,116,262.3362,262.8515,5.2827,5.5694,0.0204,0.9317,0.0000,26.1831,0.0000,0.1010,0.1749,False
SU11274,113,220.1810,220.2225,11.7342,5.3930,0.0533,0.9891,0.5034,3.1818,0.2037,0.0652,0.6975,True
Saracatinib (AZD0530),159,219.9150,220.7513,14.6802,5.3910,0.0674,0.9806,0.0245,5.7337,0.0569,0.0639,0.5143,False
Selinexor,157,122.2007,120.3372,11.1429,4.8016,0.0897,0.9739,0.0045,7.8217,0.0200,0.0836,0.2106,False
Selumetinib (AZD6244),160,206.5303,205.3532,35.2768,5.3154,0.1757,0.9361,0.0000,64.8161,0.0000,0.1021,0.0664,False
Sorafenib,171,187.7618,190.3803,25.3777,5.2254,0.1432,0.9433,0.0000,19.0984,0.0001,0.0959,0.0807,False
Sunitinib,171,195.8534,196.7500,20.2675,5.2719,0.1058,0.9800,0.0143,5.8510,0.0536,0.0633,0.4812,False
TG100-115,158,246.6259,246.9665,6.6271,5.5075,0.0270,0.9850,0.0846,3.2353,0.1984,0.0822,0.2237,True
Tivozanib (AV-951),156,173.1454,174.2708,27.9702,5.1406,0.1672,0.9731,0.0038,6.2692,0.0435,0.0773,0.2938,False
Tofacitinib (CP-690550),159,222.1538,222.5600,9.5373,5.4025,0.0430,0.9884,0.2137,3.5143,0.1725,0.0525,0.7526,True
Tozasertib (VX-680),160,217.0165,217.2490,12.6189,5.3783,0.0589,0.9806,0.0242,5.2199,0.0735,0.0602,0.5864,False
Trametinib (GSK1120212),176,140.2365,139.9161,32.5207,4.9149,0.2429,0.9445,0.0000,44.3118,0.0000,0.0902,0.1069,False
VX-745,159,197.6458,197.9600,14.6896,5.2837,0.0759,0.9721,0.0027,10.3994,0.0055,0.0603,0.5889,False
Vandetanib (ZD6474),163,226.9002,227.4033,13.1887,5.4228,0.0590,0.9807,0.0227,7.1876,0.0275,0.0484,0.8211,False
Vatalanib (PTK787),157,225.9222,225.2570,10.3413,5.4191,0.0459,0.9918,0.5083,0.2720,0.8728,0.0464,0.8716,True
Vemurafenib (PLX-4032),150,253.2259,253.3176,6.8629,5.5339,0.0273,0.9729,0.0046,16.1833,0.0003,0.0521,0.7902,False
Venetoclax,172,147.7992,152.6381,55.6616,4.9149,0.4179,0.8836,0.0000,355.9389,0.0000,0.1729,0.0001,False
Vismodegib (GDC-0449),161,278.1045,278.7340,2.8251,5.6279,0.0103,0.8448,0.0000,99.1712,0.0000,0.1210,0.0164,False
Volasertib (BI-6727),157,162.0799,161.6917,8.3329,5.0868,0.0517,0.9875,0.1718,2.7857,0.2484,0.0700,0.4061,True
XMD 8-87,45,207.1119,208.2587,11.7644,5.3317,0.0574,0.9721,0.3447,1.2626,0.5319,0.1010,0.7105,True
YM-155,159,250.7544,250.8389,5.9179,5.5242,0.0236,0.9916,0.4769,1.0954,0.5783,0.0480,0.8404,True
