feature,embed_corr_train,embed_corr_test
LS_59,0.17484512004239966,0.23647081105677278
LS_43,0.1393896167690939,0.2170069919316969
LS_242,0.1336538490851409,0.19933786588299982
LS_34,0.15006126184380195,0.16785126177385234
LS_185,0.1305753685391072,0.15278253672194814
LS_42,0.11568366622168368,0.15081661834007073
LS_8,0.11726195023319191,0.14750509774021545
LS_90,0.10135573467004592,0.1400689436343664
LS_38,0.09951608067646982,0.1391816722679795
AUC__Myc_targets,0.10892020123080923,0.13693856037821878
LS_77,0.09833254198399037,0.1361328487145498
LS_189,0.08457809915220876,0.13180554450705234
LS_151,0.09814858419540944,0.1293613076609468
LS_17,0.0761109600353741,0.1282227443045607
LS_247,0.06903122715567425,0.12786392523261833
AUC__Mismatch_Repair_in_Eukaryotes,0.08694612547119057,0.12686646991796782
LS_131,0.09808590317682958,0.12669771206271882
LS_87,0.0984425915726818,0.12484640131896958
LS_73,0.1107541102246168,0.12302017234859469
LS_81,0.08794814317957196,0.12266377727247732
LS_27,0.0908373165075574,0.12173716160301323
LS_158,0.09057919003306947,0.12093145680206133
LS_71,0.0635128004066866,0.11845162148200872
LS_98,0.07150790904301056,0.11780382280851448
AUC__Telomere_Extension_by_Telomerase,0.09020063505854757,0.1171518292726093
LS_85,0.074315146945041,0.1155757069957868
AUC__Phopholipase,0.12144314513129961,0.11475807382665493
LS_23,0.10757649268013589,0.11413871819551304
LS_144,0.054247679633929624,0.11391672898145688
LS_46,0.08669629825481862,0.11329078424275556
AUC__Oxidative_phosphorylation,0.07935479678670782,0.11269884144808774
LS_244,0.1212843704441851,0.11219528100234757
LS_200,0.08001559173265568,0.11103179363674573
LS_117,0.11504601131663818,0.11039945274138338
LS_13,0.10287087979656628,0.10989700548966859
LS_139,0.0952919665139712,0.10981027600995824
LS_124,0.07226688114518724,0.10928295343518797
AUC__mTORC1_signaling,0.09243360941193557,0.10898405823304894
LS_233,0.06968300918642431,0.10840254743154987
LS_118,0.09532406406533203,0.10601166770396567
AUC__Estrogen_response,0.09544466399347727,0.1057868157462236
LS_63,0.07332101355164279,0.10571227308825255
LS_143,0.07645139466970288,0.10505074124540553
LS_163,0.08601085224001197,0.10495593215927575
LS_61,0.06257403390297055,0.10443159095004423
LS_36,0.09286895179641248,0.10431438539527715
AUC__DNA_repair,0.0759110038000866,0.10356313269832065
LS_65,0.07410362958479634,0.10323250685363128
AUC__Wnt_beta_catenin_signaling,0.10212281766109764,0.10234833679231545
LS_155,0.070760453265122,0.10209831182575134
LS_100,0.0970594186616697,0.10176418177626942
AUC__TNFR1_Signaling,0.04184509643337621,0.10157712850628606
AUC__Barrier_genes,0.08881834423687952,0.10150441226758286
LS_28,0.07357573129048282,0.10092946253270214
LS_175,0.07503610158495332,0.09968923561046548
LS_82,0.09928386660009468,0.09900416731190773
AUC__UV_response_up,0.08287727272756115,0.09787631545340245
LS_235,0.05853465093649358,0.09783405173338267
LS_114,0.0743036578477466,0.09760215346745954
LS_50,0.07148076280578822,0.09647880114713886
LS_3,0.06306028092479467,0.09642244074039638
LS_222,0.07846930886926856,0.09585008638794489
LS_141,0.04517098490878358,0.09555522479411138
LS_167,0.08929736233498459,0.094516704333463
AUC__Epithelial_mesenchymal_transition,0.07863651588362855,0.09377386279131301
LS_219,0.06857094516771298,0.09341341290734854
LS_156,0.08815340609858359,0.09287025969496912
AUC__TGF_beta_signaling,0.08244785582508118,0.09160850207910773
AUC__KRAS_signaling_down,0.06511106817790449,0.09079874719534557
LS_129,0.04466156908282162,0.08993765553498975
LS_47,0.08723645750895809,0.0877051729957099
LS_68,0.09973498641284505,0.08757028142508985
LS_84,0.05284660960209317,0.08602081809640405
LS_177,0.08773379362416966,0.08544430432793267
LS_58,0.05773106184873702,0.08473111983796737
LS_209,0.05886067493163402,0.08426272298091597
LS_0,0.04045491112544297,0.08382328252361379
LS_11,0.05682542191710066,0.08280574551833976
LS_125,0.061163712175888306,0.08205797169897525
AUC__Apoptosis,0.03459371727817082,0.08197777915347272
AUC__p53_pathway,0.03235263423067531,0.08181078281390693
M14,0.03635981843712187,0.08177087353176879
LS_94,0.10174549059914036,0.0817389589890569
LS_201,0.0554938969676842,0.08153969289262772
LS_166,0.03141995031608672,0.08087627304195757
FGD5_Expr,0.05960617448030746,0.08015863913921843
AUC__ErbB_Signaling,0.10650442358477738,0.0791457633196399
LS_88,0.08288685026846593,0.07866890677288031
LS_197,0.05841391925474311,0.0785916793087445
LS_102,0.06517595585041903,0.07814679357165177
LS_168,0.04470974285388653,0.07791480155750569
LS_188,0.046386323126972905,0.07748829577197017
LS_172,0.06726565072620906,0.07618382541225198
LS_92,0.04810972460078185,0.07596453048386471
LS_251,0.07006574894659831,0.07572907120559
LS_97,0.08129126319113958,0.07523546318029847
CEACAM6_Expr,0.02950974064434024,0.07458541550388763
TAL1_Expr,0.04448662303759334,0.07383909755033799
LS_127,0.03375286129238575,0.07310323080922132
Angiogenesis,0.053164264715689316,0.07303825546111864
LS_40,0.056812447271929814,0.07282931183267281
LS_249,0.06741947117467055,0.07248409826851833
LS_136,0.041363529933593435,0.0724762925334557
AUC__Hedgehog_signaling,0.06571916104176305,0.07203265034259744
LS_179,0.012481421236246387,0.07190783165720774
LS_147,0.058904561301971185,0.07120644253801468
AUC__G2M_checkpoint,0.05906741384880302,0.07112534686316005
AUC__Mitotic_spindle,0.05345881488200101,0.07047441562891567
CEACAM8_Expr,0.01890119041183552,0.07013846408243751
AUC__Reactive_oxigen_species_pathway,0.041895484172739486,0.0698099297736052
AUC__E2F_targets,0.058901668921727816,0.06907496851664115
FUS_Expr,0.053370269975036945,0.06890186109020119
LS_240,0.04522021625205505,0.06888499549610201
LZTR1_Expr,0.04063033650895008,0.06874721703416568
LS_248,0.05142469288947672,0.06864095370645971
LS_204,0.042314704001234674,0.06860410390176458
LS_116,0.05035629532587951,0.06847591811933013
LS_80,0.05371609591731754,0.06819388706849086
LS_62,0.07441790149692037,0.06806238709784007
LS_212,0.044903456591249676,0.06800516834255074
LTF_Expr,0.02334368825884734,0.06775318582038663
p38_MAPK_Signaling,0.020777502299861767,0.0675551032781204
LS_6,0.0661015252238103,0.0675107370774398
IGKV2-23_Expr,0.05967426776403183,0.06595397349040573
HMGA2_Expr,0.05631100637544833,0.06496707080521844
LS_66,0.05172582055783605,0.06479418364318242
FSTL3_Expr,0.058825678136517595,0.06460382408933073
LS_186,0.04884775750953599,0.06450731384023697
LS_4,0.05206940774315709,0.06399422447379954
M3,0.03926381703431589,0.06394252695918196
CDC42BPA_Expr,0.08172642926290995,0.06365240783305155
LS_213,0.04801320492795796,0.06350763869825772
LS_104,0.061174240477535155,0.06350040402339509
PBRM1_Expr,0.021839688664548326,0.06343022537674199
DLK1_Expr,0.04187833159566468,0.06326949249454715
RAD17_Expr,0.03040857151218933,0.0630300695320357
M11,0.04566860109455447,0.0628932983322
LS_255,0.04224966890986102,0.06272732218389916
LS_1,0.050252929769824824,0.06266529541559301
MMP8_Expr,0.003920250713049707,0.06260674654390665
N4BP2_Expr,0.052501547982027615,0.062458160671135826
Reactive_oxigen_species_pathway,0.042209194162066185,0.06223556701349527
CYYR1_Expr,0.05223661003643959,0.06202209423908996
CYP2C8_Expr,0.0602049671684697,0.0619720929282146
LCN2_Expr,0.0012312610106990987,0.06140878806589401
LS_137,0.038795366053757885,0.061393598336730214
LS_78,0.042083902290801146,0.06137924051557819
M9,0.062329910286323835,0.06136306106805768
KRAS_signaling_up,0.023912786699379483,0.061071904853244485
STAT3_Expr,0.038615772068189114,0.06104517544915631
Phopholipase,0.04496815226731293,0.06099540505050456
CANT1_Expr,0.08251809374575361,0.06083674727781253
AUC__ErbB2_ErbB3_Signaling,0.09500621220042928,0.060610795412847876
CRISP3_Expr,0.010576966814057582,0.060496652737065316
CHD7_Mut,0.018643539665592762,0.06048053722844654
CDX2_Expr,0.029880425268675202,0.0594230023349116
LYN_Expr,0.05920575262675541,0.05931472025383703
LS_64,0.03764139971088077,0.05929974109831336
MLLT3_Expr,0.03617741630510942,0.05899137031343107
TCF3_Expr,0.042959809234406905,0.05890885065845598
ATR_Expr,0.07666085900819547,0.05890525243997148
UV_response_down,0.06703225795793501,0.058486443899581485
LS_196,0.061458120960820754,0.058435232662396065
M6,0.04379603683986082,0.05836948696779413
ERK_MAPK_Signaling,0.05129400362051331,0.058084463158376815
SFPQ_Expr,0.07724846308682437,0.05789386902342389
CSPG4_Expr,0.0016710149959284497,0.057859805522549525
M0,0.03871295970869966,0.057681884974848274
PLAG1_Expr,0.08029442261050737,0.05753889841383356
MALAT1_Expr,0.07442230801322261,0.0575161576984718
LS_122,0.05100336059904593,0.05728862698493736
LS_101,0.022021854085098446,0.05714441746616097
LS_224,0.03270283499601685,0.05710071560244615
Epithelial_mesenchymal_transition,0.05098880618756115,0.0570279640961108
LS_236,0.04371565409496649,0.05698695485271282
LS_95,0.04058089891484357,0.056918229452694306
LS_211,0.046217677804218274,0.056875944052542156
LS_33,0.0392689223201092,0.056685000834152934
POLR2A_Expr,0.040029539528793914,0.056391336346722575
DDIT4L_Expr,0.04293145900292782,0.05576984540270716
AKAP9_Expr,0.07099207225142612,0.05574876543954561
LS_202,0.06082256460648674,0.055703015026265186
LS_229,0.023557498591287272,0.05564942623075323
FOXO1_Expr,0.039177802165771804,0.05564741166936808
LS_60,0.04977875246994655,0.05557020289605828
STRN_Expr,0.0650935305278423,0.05544684553890169
LS_138,0.06421579292936651,0.05541038155699486
LS_110,0.047945668918877145,0.05537231606956285
SEPT5_Expr,0.050873624180063914,0.055324839973079645
EWSR1_Expr,0.07967749891685452,0.05525429558325744
LS_12,0.054530270431208845,0.055251302161339465
BAX_Expr,0.027463841526556714,0.055180410120663256
AUC__PTEN_Signaling,0.07622790284104591,0.0551767991087833
AUC__HER_2_Signaling_in_Breast_Cancer,0.07359536382245367,0.0551602124998036
TEC_Expr,0.06123880194163013,0.05511418264851669
LS_111,0.045051728804253476,0.05508450323412894
HNRNPA2B1_Expr,0.028542073978969396,0.05460839683800851
PI3K_AKT_Signaling,0.07563816235127037,0.05443679229881566
SND1_Expr,0.0371638916492898,0.0542270661484241
HRAS_Expr,0.02905929283749119,0.05421526484728491
RBM10_Expr,0.05050946505904313,0.054068821406988564
PTEN_Signaling,0.08192023460194343,0.05391936200952706
JAK1_Expr,0.02848912582942227,0.05390603859535454
FUBP1_Expr,0.05882326193998008,0.05388598986139716
IRX5_Expr,0.001871477358251224,0.05368718079313978
LS_146,0.058136707472017914,0.05366377512171947
NCOA2_Expr,0.0459934043586231,0.05357781090384426
FGFR1OP_Expr,0.05897687762475039,0.05355131657450842
LS_2,0.05075184484770609,0.05350442037218863
LS_239,0.06399213124738846,0.05345371037087864
MTCP1_Expr,0.007195304906676439,0.053358201044139214
UV_response_up,0.04466323813831602,0.053170443882588896
KRAS_signaling_down,0.02455170638303131,0.05307488515385289
SRSF2_Expr,0.07145000734849166,0.05274598261863642
PBX1_Expr,0.07038799506326594,0.052691692840242464
DEFA4_Expr,0.013815840819700963,0.052680345406361684
ErbB_Signaling,0.03230838685398095,0.052456314609180474
SETBP1_Expr,0.023923340954323687,0.05245184105425525
MPL_Expr,0.0270397352025894,0.052448570222867794
LS_221,0.044441285132696934,0.05230792936233798
MDM4_Expr,0.07965470004462062,0.052181625580618236
LS_245,0.059073255439007405,0.05217754863626277
DDX10_Expr,0.04621208786585028,0.052117015379882156
FGFR4_Expr,0.05237227684006507,0.05211020680208205
Telomere_Extension_by_Telomerase,0.04757570681382405,0.052078570577827415
DEFA1B_Expr,0.006423665102324425,0.05206710552479498
LS_128,0.0360351222806636,0.05197641280437879
DROSHA_Expr,0.05297715080484295,0.05180959679127502
LS_208,0.03865876041254075,0.05171497120513558
TNFRSF14_Expr,0.030346508754737996,0.0515746639697355
TCTN2_Mut,0.0,0.051555764837210985
LS_173,0.042716431949634294,0.0515418231570285
MAPK1_Expr,0.04428997583706674,0.0514674796756313
PRKACA_Expr,0.06590972945514431,0.05138069833326885
LS_19,0.030197644733294934,0.051268978809718584
DEFA1_Expr,0.0022212631627034547,0.05122392120629517
NBN_Expr,0.03705318168481896,0.051134389724362565
LS_162,0.06926610809482328,0.05094628708637914
SF3B1_Expr,0.06200674548071486,0.0509383259789962
AUC__KRAS_signaling_up,0.060512222998444505,0.050845536448225315
LS_216,0.05204372656661344,0.05084469735907907
LS_253,0.044580458690345194,0.050701991723999515
AUC__VEGF_Signaling,0.07495137101429107,0.05062764631617531
SHC1/pSTAT3_Signature,0.029662441258713288,0.05052904943363495
OLFM4_Expr,0.016357233753157244,0.05044619361238375
XPC_Expr,0.03796826109188185,0.0504080905762857
LS_250,0.04906585927108563,0.050269767220199685
HOXA11_Expr,0.023029897891712794,0.050238972561791266
CDK6_Expr,0.0618200942416981,0.05000521981320211
MSN_Expr,0.06346421715037037,0.0498063869981488
LS_214,0.0436239776658169,0.04977016194874427
HMGB1_Signaling,0.04230322278937413,0.049768166299309274
FGFR1_Expr,0.034456263366668384,0.04955904167226479
Myc_targets,0.053443704766111814,0.049497641970525905
CHRDL1_Expr,0.005271606622273168,0.04945283232181282
CYSLTR2_Expr,0.05848025503132593,0.0494092665787842
ERCC2_Expr,0.0682266587608248,0.04937884336739621
LS_107,0.058060329351371516,0.049352888070532286
AUC__Hypoxia,0.033574351551443456,0.04932826678708729
SS18_Expr,0.004038366026525567,0.04930518160366583
LS_57,0.04290401393471571,0.04924899547973174
EXT1_Expr,0.06958503367542244,0.04921467733062127
LS_159,0.027348831461620936,0.04920467657505214
VEGF_Signaling,0.051722473110768614,0.04920335529032109
CDC73_Expr,0.06077777745779821,0.04900555316128224
Estrogen_response,0.0284322925948026,0.048870180069888636
AUC__AMPK_Signaling,0.027946422682772937,0.04878471230278812
LS_254,0.05311050421774642,0.04870347457850194
LS_218,0.05325175732304115,0.04868114786857347
ASPSCR1_Expr,0.039968935590082945,0.048563459638230985
EIF4A2_Expr,0.09230476308496569,0.048393987338704925
NPM1_Mut,0.052080365426736136,0.04833785648233537
YWHAE_Expr,0.03149200817881678,0.04831462366101321
CHCHD7_Expr,0.027464584588097023,0.04816756762791265
LS_7,0.04161350949170469,0.048012594417657095
UVC_Induced_MAPK_Signaling,0.04712326104165893,0.04799192299255256
Notch_signaling,0.03930523876339836,0.047968527017317665
TRRAP_Expr,0.04343813159185358,0.04781125650588793
LS_234,0.04571976634175533,0.04762158767430416
Monocyte-like,0.03272148643835301,0.04761443520196888
TMSB4X_Expr,0.03809546470609833,0.0474440398233112
HOXA11-AS_Expr,0.01044218041701697,0.04729040529816692
CSF3R_Expr,0.01717479259072651,0.04728022463182599
DEFA3_Expr,0.005110301771204356,0.047128089643925564
ARHGEF12_Expr,0.02044226635989618,0.04697726257133428
NFIB_Expr,0.03488385249090287,0.046750257549450426
FLT3_Expr,0.05416104791648913,0.04668829378626099
UVB_Induced_MAPK_Signaling,0.01761637063950099,0.046354825192391425
LS_183,0.024632889431323742,0.046351394005039
Wnt_beta_catenin_signaling,0.052314678823860754,0.04629219566837761
IRX3_Expr,0.004993182265071503,0.04613495445323361
AUC__UVC_Induced_MAPK_Signaling,0.08198793989187303,0.0460216758732979
LS_194,0.04077573499983955,0.04594117858860366
NOTCH1_Expr,0.016142831980528283,0.045805780618173086
CNTRL_Expr,0.050245048708964866,0.045779877367424074
HSP90AB1_Expr,0.05931326731706664,0.04564262763028094
LS_121,0.017473942938570013,0.045445505783088605
DDB2_Expr,0.0069629340742289455,0.04536155330870081
IL6ST_Expr,0.05019461552700515,0.04531441503416454
EML4_Expr,0.021173614962285075,0.04495198457748506
CREBBP_Expr,0.015560895569407767,0.04477185248686136
AKT3_Expr,0.05836395522020092,0.044730453850483194
BCL6_Expr,0.036291585197997356,0.04458960200217929
AFF1_Expr,0.05267459454673752,0.04457862396185441
LS_241,0.046323351036006384,0.04456300857660046
SRGAP3_Expr,0.04812178771816617,0.04453732442075855
TMEM127_Expr,0.042066275984952314,0.044519746175243645
PIK3R1_Expr,0.05603910979879998,0.04446626736485732
LS_119,0.04825794834292647,0.04439014424027219
Hypoxia/Adenosine_Immune_Cell_Suppression,0.0748857998801037,0.04437945205470974
MEG3_Expr,0.008732507464412814,0.04427621292611707
ELN_Expr,0.06411910393169254,0.04425282142958676
S100A16_Expr,0.02366750928624872,0.04407334032625178
ASXL1_Mut,0.06876163233472404,0.043876116635141404
LS_133,0.045412870669894766,0.043842356182765316
LS_113,0.023881502144477474,0.043759426347612394
MTOR_Expr,0.0007335041428753458,0.04367991972819347
TGF_beta_signaling,0.04772972151069038,0.043671056207571085
MAP2K4_Expr,0.05871508701878146,0.04328760719654854
XPO1_Expr,0.045868981440437995,0.043071324786461564
HOXB8_Expr,0.030582238210732856,0.04304050108621071
AUC__mTOR_Signaling,0.013552359028252938,0.04287090210302376
LS_48,0.014672890964289772,0.04285101349299795
RAP1GDS1_Expr,0.0024694359110887603,0.04266665878506774
ITGAV_Expr,0.04243669428987769,0.04258790697791877
GJA1_Expr,0.05116923338092323,0.04255604612411602
MLLT11_Expr,0.005598054135447404,0.04252304858880604
SMARCA4_Expr,0.026096821713813986,0.042385624721549185
GPC4_Expr,0.04108786991839124,0.04237971589086714
FOXO3_Expr,0.03357797209221566,0.042375190120482645
GNAS_Expr,0.025958286002525477,0.04209793067281127
LS_120,0.04819866681999364,0.04202866476726144
LS_134,0.03494830101192692,0.04202633206550719
DNA_repair,0.03360851960072059,0.04199335173068943
HSC-like,0.006911929147510869,0.04194141019794448
ErbB2_ErbB3_Signaling,0.036635665339194115,0.04189776068335534
NONO_Expr,0.06097990715183448,0.04173751686602154
ERK5_Signaling,0.050407908315256295,0.04164533339286329
SRSF3_Expr,0.08577631708674918,0.04160284330368419
Hypoxia,0.03736709190663605,0.04154943196807823
SFRP4_Expr,0.0023019358120162196,0.04149732915215947
PDGFRB_Expr,0.03900069659968649,0.04148898731915474
AUC__UVB_Induced_MAPK_Signaling,0.07818962369774934,0.04144932943702599
CEP89_Expr,0.006288617245533043,0.04141178155241991
ACVR2A_Expr,0.027360768406965264,0.04134516824631359
AUC__p38_MAPK_Signaling,0.004628734979614325,0.04127925705189995
LS_157,0.029151587062067684,0.04123650609692187
POLG_Expr,0.018415565278308912,0.04106552421343108
GATA1_Expr,0.0034432925267571155,0.04105262833442204
FLCN_Expr,0.06589093580961124,0.0409801088435748
RP11-114I8.4_Expr,0.03358259896588441,0.04090211772234115
CD177_Expr,0.0009187019632881465,0.040871347039049266
LS_246,0.03250051280342852,0.04086822516449217
SET_Expr,0.0602337612034137,0.0408149698151337
AKT2_Expr,0.0023609102285056813,0.04068011523072786
ABL1_Expr,0.011526782604564436,0.04066131293493068
TP53_Mut,0.02199199608436148,0.04063620722397708
LS_91,0.042445485084254705,0.040628849403322835
LS_148,0.014907060783472979,0.04062712487330769
ATIC_Expr,0.0517516771389497,0.04062334677483749
RP11-388P9.2_Expr,0.05931500323923601,0.04031042161901531
LMNA_Expr,0.012148742572539699,0.04024817935335569
DSG2_Expr,0.03553309018742538,0.04024592619167594
DDX5_Expr,0.06136591936611433,0.04019341549292899
PPP6C_Expr,0.01249240185861501,0.04018803129961384
PREX2_Expr,0.002722659758474551,0.04009295195638055
FANCF_Expr,0.046637355791308954,0.04007894959578427
TGFBR2_Expr,0.04158793473508374,0.03998475561010348
SGK1_Expr,0.006587290296232249,0.03997276871494853
Barrier_genes,0.00810468703693969,0.039895269970681414
SDHAF2_Expr,0.0494721976971788,0.039860457777772355
MYH9_Expr,0.0401633386554011,0.0396730652772983
ERBB3_Expr,0.026143840401816755,0.03965587164277824
SPEN_Expr,0.03179405859958898,0.03960441058223987
TCF7L2_Expr,0.011692044093826584,0.03957514975599517
ABL2_Expr,0.05442271518764892,0.039548509404333174
Apoptosis,0.024664763282083467,0.03954684542832312
HEY1_Expr,0.01460789233469465,0.039458223754526366
LS_130,0.0408174383544496,0.03935915850012508
PML_Expr,0.009948816098837784,0.03928397820931518
BCL2_Expr,0.020923464219203162,0.039173861568241534
HSP90AA1_Expr,0.030129062903885534,0.03916758164295659
p53_pathway,0.020210875301897507,0.039129533600563586
LS_190,0.018675572847844796,0.03904518853789657
LS_135,0.04301803296550005,0.03892952217554979
TPR_Expr,0.02914876487605635,0.038864359691689825
CD34_Expr,0.017461189843095058,0.03883348185432247
IDH2_Expr,0.05219848076534251,0.03877419455958135
ARPP21_Expr,0.007694076541661043,0.038754788620147494
EPX_Expr,0.007989995488772914,0.03873272280972394
BCL9_Expr,0.017126259071780135,0.03866175022743983
MAML2_Expr,0.06401175588987763,0.03863830174705694
MAF_Expr,0.007914469728455331,0.038540407953300375
NFKB2_Expr,0.03304991513361375,0.03853455481425706
FAT4_Expr,0.020665462768632747,0.03852029556532817
ELK4_Expr,0.037073931741952844,0.03833286122531375
TSC2_Expr,0.021019001355385744,0.03827778625788889
BCL7A_Expr,0.019160858001097698,0.03815519196460589
CLTCL1_Expr,0.018581745439707163,0.0381442900062435
BCLAF1_Expr,0.03594974041260717,0.038102219684053244
LS_26,0.012253517067645823,0.03810180803688114
ERCC3_Expr,0.06179601476691234,0.037937277521806506
NUTM2B_Expr,0.002561506049550131,0.037848481684964824
Estrogen_Dependent_Breast_Cancer_Signaling,0.057781085825735205,0.03782537274540793
VAV1_Expr,0.006727145301011977,0.03779750728667594
LS_164,0.05312781522557427,0.03767091729569029
KAT6A_Expr,0.03857561188925332,0.03756247928353215
TFE3_Expr,0.07325978393606727,0.03753914856572752
LS_217,0.03072555915303287,0.03747742241030981
CASC10_Expr,0.036434863049219245,0.037445507940551126
H3F3B_Expr,0.04426230592772982,0.03728352883369036
ARID1B_Expr,0.0477176071328659,0.037271100795052144
PRPF40B_Expr,0.024921669350618406,0.03724396755767767
FKBP9_Expr,0.0620261672403659,0.03711020223193801
HOXB9_Expr,0.024843297313042054,0.037106905121971276
LPP_Expr,0.04446950656778819,0.03709020453702285
FGFR3_Expr,2.0145593149109918e-05,0.03707754712681064
LS_72,0.0539279360465488,0.03697731439288905
CCR4_Expr,0.02992688259578154,0.03681698254098669
SMC3_Mut,0.011221634185701322,0.03675237030836752
M7,0.029997335593486323,0.036727853623517125
SIRPA_Expr,0.032926829559800114,0.036565951763229944
C20orf166-AS1_Expr,0.016225381929820995,0.03654353906579193
EGF_Signaling,0.02139715025725247,0.03651776557916762
EPAS1_Expr,0.04766913915135019,0.03642082529904006
LS_176,0.03800474710674113,0.03641363276225075
LS_76,0.03852351722988673,0.03630963920620546
ETV1_Expr,0.031375438819767246,0.036290591728016616
PMS1_Expr,0.05047932740670801,0.03619833948694137
SMARCB1_Expr,0.03938787460242497,0.03618219203232105
USP44_Expr,0.0071850520734596714,0.036090882582336434
IL12A-AS1_Expr,0.01626966896342154,0.03584532177710564
NRAS_Mut,0.06260800884670056,0.03581826953873229
AUC__Notch_signaling,0.038748968108767205,0.03574911759484989
CALR_Expr,0.033082110390212895,0.03557949231249388
DNAJB1_Expr,0.020353673919567886,0.03533178639729345
FH_Expr,0.011511856072479005,0.03511198636077857
RPL10_Expr,0.04567189537152876,0.03510049237083727
TPM3_Expr,0.02770044242348702,0.035038452660175703
LS_5,0.03708050503582735,0.03494019624015553
RARA_Expr,0.044380627777759724,0.03481518520364942
MECOM_Expr,0.015889307040568075,0.03465231488081781
MAPK_up_genes,0.010334437591990752,0.03464570289304317
AMPK_Signaling,0.04424968009099055,0.034543479907582726
FANCA_Expr,0.012939766364730085,0.034474415248244954
HIF1A_Expr,0.01537685595712384,0.03436319159920866
PTPRB_Expr,0.027181585124895224,0.03432885577918253
LS_160,0.041670483527898594,0.034284441219693755
DOCK1_Expr,0.021437525090001668,0.03428422996700394
GMP-like,0.008654970150921976,0.03424167136160574
Oxidative_phosphorylation,0.03648537582132313,0.034206796097790565
MGMT_Expr,0.03422738624408262,0.03409733071064253
LS_220,0.0498200815680329,0.03394491559235792
NCOA1_Expr,0.042060033784363474,0.03391201261627919
M8,0.0017978760764116345,0.033801710848400744
LS_79,0.021566816015080998,0.03379431868250608
LS_24,0.03678986660941734,0.03379320438238716
PDGFB_Expr,0.038092595785559444,0.03378511013624355
AKT1_Expr,0.015076160856130914,0.03376972751307651
MLLT10_Expr,0.01458100647183606,0.03372877421543406
ELF3_Expr,0.024669656723604525,0.03371604682120051
RPL5_Expr,0.06422784375534688,0.03369501087849248
LS_55,0.03820727303797286,0.03354052616908415
HOXA13_Expr,0.005736723829323351,0.033494733998681796
WRN_Expr,0.014488130063209528,0.03345778863306058
MSI2_Expr,0.04772599419829116,0.033317661338076836
RBPMS_Expr,0.014864269619131237,0.03326093206305872
LS_31,0.043231009790478676,0.0332536898334453
LASP1_Expr,0.004671992419232657,0.033250248064730904
SF3B1_Mut,0.009745206978244,0.033031434078268376
CHD4_Expr,0.01947858735104579,0.03299075944628786
MAP2K1_Expr,0.05867441622026964,0.032965056438583405
BLM_Expr,0.03260352268730775,0.03295411950693998
SEPT6_Expr,0.048953450474164995,0.03290654923541266
CCL2_Expr,0.033156210133559925,0.03289162812804395
PMS2_Expr,0.041260157712055885,0.032885418373400185
ARID1A_Expr,0.008319790863000788,0.03286930627215691
ACOT2_Mut,0.003935124808183011,0.03279862974559195
AFF4_Expr,0.015680552225775145,0.03271242895169117
NOTCH2_Expr,0.027005217595790647,0.032653316490148826
LS_203,0.03430733585198024,0.032614823491021724
PROM1_Expr,0.0044751162667929,0.03253705897920519
HOXB-AS3_Expr,0.027971546296655457,0.03252746431588954
ARHGAP35_Expr,0.03166238941473819,0.032445527730208076
ALDH2_Expr,0.020157834301907727,0.032424157400426354
LS_198,0.03487876789517544,0.03235758867601259
ERBB2_Expr,0.003020397743867387,0.032354408913305766
LS_21,0.012131762081515979,0.0323022800432593
GLI1_Expr,0.014602940526885459,0.03220990718703304
ANK1_Expr,0.0043100565313567655,0.03203453833376633
LCK_Expr,0.01962753327632249,0.031931822720881915
LS_154,0.04673692050941183,0.031890654572336065
NACA_Expr,0.06302351439894224,0.031728365736150496
LS_182,0.00607390015902246,0.03170776015371693
MYB_Expr,0.04099114661880038,0.03164618842628905
MAP3K1_Expr,0.010625850565344798,0.03156365715394049
NKX2-3_Expr,0.0003910339089951058,0.03154819153705279
LATS1_Expr,0.0038271402727554594,0.031540044566871726
CD274_Expr,0.027583908514355545,0.031458812626346144
ESR1_Expr,0.012140171620929358,0.03132752356726259
GATA3_Expr,0.024418670038478554,0.03122574044513711
ATF1_Expr,0.05233750656909525,0.031138429729668706
DGCR8_Expr,0.0073930670258231905,0.031122501546469613
LS_238,0.013770278116921527,0.03109591135332935
CCNB1IP1_Expr,0.049474192509495765,0.03106674852935768
AUC__Glycolysis,0.015367884338133004,0.030899193225370384
KDR_Expr,0.02588712256050493,0.030866300134482154
ELL_Expr,0.04528801860937863,0.030850212106713345
TCF12_Expr,0.022572779194876623,0.030737085989376207
UVA_Induced_MAPK_Signaling,0.014170136177387348,0.03061561315174171
PATZ1_Expr,0.05425890874183673,0.03052542727182492
AUC__PI3Kgamma_Signature,0.04038333046040747,0.030524663153970847
CHIC2_Expr,0.043433762025649,0.03042577146097939
MLF1_Expr,0.047047985801952526,0.030343651899879167
WAS_Expr,0.003968596300705331,0.030300986427654112
AUC__Immunogenic_Cell_Death_(ICD),0.022397091687905376,0.0302738872025484
WDFY4_Mut,0.0036432622360792226,0.030191381511690454
KIF2B_Mut,0.005886331087940351,0.030191381511690447
MDS2_Expr,0.008869364520167042,0.030110388642233817
AUC__ERK5_Signaling,0.0522335047642025,0.029953619137650843
missense_variant,0.0027559833910921847,0.0299421232693225
RP11-129J12.2_Expr,0.003381271402524178,0.029902266257428117
LS_199,0.023324735912065537,0.029894846971412963
TERT_Expr,0.05676815630318863,0.029872136090419877
HPGDS_Expr,0.006476494415831002,0.029868976802666827
MEN1_Expr,0.04104847306585982,0.02975584427128449
KCNE1L_Expr,0.030910873469708302,0.02974067351154857
inframe_deletion,0.009536180113366195,0.02959478743473766
ETV6_Mut,0.0016908448854483984,0.02950576488418212
IGF2BP2_Expr,0.011086755826777036,0.02947154476081676
KMT2D_Expr,0.026668838127458863,0.02940266707431844
mTOR_Signaling,0.013688708611380185,0.02936398173698756
PWWP2A_Expr,0.0006350576281006394,0.02936298814262389
HIP1_Expr,0.00404861207067047,0.029340776572040924
POLE_Expr,0.0006179421514144002,0.029321669001571373
KIAA0087_Expr,0.009139211082834527,0.02927483336950565
AUC__EGF_Signaling,0.07346326494616238,0.029270944763032106
PICALM_Expr,0.04640101342652474,0.029152943679165235
ID3_Expr,0.05663422188054969,0.029152412688833944
HLA-A_Expr,0.0077639767048680395,0.029124925243617185
CASP3_Expr,0.013703385297048119,0.029042181819537112
RP11-497G19.1_Expr,0.0410565804165357,0.029025999868675205
PAX5_Expr,0.0008495094741950089,0.029023329563090512
SMARCD1_Expr,0.05159622634992149,0.0289919079641091
SUFU_Expr,0.04120844709105801,0.028974992933856587
PER1_Expr,0.004160557881519618,0.02893878039344723
KIAA1456_Expr,0.04974499819900449,0.02891510588798155
ACVR1B_Expr,0.033659530579739576,0.028903970198828642
Mitotic_spindle,0.042234540317014416,0.028898718191779287
SH3GL1_Expr,0.04068463565817699,0.028874446761404108
POLD1_Expr,0.03915262826723838,0.028806832114051075
SNCAIP_Expr,0.021449128218130935,0.028751898183539747
MUC1_Expr,0.012168856759562894,0.028748443591338713
CUX1_Expr,0.0016431482849485286,0.02858787147103804
STAT6_Expr,0.002510323481390498,0.0285041925160054
NFE2L2_Expr,0.06316254925247239,0.028452609064980372
MDM2_Expr,0.004977632092551204,0.028443135232337626
SETD2_Expr,0.07127385788228843,0.028395670662578053
LS_74,0.03531402104157276,0.028305858082810383
DSC2_Expr,0.008009599423984938,0.028303632977581615
AHSP_Expr,0.02364019602975139,0.028261143785855092
TFPT_Expr,0.008916124521208721,0.02806723543115069
CCND3_Expr,0.07758076918568312,0.028046194542482902
AMER1_Expr,0.022614208197008975,0.027858788322437912
CLIP1_Expr,0.04769097426619209,0.0278467515211652
RP11-497G19.2_Expr,0.03498310727481288,0.027607918120992333
LS_67,0.020537666149638516,0.027497230844167646
MAMLD1_Mut,0.0013835732007189024,0.027343594632901758
LS_226,0.02308027964238896,0.027336867697167273
FOXP1_Expr,0.009479470028656692,0.027335940953663578
AUC__UV_response_down,0.02539288391568176,0.027332574979791083
Immunogenic_Cell_Death_(ICD),0.0002681654671467936,0.027242463965929203
HLF_Expr,0.0006293527319072552,0.02720247786577482
CA1_Expr,0.02507555774896926,0.027178772006182256
STAG2_Mut,0.042478010292789525,0.02715423646782491
LS_103,0.04538985198555495,0.0271343421804382
STAT5B_Expr,0.013625194442006694,0.027133270813597263
BCORL1_Mut,0.00850771193364695,0.027124128908395214
LS_178,0.03508896198756647,0.027085254689469398
LS_181,0.025931184343186954,0.026984520711267862
CCND1_Expr,0.004562712774211381,0.026942278413035616
XPA_Expr,0.020884000091085247,0.026893495544997405
QKI_Expr,0.057497336543565696,0.026863493870715224
LS_237,0.03882659354731728,0.02678664187505902
WNK2_Expr,0.004985289540679815,0.026785284389964165
LS_171,0.0398226697436546,0.026652892341531325
PI3Kgamma_Signature,0.0020203147393527557,0.026649750379721695
CALR_Mut,0.002056272985549222,0.02664326138037703
TAF15_Expr,0.050522374446589316,0.026616138863258948
SLC4A1_Expr,0.02860962257535341,0.0266085402752371
LS_153,0.010996365230200858,0.026360859742616535
LS_108,0.0026334533469963496,0.026250769995373624
TP63_Expr,0.03422799832378478,0.026246830339472102
PIK3CB_Expr,0.036941223805403704,0.02621069923159219
PHACTR3_Expr,0.044277577579605855,0.026208268626519537
BIRC6_Expr,0.029067376864831015,0.026200323905904755
ZEB1_Expr,0.02212944218680569,0.02619622933709452
RAF1_Expr,0.012966758947005781,0.02619483091591835
PXDN_Expr,0.02866957465375421,0.026122267428603435
MLLT6_Expr,0.04507610496467667,0.025948603307630127
MN1_Expr,0.011937509715146082,0.025922283934913606
TCHH_Mut,0.011226954506458333,0.025905915383319197
HOXA6_Expr,0.034761573794984464,0.0258767905053276
CPEB3_Expr,0.02767929180167435,0.025788993733794133
CREB3L2_Expr,0.022080450212398295,0.02576546896909242
M21,0.03051760141071823,0.025762660289214485
COL2A1_Expr,0.009398380779185934,0.025761432023614913
splice_donor_variant,0.0053764234897732445,0.025757762707976195
NDN_Expr,0.03068556068129656,0.02574595611059905
Hedgehog_signaling,0.011899478483151186,0.02564740705283916
SYK_Expr,0.015746007849597017,0.025624133244172106
JAK2_Expr,0.024152424200593603,0.025512564715558832
NEO1_Mut,0.0,0.025482581246407295
LCP1_Expr,0.030976205224295186,0.025458341778002744
LS_132,0.0023844284310612454,0.025428469288049496
FGFR2_Expr,0.028452121157359993,0.025372995278044472
LS_161,0.004377109572804037,0.025155653507394706
HOXA7_Expr,0.02468849572662523,0.025081029408407868
TRH_Expr,0.010170686772914663,0.02505182070931038
LS_29,0.04305589795436345,0.024962557752532005
HER_2_Signaling_in_Breast_Cancer,0.048117015333146496,0.024922621179795164
RUNX1_Mut,0.013833774272712143,0.02490642850857985
FAT1_Expr,0.0013012092235213278,0.02487555485397756
MAFB_Expr,0.024036474871720767,0.02481632214771864
PLEKHG4B_Expr,0.0380851142519911,0.02477702931986778
FN1_Expr,0.06809228088621885,0.02476751308283617
LS_115,0.012430397913289211,0.024745344802977885
LSM14A_Expr,0.011567283052573906,0.02467302957564591
M12,0.01107922267323014,0.024611382318110303
LS_191,0.03909643864274229,0.024562421516668837
AUC__ERK_MAPK_Signaling,0.04597294078932046,0.024560947280711242
AFF3_Expr,0.03829332760010766,0.02452463146636357
EIF3E_Expr,0.05795766972614944,0.024500075106323255
PRDM2_Expr,0.015408365208019179,0.024472549574219883
CSF3R_Mut,0.0046311350549926265,0.02440949512081415
GYPA_Expr,0.016539450426278173,0.024383709351816413
RPL22_Expr,0.0519504046895908,0.024371355958815972
AXIN1_Expr,0.02161216563451948,0.024365762616375793
LS_192,0.03160481037309345,0.02434335774209853
CDK12_Expr,0.017539858076727706,0.024322658887168544
BTG2_Expr,0.013900052732466925,0.02429773303185358
SOCS1_Expr,0.008419892849665092,0.024268087099254838
PIK3CA_Expr,0.04035917094712291,0.02425104570927905
LS_232,0.0265656276747064,0.024207788256420844
NSD1_Expr,0.0574360392878853,0.023984639288898393
NPTX2_Expr,0.0009014473870541228,0.023919223938142047
AUC__Proliferation,0.030710993445909093,0.02379754068770431
FOXO4_Expr,0.04252588149484997,0.02365885201199641
MAX_Expr,0.02619963800042143,0.02359474732505851
CTCF_Expr,0.006035972436874003,0.023559781260380833
MUTYH_Expr,0.03648021772908317,0.023556508480919034
AUC__PI3K_AKT_Signaling,0.05536656051284171,0.023479607584540565
ATRX_Expr,0.03385579521004088,0.023341568213367515
ERC1_Expr,0.037393988000330766,0.023308319046169767
FIP1L1_Expr,0.01655556485908814,0.023278590002310574
KDM6A_Expr,0.028969144934440434,0.023176861472285346
RHOA_Expr,0.0601252924968007,0.023167112931903135
MYD88_Expr,0.02733132089868479,0.023165978206131775
FANCE_Expr,0.024195317933962134,0.023118568344537883
RFWD3_Expr,0.013340376874958988,0.023112494248085105
MUC16_Expr,0.0034631480220220045,0.023090430410351533
EZH2_Expr,0.01610171108050155,0.023077125543910604
BCL10_Expr,0.0282093046148837,0.023073216851320015
ARHGAP5_Expr,0.0399174959512109,0.023050263049294622
NAB2_Expr,0.004834054691006234,0.023050225274863292
CRTC1_Expr,0.03725037922304158,0.02302786414487254
ARNT_Expr,0.04893675513246143,0.023004940526065616
LS_89,0.004126905931676142,0.023002490661890307
THBS1_Expr,0.009074863768568536,0.02295025052413212
AUC__PI3K_Akt_mTOR_signaling,0.05804650477363625,0.022848005935524638
IKZF3_Expr,0.007907060559456724,0.022847143664365802
CD28_Expr,0.01829700752172839,0.022705417904825248
PCM1_Expr,0.04506288528044007,0.022704296228838204
LS_207,0.008655617366447665,0.02263003829007318
HBA2_Expr,0.03367323573087005,0.022567950295838912
PPIL4_Mut,0.0046136436474150935,0.022559844726781755
HOXB3_Expr,0.010431059069405184,0.022301851232734
MED12_Expr,0.021996642736275385,0.02227541983813513
HBB_Expr,0.04730278643327546,0.022204290447773983
SUB1_Expr,0.04268594983796098,0.02219678196886058
PI3K_Akt_mTOR_signaling,0.0014750966103156643,0.022141102902737058
KDM5C_Expr,0.009130891912914314,0.02201837709177129
HIST1H3B_Expr,0.014354927865647958,0.02198663207719845
LS_145,0.03379536422120226,0.021971956579191806
TPTE2_Mut,0.010769475941330623,0.021953381134864728
BRINP1_Mut,0.0,0.021953381134864728
CTNNB1_Expr,0.01627839497996596,0.0219325116120233
KAT6B_Expr,0.029800580542943083,0.021846587337253087
KIF5B_Expr,0.020138639499566624,0.021782269974996472
JAZF1_Expr,0.02927500753135457,0.021623021280022827
MYO5A_Expr,0.0031914389252602356,0.02157306413436534
IL7R_Expr,0.024114949536529588,0.021536697451951456
ALAS2_Expr,0.029857693370341536,0.021523052551575782
GOLGA5_Expr,0.03279656367846392,0.021485809060656166
CBFB_Expr,0.0558322830567926,0.021458617699470793
SEPT9_Expr,0.016587690384461087,0.021420152661797462
FANCG_Expr,0.005296665774294598,0.02141723076183794
USP9X_Expr,0.024331521499327175,0.02139263926604792
NF2_Expr,0.03756179884490794,0.021333056474976523
SDC4_Expr,0.025144906157704393,0.021307291337946073
NF1_Mut,0.0004789427037016598,0.021301578889233168
MAN2A2_Mut,0.0,0.02129084121814487
MED13_Mut,0.020483994549201037,0.02129084121814486
MYT1_Mut,0.005029058192736718,0.021029906460374694
MKRN3_Expr,0.01628542340213217,0.02101343805151304
FLI1_Expr,0.019415638193311116,0.020964626971798406
LEF1_Expr,0.033556151279187096,0.02096358201264793
GNA11_Expr,0.04335792017734901,0.020960285944647963
ZMYM3_Expr,0.036474697613407187,0.02090297079769759
NUMA1_Expr,0.016870311537218925,0.020902612041335866
M1,0.013385463984722882,0.02087129999349238
CXCL12_Expr,0.023807870894137956,0.020825736527758102
SNX29_Expr,0.012115850085367075,0.02072054097425641
DMBT1_Mut,0.0,0.02071974590778088
WT1-AS_Expr,0.024417969691595136,0.02065752388716167
LRP1B_Expr,0.012322611210033209,0.020620429011956685
AC004791.2_Expr,0.018501541520035265,0.020536727408379734
ETV6_Expr,0.04573104989707851,0.020520093449931023
BCL3_Expr,0.015752488299062846,0.02048736545466934
FAT3_Expr,0.04125285583369693,0.020482304942770084
RALGDS_Expr,0.01560786713111548,0.020475730241442662
FBLN2_Expr,0.006882054435185767,0.0203939592059048
BEX1_Expr,0.01024841923610509,0.020327799177809577
APC_Expr,0.04927855720969067,0.020322439063187637
LS_54,0.03245537153267636,0.020276040312618728
stop_gained,0.009615560939063485,0.02025965409635322
ARID2_Expr,0.009787107559475816,0.020237377171324844
WT1_Expr,0.02765671085065901,0.020195263227267408
KMT2C_Expr,0.009988533014895615,0.02019496532726944
ATM_Expr,0.03071078612792257,0.020145000746176065
CIC_Expr,0.01770137436432106,0.020141654192049305
DDR2_Expr,0.03036317840831771,0.02012919557630979
LS_112,0.023206938487330513,0.019984771051753662
NFATC2_Expr,0.008324825626259197,0.01996887685740152
BAP1_Expr,0.027655221827955684,0.019953349186652734
CDH1_Expr,0.013971870953267702,0.019909086582307424
SPECC1_Expr,0.012597717723864772,0.01989289551007086
USP8_Expr,0.03550547887659494,0.019803976377607405
ACSL3_Expr,0.027785903315143114,0.019792253756116717
DNMT3A_Expr,0.035804642712002274,0.019758762851452692
SAGE1_Expr,0.04343053435742237,0.019726422218580546
M16,0.0022305882933598377,0.019719181347860597
LS_32,0.033080088907947315,0.01971716591000296
RABEP1_Expr,0.002229471707693245,0.01964624028090879
DLG3_Mut,0.006571419671290338,0.019641197719257722
BRCA1_Expr,0.005103001209879192,0.019614831475791208
LS_174,0.03364388781837945,0.01961110136376446
mTORC1_signaling,0.018316058937692944,0.019584474986914964
TRAF7_Expr,0.023081857866980873,0.01956599605006873
IGSF10_Expr,0.08418162379149767,0.019531321996033107
LS_187,0.013215805121931611,0.019493157296033195
LS_109,0.03329530934784441,0.01932437846441134
LS_231,0.037302451630826905,0.019320832042298286
Mismatch_Repair_in_Eukaryotes,0.009007821408968754,0.019194736076843806
NTRK3_Expr,0.01757717053640622,0.019106525062895348
LS_93,0.008640445067930885,0.019088831945777422
BRD4_Expr,0.01688453126236909,0.01908514853345083
PKD1L2_Mut,0.020946127807775168,0.01907242443794532
RIMS1_Mut,0.009846515263174356,0.01907242443794532
LS_30,0.028860176792964935,0.018909029961467518
GOPC_Expr,0.019182736431695078,0.01881880604575433
PPARGC1A_Expr,0.0020379604962068565,0.018800607388664233
VHL_Expr,0.02614295095708607,0.018704723150290183
BCORL1_Expr,0.04379973419369038,0.018636270679478966
POU4F1_Expr,0.019596548794523085,0.01862485878761988
BIRC3_Expr,0.014627908136755515,0.01859340477616304
SCN9A_Expr,0.0028869551400572454,0.01847906200049948
FANCC_Expr,0.01671588520733619,0.018472094511462773
SS18L1_Expr,0.015043771854476222,0.01846061382253298
ZNF521_Expr,0.006873073420091671,0.018442818604308086
SPOP_Expr,0.01579288521170768,0.018419005878135487
CRTC3_Expr,0.0071571004792644844,0.01839779026782668
SAMD7_Mut,0.020946127807775168,0.018353647459841613
RAD21_Expr,0.006453312384044218,0.018347090470227798
NTHL1_Expr,0.028908525628497505,0.018322218943596695
BRD3_Expr,0.0016853136786905332,0.018196839030863728
LS_205,0.028961588780868863,0.018112543737034085
HERPUD1_Expr,0.01615484005340984,0.018092355195649765
BTK_Expr,0.028372744498441616,0.01806333782828646
USP6_Expr,0.003953005273295991,0.018045748326245958
KRAS_Mut,0.14555319545468903,0.018035410232541235
JAK3_Expr,0.003998862075672475,0.01801959710626467
LS_56,0.0023244317248343437,0.017884139305646248
ATP1A1_Expr,0.02456726940674008,0.017870124240293165
WWTR1_Expr,0.04005590613591569,0.017833601827215138
LARP4B_Expr,0.019920676662165345,0.01777522941960263
NUP98_Mut,0.007457944857251364,0.017688430292822774
TNFR1_Signaling,0.018332721855628474,0.017665295836595166
ERG_Expr,0.010148528092551495,0.01764473564860617
DPPA4_Expr,0.0010266163762038252,0.017638367294304336
POU2AF1_Expr,0.002953088508385976,0.017587707147881625
MTUS2_Mut,0.013977184870952359,0.01758047607963778
SNCAIP_Mut,0.010630094572195247,0.01758047607963778
AARS2_Mut,0.0039841477175555804,0.01758047607963778
ASXL2_Expr,0.005811506116835337,0.017557040359598576
CLP1_Expr,0.020901576138693385,0.017534457213750857
SMC1A_Expr,0.0004878973246315769,0.017431529235104867
HOXA3_Expr,0.03077276675656066,0.017418253052485067
CNOT3_Expr,0.01166942996394893,0.017386620337883792
M23,0.0035247882171485874,0.017361958762298464
Progenitor-like,0.058005893536464855,0.017352295584017605
MYH11_Expr,0.037436760413218265,0.017311100614240793
CD79B_Expr,0.0026613420596021883,0.017287922407926183
JAK2_Mut,0.022204132158143333,0.017182596887077566
KDM5A_Expr,0.03022605186880929,0.01715337511947534
HOXA9_Expr,0.0003358182546234928,0.017138199824756995
IDH2_Mut,0.02869132665943072,0.017134915801717526
FNBP1_Expr,0.021974280512508576,0.017022876472068384
CREBBP_Mut,0.0015543176613364933,0.0168947545059479
PTPRC_Expr,0.01855514495831764,0.016867569960555467
DICER1_Expr,0.03937152321794889,0.016834645955394308
SLITRK4_Expr,0.01758342549314433,0.01681455520633244
SMAD2_Expr,0.034749481213305275,0.01681440267425351
GRM4_Mut,0.00871874323811088,0.016746269165046717
FAS_Expr,0.04411679490437215,0.01669204757847919
BMPR1A_Expr,0.028354630374413114,0.01658742459292789
APOBEC3B_Expr,0.02186239072638632,0.016587190302322207
ADCY2_Expr,0.018046980827542143,0.016503698273160436
SF3A1_Mut,0.008766827131042248,0.016490989077065227
CDKN2A_Expr,0.023847603499353554,0.016443421853758095
CCNE1_Expr,0.016543435294135926,0.016433771552406082
RGPD3_Expr,0.01354094077025345,0.016428853353785487
BRCA2_Expr,0.0064124073350304385,0.01634198013042892
AR_Expr,0.00831949535307921,0.016317923673996686
NTRK1_Expr,0.02263209933185991,0.016234988675401348
B2M_Expr,0.009141025368589914,0.01622845662984325
LS_170,0.032243653295873795,0.016182528992430886
CDK4_Expr,0.035365342951921806,0.016167240107077704
CSF1R_Expr,0.03401596569001338,0.016137263007964534
CUL3_Expr,0.01115672531829959,0.01612677721926833
TFRC_Expr,0.045259054969759044,0.015997263738531272
KLF4_Expr,0.012688020880022438,0.015964938308830626
HOXA5_Expr,0.029235486336153013,0.015943899708134958
LS_10,0.03571883005090268,0.015906397678557876
BCOR_Expr,0.007993704602126003,0.015896826082218162
Promono-like,0.02409908168158521,0.015871336544145416
GPC3_Expr,0.01466330777928479,0.01587121095604862
NRAS_Expr,0.0019481786773664393,0.015868668871518297
ITK_Expr,0.008618612269315555,0.0158674013659189
ZNRF3_Expr,0.030397696558085746,0.015799514330127416
AUC__SHC1/pSTAT3_Signature,0.013627828333804428,0.01566179725334948
GSTM1_Expr,0.05520064294972341,0.015644628097777318
CD79A_Expr,0.0014615181696683954,0.0155768133244639
HMGN2P46_Expr,0.00972463318863046,0.01557089674578806
LS_243,0.02638683058117912,0.015556227923655873
SLC45A3_Expr,0.05821828209177313,0.01550601743956383
SH2B3_Expr,0.02541129686016433,0.015450747261721689
LS_41,0.008319280148977735,0.015442260212184455
MYCL_Expr,0.0004190557654266063,0.015409443759263617
NF1_Expr,0.020230266091958903,0.015385604762872863
CREB1_Expr,0.025208886666641925,0.015375537076119352
TET1_Expr,0.0329758357380744,0.015367801699390733
PRKCB_Expr,0.00962766501246444,0.015341604292886028
RPN1_Expr,0.02218909712102987,0.015289325185590634
PCBP1_Expr,0.04596117023451233,0.015266671544754836
MYO16_Mut,0.005886331087940351,0.015261383471207089
HUWE1_Mut,0.0,0.015261383471207089
KPNB1_Mut,0.012167303017664218,0.015261383471207087
REL_Expr,0.008993610825090918,0.015188961664614923
IDH1_Mut,0.059643277460593586,0.015171193543374728
LS_105,0.016346350200491785,0.015164426358821134
C15orf65_Expr,0.039209989361918794,0.015141723441882277
ACKR3_Expr,0.0219323606467383,0.015139065805891033
LS_37,0.03057304736479326,0.015135867938951096
TFEB_Expr,0.017992295945876105,0.01506363483643865
PPM1D_Expr,0.02983890233983426,0.015031230185681971
LS_215,0.03306017218768214,0.015024506780867761
LS_252,0.042740350568641367,0.014998258853267879
RBBP6_Mut,0.011277076374731179,0.01496186821560089
PDE4DIP_Expr,0.030125069613617887,0.014930740588411096
FOXA1_Expr,0.011223450081438524,0.014913398825551856
CRLF2_Expr,0.049436852953673664,0.01491077501906713
KDSR_Expr,0.005486397547672744,0.014788634762127138
SPEF2_Mut,0.011077869646911416,0.014734279407596555
BCL11B_Expr,0.0028450912716014615,0.014683801853052389
POT1_Expr,0.0016960491837895286,0.014648238488071235
LAMP5_Expr,0.0013520104267220944,0.014626929622298364
PTPRD_Expr,0.04372567650213157,0.014626828424460241
TET2_Mut,0.006767679250424522,0.014623144656276406
SMAD3_Expr,0.03899643332705691,0.014525837142075854
PDCD1LG2_Expr,0.02378353341586623,0.014500145628281044
EZH2_Mut,0.004939033501327849,0.01443625365212313
TET1_Mut,0.0,0.014383847626492027
TMEM132C_Mut,0.006571419671290338,0.014383847626492023
NTRK3_Mut,0.006571419671290338,0.014383847626492023
TRRAP_Mut,0.003545201970026966,0.014383847626492021
NPNT_Mut,0.009507597164232667,0.014383847626492016
VCAN_Expr,0.001703168067969135,0.01433439101116075
BRAF_Mut,0.0060283047861063145,0.014263640766816401
RNF43_Expr,0.051294397116129924,0.014262098138523001
PPP2R1A_Expr,0.00030418558860639616,0.014245734605710469
TBX3_Expr,0.016597894257483887,0.014217638656522417
LS_69,0.0032159222022644066,0.014213594117040894
E2F_targets,0.0005750315059573622,0.014138035943835956
MYH13_Mut,0.005276781731568253,0.014085327197711914
DUOX1_Mut,0.027032955977806465,0.0140235286275842
TOPAZ1_Mut,0.0039257960537190375,0.014023528627584199
TRPM3_Mut,0.0224061857872467,0.01401886112769949
ETV4_Expr,0.028576434953095566,0.014002786837423438
SCN1A_Mut,0.016001122343637098,0.013979999353837884
MSH6_Expr,0.013483216739135858,0.013974463878875312
SRC_Expr,0.020511700436854973,0.013972492598901527
TNC_Expr,0.009714382493889274,0.013971070056294029
CASP8_Expr,0.006273463097533223,0.0138570339516737
MMP2_Expr,0.02008462280977739,0.013840459464171282
CIITA_Expr,0.05246530173783226,0.013821058761246861
ZFHX3_Expr,0.027404661235269516,0.013815923372320694
FOXC1_Expr,0.001800702901891749,0.013807435902242518
LS_15,0.029201426507480113,0.013806576830786496
UBR5_Expr,0.015832746227697793,0.013771863265706235
DEK_Expr,0.002552837805057134,0.013762299837547507
ZIC2_Mut,0.0,0.0137565646293907
DDX3X_Expr,0.015279767124528906,0.013701736949539287
CEBPA_Expr,0.01649082799150046,0.013647081836216003
TSHR_Expr,0.04350280453052667,0.013644872631098816
SETBP1_Mut,0.002173045773756312,0.013621787967272855
EP300_Expr,0.0046792411233251,0.013603952189797505
FHIT_Expr,0.006682069097851433,0.01358134330659897
LRRIQ1_Mut,0.010049813968844414,0.01354366035606817
protein_altering_variant,0.011921270348531132,0.013543660356068167
CDH11_Expr,0.018348681946009117,0.01353052965725094
PALB2_Expr,0.025013386426378386,0.013513001232835019
NRG1_Expr,0.030074825057010222,0.01350446454406566
TSC1_Expr,0.03761238383455303,0.013447601328013958
CELSR2_Mut,0.01470310853536635,0.013433664334214987
EXT2_Expr,0.04122131470644663,0.013424470552469979
THSD7A_Expr,0.046174162708106446,0.01336759418070087
CDH2_Expr,0.0158520031869901,0.013224585296982862
PTEN_Expr,0.006380210397354834,0.01318239352626929
AUC__Myc_Mediated_Apoptosis_Signaling,0.04819351932833886,0.013152694345898778
STAG1_Expr,0.011837021322459822,0.013126660309606568
PDS5B_Mut,0.004175680437363211,0.013125121618297715
KNSTRN_Expr,0.021977958767531898,0.013045599683672188
IKBKB_Expr,0.03210795022278875,0.012928778661307042
RBM15_Expr,0.02092005943387465,0.012901095264165803
MITF_Expr,0.01973683410917779,0.0128657111750243
BCL9L_Expr,0.006226127063058002,0.01285954812258608
LS_75,0.0025768703478371087,0.012841811253034024
SEMA5A_Mut,0.004165576015589765,0.012829669108668314
LS_123,0.00022221406629761164,0.01269503167273231
LS_86,0.028331502405951354,0.01269360637435897
LGALS2_Expr,0.04024298943919964,0.012669482506833382
LS_96,0.028694033475184497,0.012667092616619403
HIST1H4I_Expr,0.003017228918713931,0.01252958836478083
STAG2_Expr,0.05141496892271298,0.012483284305199458
DNMT3A_Mut,0.010996573030651992,0.012466283795945166
PRKAR1A_Expr,0.006546110824507512,0.012445426489682594
HOXB6_Expr,0.008168369383464663,0.012444862781671505
LS_206,0.02841964678725259,0.012436631081745423
IDH1_Expr,0.005697344738484933,0.012396233867700812
SKI_Expr,0.019455954384281573,0.012376946523921553
FEN1_Expr,0.012192186449145206,0.01237628116672608
PHF6_Expr,0.009598362710773304,0.01236119101266478
SYCP2_Mut,0.008337801119095411,0.012337741022959757
CHST11_Expr,0.002804286493562747,0.012326164367507499
CARS_Expr,0.04290150350079801,0.012306220963055224
STK11_Expr,0.012416159515806503,0.012290812908104388
CCDC6_Expr,0.04227391593205276,0.01228838682735002
PRCC_Expr,0.0073917479728124605,0.012287646794792743
ARHGEF10_Mut,0.0,0.01226554177583479
TNIK_Mut,0.0039841477175555804,0.012264434689672237
CCND3_Mut,0.019561800508196718,0.012264434689672237
KMT2D_Mut,0.01838575183943996,0.012264434689672237
LS_150,0.03129594804704622,0.012194056278788149
PTCH1_Expr,0.018710107239332176,0.012131963787343889
COX6C_Expr,0.05809339216562815,0.012083565267615934
TPM4_Expr,0.009466794328514296,0.01207886748608497
IRF4_Expr,0.004298338696025371,0.012039213826546217
U2AF1_Mut,0.0020643285257860777,0.012036525613358657
LS_14,0.028441649015097676,0.01203068565619237
cDC-like,0.02934218277425018,0.011988285209426651
ETV5_Expr,0.023588213174530585,0.01198732548323148
LS_230,0.028586089113454984,0.011967390486160225
LS_223,0.005729145663512088,0.011932908614426956
MSH2_Expr,0.019855361026063802,0.011926362510552842
CBFA2T3_Expr,0.016222639819088662,0.011839219969816142
LS_9,0.028083991262519037,0.011765474771736622
WDR43_Mut,0.014948627717689076,0.011756431291045226
EIF1AX_Expr,0.022835385682341867,0.011738372032267682
ST18_Expr,0.010004554393964873,0.011694893935133522
RECQL4_Expr,0.0005491170431337434,0.01167877882823475
CARD11_Expr,0.01551391052049551,0.011654390103269671
TBL1XR1_Expr,0.009544416200710473,0.011653206809744793
BUB1B_Expr,0.016812166434624562,0.011607865718579451
NCOR1_Expr,0.0030380219876745794,0.011556509996355276
BTG1_Expr,0.006098216842049658,0.011437697395788591
EPS15_Expr,0.004906881431408872,0.01143585680585159
ZRSR2_Expr,0.0012504050013745843,0.011411323241237845
SDHB_Expr,0.011969629240890407,0.01138902440571624
LS_225,0.028000620417195237,0.01128088714587687
NIN_Expr,0.017089004036028616,0.011112018043772187
SETDB1_Expr,0.009702948993292784,0.011105529660204417
frameshift_variant,0.01690460245024549,0.011054393964257832
SMO_Expr,0.03297797799371111,0.011018580948440512
ERCC5_Expr,0.005838529778373969,0.01094044345754436
EP300_Mut,0.0023261788614808094,0.010927460935622366
CDKN1B_Expr,0.00398058504405594,0.010852793779031538
SBDS_Expr,0.018100890035469268,0.010824693032021354
SMAD4_Expr,0.030243009573844383,0.010816282298054572
LS_184,0.011273973107439831,0.010787352539246706
ZBTB16_Expr,0.044253569356102244,0.010680619941510816
LS_99,0.013644822090517117,0.010667947459048673
MYO18B_Expr,0.0070645154101275425,0.010645437046163872
PABPC1_Expr,0.02569703293862529,0.010551279758211234
PTPN11_Expr,0.012935340155961124,0.010528043859818086
DNM2_Expr,0.045942854285680006,0.010481515304204908
ESPL1_Mut,0.0,0.010460271515783498
LS_195,0.017356672954126157,0.010437040507308168
GOLPH3_Expr,0.017591867644464097,0.010433673595451932
CBLB_Expr,0.008902078152817763,0.010391086573490678
splice_acceptor_variant,0.007653388312454254,0.010383807418227095
PTPN11_Mut,0.007754817269788028,0.010326501829679952
PRPF8_Mut,0.0,0.010282839464044175
ZNF384_Expr,0.007587677627852112,0.010251549047458723
GATA2_Mut,0.02485755578808257,0.01017845302656817
BARD1_Expr,0.02315238482776333,0.010149343713151904
LS_44,0.012427556111233999,0.010107804514351743
M4,0.025158818158792968,0.010102264390961785
U2AF1_Expr,0.04359972092159469,0.010033213902850835
PHF6_Mut,0.005916873741816703,0.00997207222491432
KDM5C_Mut,0.020483994549201037,0.009962016493816773
MAPK13_Mut,0.0,0.009962016493816773
GRIN2A_Mut,0.0066847284433445165,0.009962016493816771
LS_49,0.023428182102205732,0.009958445708766802
LS_53,0.030751366081379964,0.009925171497297401
LS_228,0.027687876422463058,0.009868979739313794
SDHD_Expr,0.004927183331488234,0.009853426447069517
CADPS2_Mut,0.0,0.009774230773194947
RIT1_Mut,0.003375872698872313,0.009753750447745145
LS_180,0.02704659801149274,0.009712320165160049
LS_25,0.024208652584503134,0.009709727897500634
LS_51,0.026997767603184775,0.009654318769973474
ADAMTS2_Expr,0.027853175179975473,0.009602460389629483
AUC__MAPK_up_genes,0.03713558603700202,0.009577263878310162
KCNG4_Mut,0.005647209550845088,0.009501126801303904
LS_210,0.026118799691901673,0.009482265729707822
MSLN_Expr,0.007279602395004246,0.009479922266730664
LYL1_Expr,0.0011279592525368627,0.009428049232673078
UNC80_Mut,0.017442041753996163,0.009391673037647411
ARHGEF10L_Expr,0.01428770170027456,0.009370055888282295
NBEA_Expr,0.03711378977959346,0.009330864256308233
GTSF1_Expr,0.031582949234088276,0.009328379368268707
CD300E_Expr,0.00954808927557007,0.00929124271493436
LS_193,0.0017347816777981994,0.009223351527322595
PTK6_Expr,0.016552868320214364,0.009147382800402788
NFKBIE_Expr,0.0015241694252483107,0.009130077844088442
CACNA1D_Expr,0.022141540559341436,0.009090705846997964
TNFAIP3_Expr,0.013386472569148579,0.009053775606352395
CDKN2C_Expr,0.027320043745983506,0.008965442506673077
LATS2_Expr,0.012347207514107386,0.008960000065239145
TCEA1_Expr,0.027750696453439024,0.00895268657221484
PSIP1_Expr,0.02102370674666084,0.008866149486838894
PPFIBP1_Expr,0.025718421341931443,0.008838322253528456
DEFB1_Expr,0.01713696000698432,0.00883200034915223
BAZ1A_Expr,0.024931546900897928,0.008757315620577303
DPP10_Expr,0.01986814375731654,0.00870921816928468
MDFI_Expr,0.027288360727372965,0.008670329688197274
LS_149,0.027300154269846864,0.008557497277329245
PRPH_Mut,0.0,0.008547709342317533
EPHA3_Mut,0.00104274682771598,0.00854770934231753
MUC4_Expr,0.009226724601727767,0.008537082605614551
FLNB_Mut,0.004707876361401746,0.008507256619634376
TNFRSF17_Expr,0.024491889585094743,0.008443089977294184
FAM131B_Expr,0.049853997193747036,0.008387217317926382
RP11-424G14.1_Expr,0.014309694887945722,0.008376229352641753
PRKY_Expr,0.014256259284360969,0.008365592877981535
LS_152,0.019355731453106505,0.008274221191942169
LS_169,0.009479670036078719,0.008239865942401016
ACAN_Mut,0.023622219574812645,0.008211931738400804
IKZF1_Mut,0.011297299311968177,0.0081836285088602
CYLD_Expr,0.03772112012446943,0.008148995910105494
PRAME_Expr,0.00881158377928815,0.008122430583993723
LS_83,0.02742103536722591,0.008005973052639634
COL1A1_Expr,0.0032690203807781986,0.007986191881265254
KIT_Mut,0.01785852833881764,0.00796190051161437
PDGFRA_Expr,0.050253735892362233,0.007950463067172665
AL589743.1_Expr,0.018024262106451576,0.00788702086668423
PC_Mut,0.010630094572195247,0.007830729108981433
ZBTB47_Mut,0.01535530968517071,0.007830729108981431
AUC__UVA_Induced_MAPK_Signaling,0.045015878722280765,0.007802784130546793
CREB3L1_Expr,0.017443330097028694,0.007802163596073001
CES1_Expr,0.009153537074933198,0.007791361240725216
AQR_Mut,0.018305784849472075,0.00776288489364981
LS_22,0.025775384663283177,0.007736491363761028
AUC__Estrogen_Dependent_Breast_Cancer_Signaling,0.032039941316992594,0.00771640119125044
PTPN13_Expr,0.04547291696784941,0.007667132489791691
CAPN6_Mut,0.0,0.007575359445906894
CHD6_Mut,0.0,0.007575359445906894
FES_Expr,0.04293288836415834,0.007428560798024091
CPS1_Mut,0.01037755232879342,0.007388252367168223
LS_142,0.003932829512901978,0.0073763531365563136
Glycolysis,0.02064720586105716,0.007365238228112392
DCTN1_Expr,0.0032097462885041068,0.007324110308107326
NOS1_Signature,0.04927348343909531,0.007307682186886588
CBL_Expr,0.01515760614406951,0.007148040882292047
LS_70,0.0011535984350642,0.007104163654091782
SDHC_Expr,0.0014321411454158094,0.007091685354388647
COL12A1_Mut,0.0,0.007080379275780164
IKZF1_Expr,0.012397724774899463,0.0070698713701202376
ERCC4_Expr,0.011351176565344461,0.007068238207864992
GAS7_Expr,0.010953629291866591,0.007018358901154648
MLH1_Expr,0.009950446924355845,0.007010805491107273
P2RY8_Expr,0.032000251960895176,0.006999644647384681
MB21D2_Expr,0.005502268328039386,0.006976003004929301
RB1_Expr,0.0243042268160472,0.006973068047988073
USP9Y_Expr,0.01059343895571999,0.006927151140314858
ROBO2_Expr,0.03170060162047902,0.0069090581835404685
TTTY14_Expr,0.0007641136726387347,0.006894621286050272
HOXB5_Expr,0.002164310092548678,0.00687379424830094
ARHGEF10_Expr,0.023125649419224677,0.006870994699567438
ZNF429_Expr,0.02254191540057132,0.006868426719143955
PIEZO2_Expr,0.02460863400218372,0.006828487918264952
NCOA4_Expr,0.006336081089143576,0.0067641371783307876
MYCN_Expr,0.01993298480666274,0.006757986806443237
G2M_checkpoint,0.0056972077674293615,0.006746333617894325
TMPRSS6_Mut,0.006349454636013411,0.0067298803215103085
MNX1_Expr,0.0273657502510617,0.0066454520595497215
ARAF_Expr,0.014329308752625497,0.006626560253957707
AUC__HMGB1_Signaling,0.0502461883150339,0.006618069257145468
SDHA_Expr,0.02382953744877043,0.006582407934962874
PRF1_Expr,0.003099303306916841,0.006529474348785299
MSH2_Mut,0.0,0.006506390052761982
ZCCHC8_Expr,0.005591979168371127,0.006424045158514745
IL21R_Expr,0.006383005019302944,0.006380312299512549
JUN_Expr,0.04393222023823841,0.006359677278494834
EREG_Expr,0.012609384409691806,0.00635741259776258
SCN5A_Mut,0.004664708157212216,0.006340748378301046
GNAQ_Expr,0.03020415622554462,0.00632241362364828
FBXO11_Expr,0.004844350667881525,0.006318647967245742
NT5C2_Expr,0.04631055600960114,0.0062959651978854655
TET2_Expr,0.011518019115327585,0.006230125911377737
AC091814.2_Expr,0.012045543448291542,0.00614952581397978
DDX3Y_Expr,0.022321024702696916,0.006148263051931781
BRCC3_Mut,0.002620781511716809,0.0061288203239889295
CACNA2D3_Mut,0.008127925147914225,0.0061100349503712325
SMC1A_Mut,0.02067326736357581,0.006023041709359484
TTTY15_Expr,0.012134039934476924,0.005952462569664188
FANCD2_Expr,0.007892155933090936,0.00589082422196828
LS_140,0.024193717490661362,0.005888947594916647
LS_35,0.025947937742873392,0.005873698092932666
TXLNG2P_Expr,0.03223610619573317,0.005825448946129306
XIST_Expr,0.021014503211996948,0.005791329866556407
OLIG2_Expr,0.003511904127679329,0.005777110613713837
KDM5D_Expr,0.01258937025419909,0.0057382282810841696
NUP214_Expr,0.010171447860963754,0.005722851851393166
FBXW7_Expr,0.0145431895678284,0.005708221014969217
GATA2_Expr,0.01736719554978372,0.005700189831630032
overallSurvival,0.046616733162595896,0.005666179953756807
AUC__Hypoxia/Adenosine_Immune_Cell_Suppression,0.04979087452876903,0.005637797643554555
DAXX_Expr,0.005126695113203941,0.005602190148203727
KIAA1549_Expr,0.013727350844793302,0.005569456332894477
AUC__NOS1_Signature,0.0713707440417483,0.005556637258579182
PLCG1_Expr,0.004168401258590156,0.00555268604641217
CTNND2_Mut,0.00473047943327798,0.005536564885493968
SALL4_Expr,0.0008179148607149349,0.005525548410289949
EED_Expr,0.03359645009647132,0.00551628881363845
ETNK1_Expr,0.009090654863502929,0.005497223035595357
CTNNA1_Expr,0.013361635557266728,0.005440211647295977
PTPRK_Expr,0.06261293235509553,0.005424005361906337
RAD51B_Expr,0.009266978101991645,0.005412766512280253
LAMB2_Expr,0.046398116969185825,0.005395266830829324
FLT4_Expr,0.017444770757834308,0.005375045105260387
RNF213_Expr,0.016041137801367098,0.005243846585608384
ACSL6_Expr,0.0059377500039982135,0.005223089977030046
NR4A3_Expr,0.005069281618105359,0.005221415804613651
NPAP1_Mut,0.0026013685186578725,0.005201493679598287
CEBPA_Mut,0.008787656391783525,0.005199802419474594
ARHGAP26_Expr,0.014581254957787278,0.005166973075896727
NUTM2D_Expr,0.036245036214146306,0.005143664684778164
ZNF331_Expr,0.007451279605200761,0.005138627031499836
FER1L6_Mut,0.0061535825220694045,0.005095738110940994
AUC__Angiogenesis,0.006143801343754681,0.005037434822192555
ADAMTSL1_Mut,0.014450180862995744,0.005032149236741857
TCL1A_Expr,0.023928974482927655,0.0050232441951374865
PRDM1_Expr,0.014348003898196847,0.004948377722465453
KTN1_Expr,0.002007342833083566,0.0049207709429765194
MEIS1_Expr,0.004528512512162886,0.004815050448842344
SUZ12_Mut,0.002849913631139473,0.004799958665338787
TOP1_Expr,0.0028846241094393605,0.004785537788620767
LS_106,0.012558396609184331,0.004753141465899062
CDKN1A_Expr,0.009966181925013626,0.0047334849545488675
CDH20_Mut,0.008207757535904277,0.0047057034282178625
PCDH15_Mut,0.00761560378944566,0.004705703428217858
BRINP2_Mut,0.0003221096713178803,0.004652544961491453
UBTF_Mut,0.0,0.004652544961491452
CHD2_Expr,0.018565263262441484,0.004627030350463997
RXFP1_Expr,0.010094851401780083,0.004588783586622438
KRAS_Expr,0.06466258140826903,0.004587534306303534
COL4A5_Expr,0.017098115093513274,0.004513870109599578
MAP3K13_Expr,0.018458764413701867,0.004510730436515486
TIAM1_Mut,0.034220563775939156,0.004457463938412761
SORCS2_Mut,0.0008015914339692519,0.004451137264277772
VTI1A_Expr,0.0008495680854970965,0.004445566990848004
AXIN2_Expr,0.01590981438248115,0.0044005025396264665
RHOH_Expr,0.020269476604413278,0.004398323722814385
FREM3_Mut,0.006203058212976992,0.004350745121697934
IBTK_Mut,0.00030266624399988604,0.004350745121697933
LPHN3_Expr,0.007181381982338179,0.004350414184487842
Myc_Mediated_Apoptosis_Signaling,0.04826346466322739,0.004256141671489632
PTPN6_Expr,0.035387946643150654,0.004243822231997039
TRIP11_Expr,0.016884697375261392,0.004220787286780168
CCR7_Expr,0.026155973902111575,0.004203078227998575
SUZ12_Expr,0.02874304096954584,0.004187361281016136
LINC00982_Expr,0.0003998016150809315,0.004162397591216797
MAP2K2_Expr,0.022011395724614344,0.00411117532137501
TRIM24_Expr,0.0027644101791801283,0.00410206800264562
LS_45,0.022506684985012283,0.004057402552699434
SMARCE1_Expr,0.05415000580422462,0.00403047781272148
H3F3A_Expr,0.01162423463834711,0.0040288778242619375
LS_126,0.0006702900592891663,0.003931074531175984
PIM1_Expr,0.013041168434568914,0.0038846860618686045
GPC5_Expr,0.022590914600218327,0.0038520178317948024
DDIT3_Expr,0.036690175323640675,0.0038324074247461466
PAX8_Expr,0.04313457694762549,0.0038069417562459035
Proliferation,0.015635105460025875,0.003672969217570937
POLQ_Expr,0.01237778647938665,0.003661384083940243
NFIA_Mut,0.004792374753963539,0.003656155839437159
CTNNA2_Mut,0.004664708157212216,0.0036561558394371586
RPGRIP1_Mut,0.00030266624399988604,0.0036410591859390704
IGFN1_Mut,0.007080083911687244,0.0036410591859390696
PPP1R3A_Mut,0.007073369402426623,0.0036410591859390674
KEAP1_Expr,0.011737110097690885,0.003626857648385246
LEPROTL1_Expr,0.04247670825563167,0.0036054486531004177
PAPPA2_Mut,0.05413020495081254,0.0035843795723467732
MLLT1_Expr,0.008556062840957914,0.003574394249726912
KAT7_Expr,0.023491143050489927,0.003490681047787189
CRNKL1_Expr,0.008323093070401147,0.0034848885138531755
CHEK2_Expr,0.03652060189374517,0.0034414686610106525
DDX6_Expr,0.002502468113504896,0.0034272789815067975
ZFY_Expr,0.016653700347062216,0.0033918720106308822
CAMTA1_Expr,0.018263004251711946,0.003376726089936307
PPARG_Expr,0.020419785944600283,0.0033593436394577297
PRSS21_Expr,0.010542708383451213,0.003347461684344388
TTBK1_Mut,0.027032955977806465,0.0033266795282104766
RPS4Y1_Expr,0.023354613119314475,0.003294382635594164
EZR_Expr,0.03454537754833675,0.003224553052562835
RMI2_Expr,0.0008979664155706598,0.003191426369461295
GPC6_Expr,0.031454640692380714,0.003155528889192809
ELF4_Expr,0.0093466866675318,0.003047323712876896
SRSF2_Mut,0.032666990655113984,0.0030324633366414443
SETD1B_Expr,0.017910077660429173,0.0030285561996481933
PAX8-AS1_Expr,0.045764907053561635,0.0030236753252652683
GPHN_Expr,0.049538546930092894,0.0029951074323899428
inframe_insertion,0.026059746846973257,0.0029259798638631576
AC016735.1_Expr,0.029454970795014503,0.0028962481153324226
UTY_Expr,0.01934037797102817,0.0028891204781297765
COL3A1_Expr,0.016740370297904802,0.0028670426962450683
BCL2L12_Expr,0.0009848589458436336,0.0028199478382629818
FLNA_Expr,0.022933870300103316,0.002793086007130691
SI_Mut,0.015175155388870779,0.002739102886827265
SATB2_Mut,0.015175155388870779,0.002739102886827265
PAPD7_Mut,0.009774795077715557,0.002739102886827261
FLT3_Mut,0.027136033132935892,0.0026904379797506803
LS_20,0.02285910398950503,0.002690198189765722
LS_18,0.0036386217438537185,0.0026661746199055274
HMGA1_Expr,0.010318367898089395,0.002659907781123273
KIT_Expr,0.01659275053698511,0.0025770130374011754
RANBP2_Expr,0.018673496762030582,0.0025573358739329048
EBF1_Expr,0.007469201283224573,0.0025200847399412885
BCL11A_Expr,0.017524792032665285,0.002507901124413319
CXCR4_Expr,0.010518561357563162,0.0024905144164607124
NFE2_Mut,0.010233007841304344,0.002434052617622393
ABI1_Expr,0.02137795688240129,0.0024010775826582447
LS_52,0.021462089574494737,0.0023998486897835185
TRIM27_Expr,0.0018114199230769429,0.002394508697964127
FAM155A_Mut,0.00011003637867877634,0.002371140288359513
CNBP_Expr,0.00571050711524431,0.0023367786439593774
NCKIPSD_Expr,0.04459501117906416,0.002286484457280292
PRDM16_Expr,0.0008269609133553804,0.002275705945149718
WT1_Mut,0.004041886623746774,0.0022693577810653028
LS_39,0.02262858731010044,0.0022564341076231026
MYC_Expr,0.003508716548797805,0.002217704225866946
BRIP1_Expr,0.01651105896137479,0.0021705123464846906
ZNF687_Mut,0.013468648440989868,0.002098639282155664
ZFP57_Expr,0.014710731127015503,0.002004603590373974
PAFAH1B2_Expr,0.031876306994360414,0.0019850459349329244
CDH24_Mut,0.0,0.0018433423167538766
NFATC4_Mut,0.016563398977373092,0.0018357392168372416
NCOR2_Expr,0.019954218783192368,0.001810699412373656
LS_16,0.02200643268873481,0.0018075840455370584
CLSTN2_Expr,0.03354887772403423,0.0017876127686341195
CASP9_Expr,0.04153600360911436,0.0017847517344206478
RIPK1_Mut,0.0,0.0017683715523074232
PRKD1_Expr,0.036903956018315566,0.0017450641799352945
TFG_Expr,0.0017369955594672309,0.0016761704082228221
NUP98_Expr,0.00899721950196329,0.0016745414118800033
DNTT_Expr,0.05426124052781205,0.0016304553387177592
BRAF_Expr,0.0018835502140872981,0.0016259117324822715
CD209_Expr,0.01336119747676211,0.0016211213250404107
KLF6_Expr,0.007945111227597905,0.0016196008878114436
CCND2_Expr,0.005086473270220281,0.0016077780871207891
FRYL_Mut,0.012604147566391805,0.0015982905917957526
MAP2_Mut,0.008311468090515585,0.0015982905917957522
TSKS_Mut,0.0,0.0015982905917957507
RSPO2_Expr,0.01713847529671322,0.0015798225853553523
TRIM33_Expr,0.003608423055329512,0.0015654502823931754
CLTC_Expr,0.028727144689594038,0.0015598733647859526
MET_Expr,0.0016848099944492582,0.001541480490198921
CNTNAP2_Expr,0.002902633204415299,0.0015370004777584551
EIF1AY_Expr,0.005037708354429453,0.0014992962674217152
CD74_Expr,0.054244090089206935,0.0014968244572474193
FCGR2B_Expr,0.02509927398659121,0.0014575597534071498
BCOR_Mut,0.008070784785032113,0.0013961829285768245
EGFR_Expr,0.010917697462756126,0.0013143997873194557
STIL_Expr,0.020298017456162526,0.001262712295399826
SH3KBP1_Mut,0.00012406604478467829,0.0012421567307167433
LS_227,0.012245235718626641,0.0011263974967197085
RAC1_Expr,0.005755169437936375,0.0011258178886634814
BCR_Expr,0.031088825151765344,0.0011179469852823588
PRLR_Expr,0.03727980857038417,0.001032478160488822
KCNJ5_Expr,0.0031049421074416882,0.0008923422613110669
MACC1_Expr,0.0059901672967873154,0.0008744127328151292
RAD21_Mut,0.011996314460116392,0.000843954544916116
CBL_Mut,0.01654587058696369,0.0008302389781899953
ZMYM2_Expr,0.0263149248358441,0.0007540567872651362
MALT1_Expr,0.009423179917158646,0.0006820416081523388
RP11-704M14.1_Expr,0.033704826240062546,0.0006756934077920697
CCNC_Expr,0.007659470556782007,0.0006633752490492981
RET_Expr,0.015588873676023822,0.0006474371439270686
CDH4_Expr,0.00499156197515745,0.0005852733256698984
CTNND1_Expr,0.022738669820247512,0.0005233722406807887
NOS1_Mut,0.0015691744010802589,0.0004915238506191383
GMPS_Expr,0.014358579576215339,0.0004765450597553137
ZRSR2_Mut,0.002993022665114756,0.00045281137279401095
AC104809.4_Expr,0.02676227015083003,0.0004071880124705766
ACVR1_Expr,0.014654271648830501,0.0003284061544823751
LIFR_Expr,0.014326351136477641,0.00030653316398069534
KMT2A_Expr,0.022396132447808022,0.0003041510959550656
FADD_Expr,0.023982497961133303,0.0002707215595258282
C2orf71_Mut,0.0,0.0002462623927110546
THRAP3_Expr,0.014662881678034888,0.00020622563694429468
NDRG1_Expr,0.009688684317520761,9.061511594292133e-05
LMO2_Expr,0.003576938114856762,4.545925189258563e-05
LS_165,0.011726649961393191,4.3454073573948536e-05
HOOK3_Expr,0.01476583225411424,4.279628664855095e-05
SPAG6_Expr,0.0174901933079296,1.470214657168491e-06
UGT2B10_Mut,0.016311527259165272,0.0
PRKAR2B_Mut,0.006571419671290338,0.0
CLCA2_Mut,0.027766442757097283,0.0
CHI3L1_Mut,0.027766442757097283,0.0
SENP1_Mut,0.027766442757097283,0.0
SCN9A_Mut,0.027766442757097283,0.0
DOCK4_Mut,0.005550888670418146,0.0
EFCC1_Mut,0.021511859955916653,0.0
AGR3_Mut,0.007890679315748059,0.0
ZNF285_Mut,0.0025316114208341887,0.0
STAG1_Mut,0.019262802403049225,0.0
NLRP1_Mut,0.012416232147985394,0.0
DGKI_Mut,0.01754719093354799,0.0
MMRN2_Mut,0.007457944857251364,0.0
EYS_Mut,0.012127659475119294,0.0
KAT6B_Mut,0.013070727439827578,0.0
GRIK2_Mut,0.013933550289899392,0.0
KIF26A_Mut,0.01280819149787701,0.0
RIMBP3_Mut,0.006955760863734271,0.0
ABCC8_Mut,0.014582639964332544,0.0
WDR52_Mut,0.0031179054372461076,0.0
OTOGL_Mut,0.012794991537783776,0.0
TBL3_Mut,0.002062667422733615,0.0
SGSM1_Mut,0.0012746822901817717,0.0
XIRP1_Mut,0.03181289540157732,0.0
RSL1D1_Mut,0.016713875319702677,0.0
BARHL1_Mut,0.010059377933260436,0.0
MED14_Mut,0.004282076187900131,0.0
MAN2C1_Mut,0.013713968445649123,0.0
IARS_Mut,0.006232203259708571,0.0
DOCK3_Mut,0.006153110478232683,0.0
INCENP_Mut,0.010630094572195247,0.0
GRIN2B_Mut,0.004115190607850925,0.0
CCDC141_Mut,0.01571656649724339,0.0
PXDNL_Mut,0.023165677921415908,0.0
SPRED2_Mut,0.014450180862995744,0.0
NPR3_Mut,0.0,0.0
COL19A1_Mut,0.00030266624399988604,0.0
IMPG1_Mut,0.007256404077663606,0.0
A1CF_Mut,0.00691293699873554,0.0
ARHGEF10L_Mut,0.02469888973677588,0.0
CA10_Mut,0.00874749441053011,0.0
SCN11A_Mut,0.012446162913556824,0.0
CHIA_Mut,0.007457944857251364,0.0
HERC1_Mut,0.05798550364590207,0.0
RSAD2_Mut,0.05798550364590207,0.0
KLHL9_Mut,0.0,0.0
LGALS13_Mut,0.020753035822280334,0.0
AS3MT_Mut,0.006249061645896549,0.0
SUSD5_Mut,0.006249061645896549,0.0
COL6A6_Mut,0.007800126718059649,0.0
MYO6_Mut,0.009186927671876777,0.0
HTR4_Mut,0.01685438552729778,0.0
WDR72_Mut,0.004505850604847311,0.0
ATG2A_Mut,0.015939003589578338,0.0
BMP2K_Mut,0.007223398825209607,0.0
TBL1XR1_Mut,0.006563512183958829,0.0
SETD2_Mut,0.0044916911531968015,0.0
MYC_Mut,0.017641320235991007,0.0
TMEM132D_Mut,0.008435733501477468,0.0
KCNMA1_Mut,0.003259905868048903,0.0
RSPH6A_Mut,0.03319691197708593,0.0
MXRA5_Mut,0.009031069040871281,0.0
WDR87_Mut,0.004101328971369459,0.0
LOXHD1_Mut,0.022190011395287552,0.0
ZFHX4_Mut,0.0022476492962848335,0.0
SLC9B1P1_Mut,0.01284638265303196,0.0
RIN3_Mut,0.00812499792894019,0.0
ROS1_Mut,0.0,0.0
BAI3_Mut,0.0066847284433445165,0.0
LRRN1_Mut,0.006571419671290338,0.0
TRPM1_Mut,0.009776678664808266,0.0
FAM135B_Mut,0.00517491887353574,0.0
XKR4_Mut,0.00750577897597159,0.0
CTSD_Mut,0.011277076374731179,0.0
SLC4A1_Mut,0.011277076374731179,0.0
SLC5A1_Mut,0.011277076374731179,0.0
FSTL1_Mut,0.011277076374731179,0.0
CCDC129_Mut,0.011277076374731179,0.0
SART1_Mut,0.006616473704827435,0.0
PIKFYVE_Mut,0.006616473704827435,0.0
WNT7B_Mut,0.006616473704827435,0.0
APBB2_Mut,0.006616473704827435,0.0
ADAMTS6_Mut,0.006616473704827435,0.0
CREB5_Mut,0.006616473704827435,0.0
SLC4A2_Mut,0.012923600182513631,0.0
SLC44A1_Mut,0.006616473704827435,0.0
HTR1D_Mut,0.016311527259165272,0.0
PGBD5_Mut,0.016311527259165272,0.0
SERPINA11_Mut,0.016311527259165272,0.0
PTPRS_Mut,0.016311527259165272,0.0
USP9X_Mut,0.005898432551727228,0.0
APCDD1_Mut,0.020946127807775168,0.0
SSC5D_Mut,0.0034286190382723887,0.0
POLQ_Mut,0.007892688612720184,0.0
TMC3_Mut,0.023165677921415908,0.0
MDM1_Mut,0.005531690294987035,0.0
GIT2_Mut,0.004527888412291222,0.0
EED_Mut,0.015175155388870779,0.0
GLDC_Mut,0.012794991537783776,0.0
PPIC_Mut,0.017081145692341322,0.0
KIAA1549_Mut,0.0027490304340362518,0.0
HTR3D_Mut,0.003169196903161062,0.0
TNS1_Mut,0.0001343487529380682,0.0
DIAPH2_Mut,0.0,0.0
PRKAG3_Mut,0.0028201070418147735,0.0
CLTCL1_Mut,0.019065754294181392,0.0
ADAMTS16_Mut,0.0,0.0
CFP_Mut,0.0036644898431356897,0.0
ZNF467_Mut,0.007579081059461391,0.0
ADAMTS15_Mut,0.00761560378944566,0.0
RAB33B_Mut,0.0006499769687844059,0.0
GRIP1_Mut,0.012167303017664218,0.0
KAT2A_Mut,0.007457944857251364,0.0
CNTN4_Mut,0.005886331087940351,0.0
NRAP_Mut,0.0031330117010859872,0.0
AMOTL2_Mut,0.02469888973677588,0.0
MYO7B_Mut,0.015236412446277981,0.0
HIST1H3C_Mut,0.017442041753996163,0.0
PLXNA4_Mut,0.02469888973677588,0.0
POLI_Mut,0.0,0.0
CERS3_Mut,0.007457944857251364,0.0
KCNH6_Mut,0.009680587071120766,0.0
DPF2_Mut,0.00869169905243818,0.0
TENM4_Mut,0.011334889474244696,0.0
KRT14_Mut,0.0002631751197215806,0.0
COL22A1_Mut,0.009386543377281334,0.0
SLC30A2_Mut,0.007457944857251364,0.0
ADAMTS12_Mut,0.005382317941469484,0.0
HIST1H1C_Mut,0.012446162913556824,0.0
CHD2_Mut,0.03249109054498366,0.0
RANBP17_Mut,0.015143771550139769,0.0
FBLN2_Mut,0.05166766312190091,0.0
MYH14_Mut,0.0038968105398142945,0.0
C6_Mut,0.009031873382812557,0.0
CDON_Mut,0.008295446397399932,0.0
SLC13A1_Mut,0.0,0.0
ULK1_Mut,0.0008015914339692519,0.0
PRR14_Mut,0.007457944857251364,0.0
PIGS_Mut,0.007457944857251364,0.0
PTPRA_Mut,0.007457944857251364,0.0
CACNA1D_Mut,0.007457944857251364,0.0
MARCH11_Mut,0.007457944857251364,0.0
EPB41L2_Mut,0.007457944857251364,0.0
CLPX_Mut,0.007457944857251364,0.0
SGK223_Mut,0.007457944857251364,0.0
HEPH_Mut,0.007457944857251364,0.0
CARNS1_Mut,0.009240840554485591,0.0
GNAS_Mut,0.006768561808088394,0.0
HUNK_Mut,0.007319195721662318,0.0
MYO1A_Mut,0.027766442757097283,0.0
NBEAL2_Mut,0.006616473704827435,0.0
PCDH1_Mut,0.014361819900687946,0.0
SPEG_Mut,0.012076193585487404,0.0
FILIP1_Mut,0.011277076374731179,0.0
CTCF_Mut,0.010630094572195247,0.0
FOLR4_Mut,0.004039445146011208,0.0
CNTNAP3B_Mut,0.016001122343637098,0.0
TSHZ2_Mut,0.012879115131659003,0.0
SERPINI1_Mut,0.0003925576534620987,0.0
NAV3_Mut,0.03929288080729853,0.0
SALL4_Mut,0.0008015914339692519,0.0
STK24_Mut,0.0008015914339692519,0.0
ADARB2_Mut,0.0008015914339692519,0.0
DSTYK_Mut,0.0008015914339692519,0.0
TAF1L_Mut,0.005184685837249553,0.0
WWC1_Mut,0.011077869646911416,0.0
SMR3B_Mut,0.01685438552729778,0.0
ROBO1_Mut,0.01685438552729778,0.0
A4GALT_Mut,0.01685438552729778,0.0
TTC17_Mut,0.01685438552729778,0.0
NR1H4_Mut,0.034220563775939156,0.0
HEG1_Mut,0.0028201070418147735,0.0
KCNB1_Mut,0.0028201070418147735,0.0
CYP2S1_Mut,0.0028201070418147735,0.0
AGBL1_Mut,0.0028201070418147735,0.0
RTL1_Mut,0.0028201070418147735,0.0
BTBD2_Mut,0.0007659737655885773,0.0
GABRB3_Mut,0.0007659737655885773,0.0
ATG2B_Mut,0.0007659737655885773,0.0
FGD6_Mut,0.0007659737655885773,0.0
CRHR2_Mut,0.0,0.0
CSN2_Mut,0.012794991537783776,0.0
TGFBI_Mut,0.0006269733045097243,0.0
SLC12A1_Mut,0.016001122343637098,0.0
CYTIP_Mut,0.009186927671876777,0.0
PUM1_Mut,0.034220563775939156,0.0
NLRP3_Mut,0.034220563775939156,0.0
TGFBR3_Mut,0.010720259745893872,0.0
CNTNAP1_Mut,0.005886331087940351,0.0
RBMS1_Mut,0.005886331087940351,0.0
BMP3_Mut,0.005886331087940351,0.0
LPIN3_Mut,0.00761560378944566,0.0
UBR5_Mut,0.016356313107362103,0.0
GRM3_Mut,0.0036152319267743105,0.0
KCNH7_Mut,0.027852195723011768,0.0
GJA8_Mut,0.006969963586303351,0.0
MYB_Mut,0.0,0.0
LPIN2_Mut,0.005273907460717853,0.0
ATP8B3_Mut,0.0,0.0
DCDC1_Mut,0.0036432622360792226,0.0
SH2D7_Mut,0.012604147566391805,0.0
RPAP1_Mut,0.0,0.0
BBS10_Mut,0.012604147566391805,0.0
TEX15_Mut,0.003479233907946119,0.0
ADCY8_Mut,0.0004967221185374436,0.0
CRY1_Mut,0.0032594939984588343,0.0
ARID1B_Mut,0.010908389965153498,0.0
ADAMTS7_Mut,0.005842980219845769,0.0
SPG11_Mut,0.005886331087940351,0.0
ZNF518B_Mut,0.034220563775939156,0.0
REXO1_Mut,0.034220563775939156,0.0
BAIAP3_Mut,0.034220563775939156,0.0
ZNF644_Mut,0.034220563775939156,0.0
JAK3_Mut,0.004275960894152667,0.0
TENM2_Mut,0.010601989970371579,0.0
DSCAM_Mut,0.04594850711241355,0.0
DOCK7_Mut,0.012604147566391805,0.0
PUF60_Mut,0.0044577511974184915,0.0
CSMD2_Mut,0.015991053355172438,0.0
OTOP2_Mut,0.016707853592071262,0.0
MPL_Mut,0.007699437064550419,0.0
TRPM4_Mut,0.003153476915067309,0.0
start_lost,0.0021554652888035215,0.0
stop_lost,0.023659675628331198,0.0
