RPS4Y1_Expr,KDM5D_Expr,UTY_Expr,TXLNG2P_Expr,DDX3Y_Expr,ZFY_Expr,USP9Y_Expr,TTTY15_Expr,XIST_Expr,NKX2-3_Expr,EIF1AY_Expr,RP11-424G14.1_Expr,TTTY14_Expr,RP11-129J12.2_Expr,HMGA2_Expr,GSTM1_Expr,COL4A5_Expr,HOXB5_Expr,HOXB6_Expr,HOXB-AS3_Expr,DSG2_Expr,PRSS21_Expr,LINC00982_Expr,AL589743.1_Expr,AC091814.2_Expr,HOXA7_Expr,PRKY_Expr,DPP10_Expr,PRDM16_Expr,LS_200,SRSF2_Mut,ZFP57_Expr,IRX3_Expr,PAX8_Expr,NDN_Expr,PXDN_Expr,IDH2_Mut,AC016735.1_Expr,GTSF1_Expr,HOXA11_Expr,MKRN3_Expr,HOXB8_Expr,WT1-AS_Expr,RP11-388P9.2_Expr,SLITRK4_Expr,HOXA11-AS_Expr,IL12A-AS1_Expr,HOXA6_Expr,DPPA4_Expr,LS_94,PLEKHG4B_Expr,CYYR1_Expr,HOXA3_Expr,ADCY2_Expr,LS_127,AC004791.2_Expr,RBPMS_Expr,PPARGC1A_Expr,LS_166,IDH1_Mut,C20orf166-AS1_Expr,ZNF521_Expr,KIAA1456_Expr,HOXA5_Expr,BEX1_Expr,RP11-497G19.2_Expr,LS_1,THSD7A_Expr,CES1_Expr,TRH_Expr,IGKV2-23_Expr,HOXA9_Expr,LAMB2_Expr,IRX5_Expr,ARHGEF10L_Expr,CD34_Expr,MDFI_Expr,LS_131,FGD5_Expr,AUC__Proliferation,CDH2_Expr,RP11-497G19.1_Expr,HOXB9_Expr,M7,LS_216,CDH4_Expr,LS_242,PAX8-AS1_Expr,CHRDL1_Expr,GPC4_Expr,PRAME_Expr,DOCK1_Expr,HOXB3_Expr,LS_125,M4,FGFR1_Expr,NPTX2_Expr,SPAG6_Expr,PHACTR3_Expr,MUC4_Expr,LS_233,LGALS2_Expr,GPHN_Expr,VCAN_Expr,DDIT4L_Expr,M14,MAFB_Expr,LTF_Expr,ARPP21_Expr,PRLR_Expr,MLLT3_Expr,PROM1_Expr,CXCL12_Expr,KCNE1L_Expr,AC104809.4_Expr,CEACAM8_Expr,DSC2_Expr,S100A16_Expr,CASC10_Expr,LS_35,Monocyte-like,WT1_Expr,M21,M1,M11,M12,DNTT_Expr,MECOM_Expr,SEPT6_Expr,CRISP3_Expr,M23,LS_58,ARHGAP5_Expr,GPC6_Expr,FAT1_Expr,SCN9A_Expr,LIFR_Expr,FOXC1_Expr,LPHN3_Expr,CDC42BPA_Expr,LS_98,EREG_Expr,DAXX_Expr,PPARG_Expr,LS_8,LS_151,JAZF1_Expr,RP11-704M14.1_Expr,HPGDS_Expr,LS_76,Progenitor-like,TNC_Expr,NR4A3_Expr,CD300E_Expr,M16,SBDS_Expr,MN1_Expr,MYCN_Expr,DEFA1B_Expr,AR_Expr,MMP8_Expr,TRIP11_Expr,MSLN_Expr,MYCL_Expr,LS_30,LS_253,LS_34,DEFA1_Expr,DEFB1_Expr,NRG1_Expr,cDC-like,LS_198,GJA1_Expr,MYO18B_Expr,LS_21,CEACAM6_Expr,SALL4_Expr,M3,Immunogenic_Cell_Death_(ICD),LS_61,IGSF10_Expr,CSPG4_Expr,LS_155,MMP2_Expr,PIEZO2_Expr,LS_214,MEIS1_Expr,ADAMTS2_Expr,POU4F1_Expr,LS_202,LS_138,M6,CD177_Expr,SNCAIP_Expr,LS_243,LAMP5_Expr,ST18_Expr,DEFA4_Expr,LS_92,LRP1B_Expr,AKT3_Expr,ZMYM3_Expr,LS_46,LS_90,DLK1_Expr,RXFP1_Expr,BCLAF1_Expr,LS_17
-0.19178772,-0.13425446,-0.09024811,-0.16015625,-0.0064086914,-0.07456207,0.18080139,-0.34653473,0.8044853,-0.5196152,0.16500854,-0.035499573,-0.2372055,-0.56949234,0.111328125,0.5338516,-0.11061859,-0.006919861,-0.02545929,1.0933151,-0.16929626,-0.112976074,-0.9736252,-0.3841095,2.0426025,-0.28835297,-0.2769432,0.29188538,0.3076744,13.383415,-0.041755676,-0.45462036,-0.07928467,-0.032325745,0.3712921,-0.5443497,-0.71889496,0.5405655,0.8895798,0.30163574,0.38739014,-0.24156189,-0.06569672,0.2604065,0.27645874,0.89562225,2.7878761,0.16109467,0.4271698,-0.97052765,-0.509964,0.8984375,0.20259857,-0.060905457,-0.8925247,-0.20946503,0.4399109,-0.05315399,-0.017044067,-0.27562714,-0.4010315,0.2734375,-0.326519,-0.08214569,-0.69496155,-0.37073517,-0.47340393,1.3303375,-0.07975006,0.019355774,-0.1509552,-0.23188782,-0.30332184,-0.015716553,0.9682541,-0.1331253,0.4187851,0.7057953,-0.03916931,-1.5060501,0.44352722,0.099365234,0.020011902,0.107032776,-0.24491882,0.8074341,0.05239868,0.15714264,-0.58477783,-0.5953903,-0.12652588,0.30445862,0.044029236,-0.593544,-0.025642395,0.64138794,0.6478195,0.0149383545,-0.6422653,0.57743835,0.18856812,-0.3302536,2.5244179,-0.0045547485,0.27150726,-0.27256012,0.69657135,-0.38249207,-0.19866943,0.019515991,0.03023529,0.059783936,-0.13259888,0.110946655,-0.08257294,-0.38550568,0.3217392,0.028297424,0.6989517,0.51340485,0.5201187,-0.7165375,2.4895782,-0.10119629,-0.29681396,-0.08079529,0.11756897,0.3815689,-0.25547028,0.27226257,0.7769165,1.9089203,-0.16918182,0.25884247,0.8920975,-0.111061096,-0.06549835,0.05706787,-0.004508972,-0.054740906,0.43307495,-0.34120178,-0.54003143,0.64185333,0.34523773,-0.3995819,0.22203827,1.3322372,-0.2114029,-0.5673294,0.6578293,-0.31327057,-0.2352066,0.05470276,0.30753326,0.36902618,-0.042175293,0.23331451,-0.08918762,-0.25641632,-0.13722992,0.2795105,-0.063446045,0.42625427,-0.036354065,-0.07131195,0.16596985,-0.20236969,-0.22978973,0.69086456,-0.95713043,15.32465,-1.1270981,0.768013,-0.23768616,0.9970093,0.66922,0.029403687,-0.04724121,-0.17939758,-0.95895386,0.28234863,-0.021308899,3.3610535,-0.16636658,-0.106300354,0.3375702,0.22013855,-0.061172485,-0.067863464,1.7972412,0.36657715,2.080471,0.15661621,26.246895,-0.28259277,0.23565674,-1.4495201,0.3412094,-0.41677856,-0.6551666,0.23452759,-0.34627533,0.17671967,-1.0661011,0.11390686,0.13490295,0.13789368
0.30158615,-1.091362,0.7500572,-0.17385864,0.023117065,-0.8734474,-0.095581055,0.06825256,-0.058971405,-0.38180923,-0.80735016,0.064655304,0.6292877,0.05531311,1.1981506,-0.5942993,0.6640167,2.3569374,0.011802673,-0.923542,-0.117263794,-0.24103928,-0.19095612,-0.07824707,-1.1565132,-0.49207687,-0.117836,0.20526123,2.666851,-0.19061661,0.33874893,1.1176605,2.4148483,-0.1935997,-0.8760338,-0.5117035,-0.25429153,1.4104996,0.5600357,-1.0889435,0.6168518,-0.56847763,3.7982674,1.6294174,-0.26277542,0.60259247,0.9562378,3.565094,-0.039497375,0.79613113,0.76391983,0.098587036,-1.5481567,-1.7372818,0.34985733,-0.6459656,0.5717087,0.63425446,3.038536,-0.17909622,-2.0737915,0.35371017,1.4348221,-0.2156601,-0.07117844,0.24025345,-0.6937027,-1.3659706,-0.32741547,-0.78980255,0.8888321,0.48070526,-0.22498703,0.6040306,1.2178993,0.52096176,-0.9489517,1.5770683,-1.613842,1.7840538,-1.2397346,-0.33230972,-1.0452957,-2.227394,-1.1539536,0.4843216,-0.83802414,0.26569748,0.43149567,0.6961136,0.87351227,0.58379745,0.043785095,-1.2520905,0.0078125,-0.19099426,-0.3429718,2.007141,0.61600876,0.1028595,-0.80895996,-0.16146088,-0.049396515,-0.14463043,0.1467514,-1.1649055,1.1890221,-0.5806503,0.01714325,-0.5056648,0.8702736,-0.48101044,-0.10405731,0.22615433,0.8158493,-1.0270576,0.025363922,0.31729507,-0.23538208,-0.04265976,-0.2665367,2.0089188,-1.2292862,-0.5912285,6.268421,-1.1247559,1.6051216,1.416153,-0.003314972,1.0735397,-1.538971,-1.2445145,0.87104416,-0.11760712,0.064964294,-0.7056885,-0.16378784,0.21461105,4.083107,1.012104,0.1843338,0.11708832,0.14338684,0.1317482,-0.029579163,-2.1939163,-0.3292694,0.5721741,-0.10903168,1.0078773,-0.81612015,-0.028335571,0.8665581,-0.29375076,1.1129723,0.6377678,0.46626282,7.1091805,-0.79948044,1.4737244,0.4142723,-0.40098953,-0.59171677,-0.019870758,-1.9075356,-0.008808136,2.1863327,0.0833931,-0.021125793,0.17568207,2.5202332,1.1159325,-0.13549042,0.99222946,0.791729,-1.3653526,-0.31289673,0.53393555,0.63035965,0.31544495,0.22541046,0.9884491,-4.521858,-0.19267654,1.5215569,2.8708878,0.20695877,1.6301193,-0.12694931,0.35757065,1.5252151,0.28329468,-0.4227066,1.3997383,-0.27980042,0.0533638,0.89666367,1.8686867,1.1042023,0.4661026,0.38191223,-1.1038857,0.12907028,-1.0323448,-0.08308411,-0.7937355,1.544754,0.12932968
1.4855499,0.9703789,0.6608391,-1.9517746,-1.5878983,1.8906174,-1.4033127,-0.5750656,-5.112217,0.93398666,-0.6272812,2.7332458,-0.71860886,2.3678093,-0.98721313,-1.4297142,0.17559433,0.38559723,5.1325684,1.6213837,0.6894493,0.5768547,-0.08490753,0.2458458,-1.5948982,1.1860008,-0.13074493,-0.0698967,0.32579422,1.1366196,0.16584778,-0.13235474,1.5264473,1.0936623,-0.38814926,-0.2670784,-0.30789566,-1.1685143,-1.2620468,-0.80631256,1.3987656,0.22730255,-0.62150574,0.17354584,-2.0662727,-0.21171951,0.08453369,-3.7448006,0.56705475,0.1361885,1.0207825,0.82289505,0.49156952,1.8696518,-0.57024,-1.2515182,0.6708298,-0.2322998,-1.747467,1.782093,-0.6577263,0.17277145,-0.16726685,1.989685,2.0466347,0.5658455,1.7352028,-1.5884552,-2.1942368,1.652214,-1.6898155,-2.624466,0.16595078,-1.9168968,1.0631104,0.5664444,-0.2473793,-6.584976,-1.5802307,1.295002,1.9763184,-0.17090225,-1.7703209,-1.8927536,0.23326874,-2.0273476,-4.3483696,-1.7793503,1.0688744,-3.792904,4.748451,5.349079,-0.79733276,-0.5029144,1.8894196,1.283123,1.4524574,-1.0912018,-0.4108467,2.3009453,0.7143097,-1.0627785,-2.4878159,0.6254463,-0.9627571,-1.0514145,0.37800217,1.6927071,2.539135,1.5218353,1.5959091,0.22415543,-2.7570724,-0.502121,0.7441559,0.33896637,0.5051117,-2.230297,0.16361618,-1.0606613,1.7113914,-0.8132744,0.39501953,1.5675354,1.3051491,-0.29761505,0.12743378,-0.8419571,-2.4787445,0.76207733,0.32910538,-0.60295105,-1.0525055,1.1904411,0.5468483,0.26164246,-1.472847,0.068668365,-2.046772,-0.32775116,1.0412292,-3.5061836,-0.39388275,0.3761902,-2.4343643,-7.6014023,0.30767822,-2.2254791,0.06295395,0.5944824,-0.5363312,1.2273827,0.5185852,-0.76520157,-1.1518173,-0.94166565,-0.40089417,0.32613754,-1.2531548,1.3626938,2.371109,0.5274582,-1.2863503,-0.3240509,-10.28397,-2.2827835,-1.024868,-0.42243576,-0.5527878,-1.123169,-0.9559555,-0.7523384,0.21702957,1.8138695,1.1556168,-0.28848648,0.043445587,0.38812256,-0.14081955,-0.07027054,1.0489197,-1.6653099,-0.20487595,-4.3509483,-0.55487823,-1.6140404,-3.1477013,2.6666222,0.4766121,-3.051796,3.2168884,-1.4525986,-1.2778015,-0.85468674,-1.1869545,0.621048,1.0207367,4.901371,0.9690666,-0.7374573,0.79641724,-1.8447609,1.1689606,0.37641144,-1.8902168,1.0762596,-7.017231,-2.532959
0.269989,0.2896843,0.16076279,-0.7385864,0.09683609,0.76873016,0.57950974,2.340355,-1.6339798,0.7112541,-2.7868233,0.4203682,0.29523087,0.3524704,-1.0963516,0.7761612,0.01675415,-0.7458,-0.08562851,-3.558796,-0.6419487,-1.7604752,0.76779175,-1.5890579,0.43359375,-1.0739784,-0.075717926,0.7860985,0.9877434,0.73013306,1.2623405,4.9254646,2.554844,-0.5222969,-0.44463348,0.3934517,1.2064056,0.5047455,-0.7420654,1.2340889,-0.19642258,-2.3118095,3.123024,0.08363342,-1.1016197,-1.5548058,1.0932655,1.0689888,-0.6270027,-5.432522,0.9366646,5.1386642,-0.38858032,-1.1601906,1.9278183,2.221344,0.5976105,-1.0490379,-1.1732101,-1.2974205,-0.22224808,-0.43972015,-0.123168945,0.97792435,-0.30855942,-0.018497467,-3.9475594,0.3094101,-0.38954163,0.4310875,-1.0073662,1.6833191,-0.22185135,-1.5749512,-1.9377136,0.30287933,0.07205963,3.1076546,0.10886383,-0.70944214,-2.2647095,0.19435883,0.7411041,1.1649818,-0.3011818,-0.04724884,0.42237473,0.9145775,-1.2116051,-0.8299942,1.1567421,-1.5893974,1.4615631,1.1827774,-0.7109451,0.40966415,3.8093643,1.2793732,-1.8029518,0.076690674,0.5804672,0.37649155,-1.3672142,-0.09680939,0.5770798,1.0013313,1.3616676,-1.9082794,-1.2473679,-0.40735626,0.76348114,-0.4949379,-1.3368912,0.95573807,2.1135979,-0.21136475,0.18512344,3.153984,1.7853737,0.7344742,0.76750946,0.54813385,-0.11824417,0.9115982,-0.5367546,-0.5409317,0.35890198,-1.8652191,0.63274384,-0.6734772,1.6839867,-2.3403893,-0.25753403,1.4441414,-0.45675278,0.82326126,-0.9497833,-0.26225662,-1.896801,2.3413582,0.912117,2.8035583,0.16371918,-0.52677155,0.33498764,0.35119247,0.5399742,-1.119442,-0.6700325,-0.38181686,0.219944,0.4494629,-1.0699272,-0.76171875,-0.9869919,-1.3631897,-0.863472,0.60380936,0.9769516,1.5788803,0.5411377,-1.497242,-1.1543007,-1.2544899,-0.47815323,-0.9479675,-1.3371544,0.027820587,-0.66423416,2.7814064,0.849102,-2.1846008,1.5752563,1.4433861,2.162346,-0.8324089,0.05445862,-2.1597939,2.2770805,0.6912613,-1.9940033,2.1821022,0.46154785,1.8393097,1.2938843,-0.93766403,0.9040947,-0.79314804,1.5213852,-1.5933113,1.2886696,-0.32868576,0.0034484863,-0.31167603,0.9472122,0.74760056,0.15777206,0.24021149,1.7876854,-0.5754471,-0.6500015,-0.08164978,-1.5821381,-1.6869736,3.1312752,2.5896912,3.3914032,-1.2865257
-0.049762726,-2.70747,0.20946503,-2.6474,0.0157547,-1.4465942,1.8949928,1.4542732,0.122047424,0.37032318,0.24779892,0.73067856,3.0602646,-0.26478958,-0.44948578,0.12464905,3.5243492,0.5480156,1.3021317,0.67020035,0.30314636,-0.31644058,-2.1222115,0.52718353,-0.65340424,1.8040085,-1.219101,-0.38372803,0.5860481,0.27396393,0.90154266,1.5764008,-1.2774773,-0.56957626,2.3103828,-5.292454,1.3237686,0.5277672,1.3055229,1.0804596,0.81959534,-0.6288414,-0.7259331,-2.217327,-5.011471,-3.5137672,0.63025284,-0.4225464,-0.5934944,1.3398476,-1.8668213,0.22844315,1.6031303,-2.3192902,1.8376045,0.5753517,-3.7062302,0.68562317,0.9780998,0.92391586,1.0563469,1.4678383,0.27539062,-0.506958,0.7808914,0.8188515,2.2354126,-2.8834457,1.0304718,0.15672684,-0.4666252,0.9368019,-0.044448853,0.3127632,0.8720894,0.3559265,1.296257,1.2532425,-0.50361633,-3.2479134,3.7767105,-0.7845993,1.7633591,-2.5088692,0.026859283,0.2541008,-0.18172836,-0.5955658,0.9827423,-0.066856384,0.93574905,-0.61154175,0.27184296,1.3530159,-2.3116608,-0.28256226,-0.14453888,1.3387718,-0.48498154,-0.92742157,-1.2633362,2.5761414,1.2507782,-0.83971786,-1.8885841,0.8973694,-5.079418,-1.3249626,2.7917137,1.9658432,1.954525,1.4973984,-3.7405548,2.0150414,-2.2651367,-1.0593224,-1.7374344,-0.31939316,-2.2301216,-1.0929489,-2.452797,-1.4242439,-1.7008057,-0.82242584,-1.8404922,-0.023075104,3.487728,-0.32460403,-2.030964,1.3227577,1.4530449,-2.9450417,-2.3860245,-1.7675514,-3.6591988,-1.2954292,1.6980019,1.0744133,-1.8971443,3.4743805,-3.0307884,-0.79707336,1.6435928,0.9325371,-0.94395447,-0.3496132,-1.2911835,-0.1316452,0.4270897,3.0636826,-0.40161896,-1.0505409,0.6389885,0.49975967,1.6809921,2.9608498,-1.9940643,-0.6884575,-10.368519,3.40596,-1.3358498,-2.3266792,-0.044807434,-1.4280891,-3.6854515,2.2415848,-1.1220818,-1.4345589,2.452652,-0.6892395,-6.252537,-7.7293396,0.5594063,0.8986969,-0.7312622,-0.16893768,-0.62734604,-0.27570724,7.001236,1.1607895,-1.5537529,0.023880005,2.6270905,-1.3104973,0.29606247,-1.1238785,-0.983696,-0.05283737,-1.5281982,-12.464245,4.1502914,1.8483696,0.65037537,0.18581772,4.256714,0.021831512,0.2446022,-1.4504814,0.9653816,-0.12269592,-0.54992294,-1.2759056,-2.5394058,-0.6001892,0.037826538,0.4237709,-1.690548,0.30879593
0.07242584,0.14455414,1.2513618,1.1574326,1.7115364,-0.09271622,-0.2885933,0.5477867,-1.744709,0.68011475,-0.71110535,-0.6730118,1.1368179,1.6247635,-1.6959915,-0.50180054,2.4811897,0.2639084,-0.6903,0.7943649,-1.0934181,2.1893692,2.361023,-2.342556,0.75053406,2.55233,-0.00039291382,-0.7121277,0.1785965,0.51068115,-0.32598495,-0.1939354,-1.0825386,0.5569687,2.3695946,0.86403656,-0.05873108,-0.53720474,-2.255066,-0.804966,0.2913704,0.5054321,-0.1283226,-0.43099213,0.5603943,-3.1233902,-0.9828644,0.7519951,1.428791,-1.5045967,1.7164803,0.008041382,-1.668869,2.0284424,-1.0759163,-1.2446823,0.16658401,-0.08098221,-0.7510414,-0.07442474,1.0179977,-1.5384026,1.5559845,0.51527405,1.0599327,0.46297836,-0.69719696,0.6264343,0.7064972,0.48287582,1.6241608,0.08324814,-0.11942291,-0.11787033,-0.64012146,-1.576477,0.8832779,0.6879463,0.31391525,-0.519207,0.2668953,-1.3569374,-0.71432877,1.0519066,0.5258827,-0.8849335,0.005836487,-0.9198456,-0.5724373,0.34960556,1.6897316,-1.0230713,-1.2490616,-6.7420464,1.0472107,1.5269928,-0.55426025,0.35546112,1.4534302,-0.47917175,2.587452,0.12520218,1.0825081,-1.0775833,0.7894325,0.63640213,1.2349167,-0.62283325,-0.45282364,-0.53051376,0.095142365,2.671627,0.8145752,0.4351921,-1.467907,0.57995224,0.56544495,-0.19194412,-2.2013588,1.7702141,-0.48378372,-1.1788788,-0.5219879,0.5034447,1.4115982,0.31316376,0.9435768,1.5360107,0.19092178,0.012248993,-0.8695984,1.9646378,0.035614014,0.22919846,-0.75240326,1.46241,2.9296265,-0.5769844,2.255188,0.41793442,1.9740486,0.45184326,-1.5719757,0.5653877,0.866272,-2.085556,0.6349373,0.8690605,3.9979897,-1.8340645,-0.67152786,-1.233017,0.21289062,0.7496033,-0.9622345,1.0370522,0.7872696,-0.9914322,1.4646683,-1.7918625,-1.7150116,1.65765,0.7894974,0.09007645,-0.25471115,1.4128761,-1.8815002,0.32055664,-1.4061394,-0.73101044,0.7144165,-0.047042847,-0.15363312,0.8335724,-2.397564,-0.31039047,-0.4456787,-0.14638138,0.4115448,-1.2621117,1.8379364,-0.83771515,0.2122879,-1.4368668,-0.014671326,1.0331955,-0.74755096,1.254097,0.40079498,-2.165676,4.009098,0.42933273,1.3684196,-2.9468613,-1.603035,-0.4397545,-0.68533325,0.16186905,0.32715607,0.71752167,1.3990784,2.635685,3.038395,2.254795,0.846611,-0.3599167,1.0548973,-0.18812561
-0.87443924,-1.1204834,-1.147438,2.3204422,3.4197655,1.0801926,8.131493,0.43381882,1.7900581,3.6943398,1.2602234,1.2487793,-2.7123337,-1.5118942,-3.6908836,-0.13077927,0.13349152,5.1792946,-1.4861603,-0.36701584,1.041954,-1.601635,3.767479,-2.863636,1.202877,-1.8282928,-1.9010277,-1.256794,0.7694473,-1.5591125,-0.9316864,1.2733116,-1.8265953,-0.03432846,-1.4276657,-3.414219,-0.053512573,-1.235012,-1.5308113,5.479023,0.20020294,-4.0791283,2.156273,2.2755623,4.4388275,-1.0610161,-3.6513596,1.107399,-1.4212074,2.7208405,-2.3898888,0.28363037,1.6379128,-4.9376945,-1.7073326,1.1278343,-0.88116455,-2.4540977,1.7781258,-0.60612106,-0.81085587,2.14151,-2.0110931,0.94597626,-0.48573303,4.2694397,-9.156261,0.28471375,4.2405624,-3.9095764,-1.5795174,-3.220127,1.4314079,-0.19937134,0.39526367,-0.058021545,1.916832,-3.2703934,0.5807533,2.031376,-0.5272789,-1.6477623,-3.2290688,-0.31860733,3.8935013,-0.85941315,-4.6308403,1.2630272,-0.19169998,1.8711166,-1.9048347,-2.654644,0.34786224,-1.179863,0.7719002,-0.124248505,3.705452,-0.2058258,-1.4295425,1.8501854,-2.0226517,7.7394447,-4.014675,-1.0555878,4.457287,0.12012863,0.74692154,0.38760757,-2.3079948,-1.5762215,-3.0887756,-1.5902977,0.22517776,-0.28444672,9.419369,1.7898216,-0.49626923,-1.6261902,-0.8958435,-4.061619,2.0287933,-0.45542145,-0.60754013,0.48537827,0.57305145,-0.9248581,-2.727932,-1.9577713,3.087101,1.3494492,-2.0853195,3.9298973,1.7378693,3.0293655,-0.10443497,2.8896713,-0.93544006,-3.6961174,3.1176453,-2.4538574,0.9417572,1.2268257,-2.9173965,-0.74972534,-1.4425774,-2.7050438,0.8159294,0.7567558,1.7987556,-2.2085228,0.9779968,1.9159966,-1.6482048,1.2314339,-1.8383751,0.13666153,3.5620537,-1.69207,-0.19859695,-0.1650505,0.97314453,-0.940506,0.5764961,1.8509789,-0.6187134,-0.9938469,-3.8490944,-0.02168274,2.5829773,0.43353653,-1.2788544,2.3954353,1.7547836,2.1643867,0.8144913,3.9845543,-4.152405,-1.7746582,-1.9209061,-5.627495,-0.93626404,6.771927,2.9129906,-3.6497002,-2.4823036,-3.2528763,-2.8408852,2.2487373,0.70205307,2.972374,-0.88407135,9.681133,6.0146294,-1.8265343,0.67232895,-0.5327034,2.0669289,1.5224609,2.7685127,2.6570816,-2.742607,1.4772301,-7.1349144,-1.5443306,-0.66939545,-0.4218483,7.188137,-3.5890236
-0.68990326,-1.4954491,0.80791473,0.7922287,1.1172981,0.47307587,3.0106316,2.0475044,-0.32389832,2.646824,1.0710754,0.084747314,-0.986248,-0.8384514,-0.6464882,0.76834106,-2.328762,0.28605652,-0.8949547,-0.7950859,2.1659431,0.76176834,1.0108185,-1.168869,-1.0240555,-1.3711472,-1.6777115,-2.058689,0.007751465,0.19013596,0.492527,-3.619114,-0.7237854,1.2681961,-0.09408951,0.8726387,-0.0046310425,2.3847122,-0.6083603,0.08620453,0.8880882,-0.5376358,1.1427422,2.4161568,0.27090073,0.71684265,-6.9870377,-0.46571732,1.2062988,-1.1908073,-3.4305,1.877842,-0.99150085,1.2694359,2.383358,-5.426445,1.17482,0.16488647,6.682556,1.6323051,-0.6091461,-1.043808,-0.048236847,-1.6375313,1.5826263,-0.0734787,-2.8116837,0.73311615,1.6902161,-0.42010117,-0.0533638,0.54750824,2.2691917,0.31621933,-0.6837692,-1.0331116,-1.0142174,-1.4178238,-0.61660004,-0.24321747,0.41391373,1.0655746,2.6102524,-0.8893776,0.16435623,-2.7938995,4.5354156,-2.2388077,-1.1403389,0.16209412,0.44046402,-1.031147,-0.12158966,1.0667992,1.6514778,-0.8930664,0.021705627,-0.63653564,-1.4702415,-1.1696701,-0.90592194,0.23711777,-1.231308,-1.0932655,1.5842209,-0.049057007,-0.40478134,0.65839386,-0.062309265,-1.3969269,-0.0619812,-0.48147202,0.53733826,1.2516556,0.83966064,0.97974014,-0.26782227,0.17617798,1.701622,2.1707535,-0.4812889,1.7910767,-0.49224472,-0.36120987,-0.94347,-1.648098,-1.7408371,-0.6453552,-0.019256592,0.7490158,-0.515892,-0.2712593,-0.6646919,0.07342529,0.12471771,-1.2149696,0.5632515,-0.8234787,-0.83979034,-0.07782745,-0.8759537,-0.11463165,-0.60585785,-0.8584709,-1.4270325,1.5831528,-0.4444008,-0.22419739,-1.0777588,0.37415695,-0.8634491,-1.4711647,-0.23363113,0.34588623,1.0204124,-0.23965073,-0.6249695,-1.9517174,-0.8388939,0.32749176,1.670208,-0.33024216,-0.77355576,-3.9418678,1.4374657,-2.0958633,5.62545,-1.9433632,1.5712166,-1.0161781,-3.3466225,1.1067429,-0.35907364,-0.30281448,3.0029984,0.584919,1.0423088,0.39712906,0.6052284,0.42107773,0.45654297,-0.94874954,2.0345078,-1.8196259,0.12132645,7.835499,-1.2577858,0.3144455,-1.4623375,-2.091751,-3.1169052,1.6258812,-1.0236053,-0.11897659,12.746365,1.3152504,0.4071045,1.9851608,0.23125076,-1.5641823,-2.1641312,1.8154564,1.700737,0.1164093,1.3110199,0.38377,-0.18251038,-0.92707825
1.1622086,0.16979599,5.9919815,-1.3523178,-0.9405098,2.3858452,-1.3625793,0.44688797,1.2113724,-2.563591,0.19322968,-1.4428482,0.18558502,-1.5888519,-2.4483109,0.45652008,-0.33569336,3.1609077,0.33851242,-3.474636,-1.3177071,-0.67840576,1.5321083,0.051849365,1.9804649,-5.279442,1.356205,-0.36250687,-0.612484,1.3718681,0.9064102,4.354664,-0.94057465,-3.221943,-1.0550537,0.5515251,-0.5403862,2.7631721,-0.73555374,2.5826836,-1.1425133,1.6944695,-0.9009552,1.8572426,-3.9035797,-1.2169266,2.526062,-0.38334656,1.5376816,-4.1689644,-4.8657227,1.4949646,-1.9606819,0.6050453,9.311256,0.4156456,1.9323692,-2.3397598,-1.3787651,-1.9848251,0.8259659,-1.6868668,2.8403893,-0.10774231,1.7335358,0.047790527,0.8453064,-0.5667114,1.8175888,-1.1105843,1.5869141,-0.29896927,-0.3060341,-1.8234634,-2.477211,-3.5515594,2.6541939,1.3372803,2.4618492,-3.8226013,-0.08440399,2.1140594,-0.7077141,0.03274536,0.74692917,-1.3466568,-2.3889732,-1.9823875,1.650692,-4.882126,-1.1697769,-1.6021156,-0.3346138,0.69418335,1.1672974,-0.88806915,-0.32208252,-1.7211533,1.0353165,-3.1897888,-5.9671593,0.33613205,-1.1278687,-1.0519371,-0.2600479,-2.654747,1.3563309,-0.476326,0.92712784,-0.5711174,-2.8858871,2.1311836,-0.63957596,-1.0948067,-2.1392097,0.8487358,1.0809174,0.41427612,-2.0024986,2.513794,-0.7054138,-1.1829453,-0.33526993,0.13734436,-2.0383835,0.3342209,-0.33481216,0.41844177,2.4513245,1.5473175,0.5202408,3.1013527,0.14951324,-1.7792397,0.26315308,-2.595234,-0.0037879944,1.1898499,0.92242813,3.0790443,1.4966125,-1.4492416,-1.4962616,2.5386238,1.4455948,-4.8920937,4.819721,-1.635849,-3.9642372,3.4440918,-0.6232567,-1.4122124,-0.32430267,-3.065548,1.8569565,1.8102036,-0.48324585,-1.1957664,1.5793991,5.103897,1.8219528,-1.350605,-1.5560722,-1.3867378,-3.0857468,-2.8725739,-4.280178,2.0528412,-0.92806244,-1.7770004,6.1069717,-2.7010193,-0.07870865,-0.4995842,-1.7065659,2.561943,-1.0158653,-2.4342194,-2.8339005,3.3920212,-0.9405632,-1.0528221,-0.9057884,3.1113167,-0.45335388,2.3546715,-0.17284393,1.7977524,1.3508186,9.617687,-0.33538437,-1.1487312,1.7166824,-0.63834,-0.21234131,-0.1968193,-1.2291985,-0.05827713,2.8922157,0.4308548,0.293293,1.166565,-2.9209518,1.2032623,1.4797211,-2.718666,-0.06828308,-2.2164307
5.708374,-3.4731636,1.7290764,0.21788025,-2.173912,3.1053467,3.2746162,7.422062,-3.1382751,4.2493477,0.36234283,1.3997726,-3.467308,-2.6660385,2.4873161,-2.2599754,2.3229218,-2.2567825,0.73931885,3.276886,5.5649643,1.4852753,-2.953148,-0.85972595,-1.6865921,2.5547523,7.9785347,-1.3212051,-7.4621506,-15.848583,3.121994,-0.7045212,4.0764046,13.6385765,1.8697472,2.4569473,-0.90104294,1.859478,3.263729,1.0631027,-1.2442322,1.4652061,2.071949,-1.5730515,-4.258766,-0.9455223,0.10071945,2.5448036,-2.985115,0.033340454,4.015091,10.096287,-3.7340927,-7.340992,-3.45467,-2.202774,-0.9739227,-0.1327591,-2.2164803,-1.0059433,7.024498,-1.3777618,-1.0755653,-5.156891,1.9525223,1.5243835,1.7801704,6.1367188,-3.1314545,2.532814,3.7400475,-3.773365,-2.3830605,-1.558979,3.1016426,1.7019157,-1.4915619,0.21456528,-4.5155525,-3.219986,-1.4396439,3.1434517,0.4986992,-1.8126984,5.7601013,-1.314003,1.2751617,2.749771,-6.3305893,2.6810226,7.709984,-0.9003334,-4.958069,-2.2709045,8.6362915,3.5022316,-0.11670685,-2.6658401,9.393581,-3.0303497,-4.4118576,-3.1807442,-3.6701775,0.6492386,2.1664047,0.008300781,-7.5311165,3.7600746,9.4639015,-0.6950035,1.5241776,-1.8438339,-7.437828,-1.0774193,-2.8867188,-0.24444962,3.2834587,10.119755,0.91090393,-0.372509,-0.1134491,4.637413,5.164459,-0.7397194,-0.1985588,2.267212,10.90802,0.22977066,1.640625,3.8800735,-0.13376999,4.4140816,6.683361,0.11122131,5.8261375,-1.9557648,2.4965897,4.458496,1.9995537,3.0147362,0.62979126,-2.5135078,-3.4435577,-2.2086334,-2.4644928,-4.0104065,2.046898,-2.4896164,-0.5236931,-1.9662285,2.6670227,0.5093651,-7.174576,-4.107174,0.49900436,9.729042,0.7479477,-2.2412338,-1.7199516,-0.48714828,3.6796188,-3.129486,1.4938469,-2.15094,-0.64001083,-7.1350365,-9.534798,1.7949791,-5.5648613,3.0610352,-2.4035072,-2.8514404,2.0255203,4.3294907,-5.0110283,-3.7053719,-0.09015274,0.3134842,0.5803757,-7.4780197,9.859325,5.2675285,-3.2110329,1.4226723,2.5744247,-0.8561897,4.822777,0.32292938,-2.0562248,-18.459637,0.689518,4.684086,0.03338623,-1.1919174,-3.4363098,8.871986,-3.5562057,-0.25619888,-4.795292,0.56098557,7.2538414,5.218609,-1.8341866,-29.461391,-2.2404442,5.7345695,-0.41186523,-3.315197
-0.52069855,0.09780502,0.18789673,1.8329849,-2.1259804,0.23050308,-0.37694168,-1.3732834,1.2813568,1.0323257,-0.12937927,1.5220528,-0.33082962,-0.27349472,0.1774559,-0.4042282,0.29930878,0.5748863,1.0747108,-0.0050086975,1.2014313,-0.70919037,-0.6450653,-0.22203064,-0.7374687,0.70508575,-0.7539978,-0.7090149,2.145115,0.14878845,0.43409348,0.058425903,-0.1852417,0.48735046,0.31632614,-0.80189896,-3.084072,0.08067703,1.7582359,1.1073074,0.22180176,-0.051700592,1.4726868,-0.6656189,0.2549019,-1.3197937,-1.0543938,-0.23671722,1.0006142,-2.4236145,-0.7729988,-1.6753159,-0.042808533,-0.023090363,-3.1250114,-1.7239342,-1.9303017,0.19164276,1.0852356,0.19396591,1.0724449,0.0062065125,-2.2929459,-1.4534683,1.5629463,-0.8335686,-1.302742,2.4251366,2.9812965,-1.1057281,-0.47075653,-0.013786316,0.6270828,-0.49246216,1.503376,2.1672516,0.3078766,1.7333145,-0.051380157,0.28586197,-0.5056343,1.1014595,-0.3291626,0.051635742,-0.54340744,-1.2786102,0.14047623,0.44817352,-0.120334625,-0.46245575,0.081588745,0.8083916,0.39705276,0.76084137,-1.0724297,-0.42085648,0.5132904,1.3634186,-0.063640594,1.4498596,-1.117691,-1.1809578,-0.66264343,2.0277634,-1.6114464,0.67721176,-0.19268799,-0.6573143,1.638649,-0.52103806,1.7779503,-0.43725204,2.4030647,-1.7181702,-1.4416695,1.4883652,0.06980133,-0.6217041,-0.18409348,1.1474228,-0.25061798,-0.30717087,0.8519211,1.2630005,-0.17347336,-1.3043747,1.5541458,-1.1045113,0.77700806,1.4206238,3.6567116,7.332203,-1.8973694,-0.9441452,-0.2480278,1.0795212,-0.44186783,3.1279182,0.5589752,-1.4216461,1.3175201,1.2304153,0.5120621,0.897686,-0.84529495,1.5629845,-0.62329865,-1.2351494,0.86426544,2.4701385,-1.8986855,0.48374176,-1.1163864,0.690403,0.12489319,0.054920197,0.24806595,0.23485947,-1.6572685,-0.45567703,3.4819794,-5.289303,1.4671745,-0.61805344,-0.27984238,0.88189316,-0.7968979,-0.36895752,2.579937,-0.63438797,0.7126236,0.3158989,-1.2155914,0.03882599,-0.7557602,-0.03850174,0.031158447,-0.60422134,0.009708405,0.42156982,2.8600922,0.16387177,-1.5498276,-0.23690033,-1.7296791,0.2741623,0.58885956,-2.7942162,-0.79310226,0.85417175,5.1575737,-0.20262909,0.79932404,-0.031036377,1.2110367,-0.12620163,-0.514698,-0.91228104,-0.2151413,-0.30044174,0.6828766,-0.08256149,-0.8330078,-0.20035934,0.9197426,-1.3298798,-1.0800819,-0.57027435
-1.2944984,0.3059082,-1.7427216,-1.9167862,1.292736,0.26724625,0.57946014,-0.99980164,1.5291824,3.49786,0.37221146,-0.25022125,1.7842941,1.5885124,-0.6407814,-0.14283371,1.635498,-0.6365013,2.7283134,-1.4103737,0.32046127,5.3769608,0.8086319,-0.27581024,-0.640255,-3.1812134,1.1630707,-0.1950264,0.043560028,-0.66511154,-1.375576,-1.8970146,-0.30329895,2.7938347,0.03902054,0.45482254,-1.0166473,-0.17496109,1.0040817,-0.7098923,-0.52854156,1.535572,0.84908676,2.7036018,1.9890099,1.0917587,-1.5047874,-1.9039268,2.5468674,0.15457153,-1.1929321,0.7671242,1.6021576,-1.6952362,2.0007896,3.4624748,-1.0009842,0.8646736,-5.482807,-0.16000366,1.594677,3.7229042,-0.3924904,-1.5756912,1.4575691,-1.3585777,-0.3316307,-2.0555496,-0.3508606,1.3336334,-0.7975311,0.33564377,-2.5010872,-1.8875923,-0.037246704,1.5330315,-0.9866638,2.3324203,-0.5812683,0.5677986,-0.035621643,-0.3147316,-1.321434,-1.7937889,-0.17103195,1.2550812,-3.5153008,-0.6570511,1.1689415,-0.73828506,1.4336357,-0.7169914,0.65371704,-0.18505096,0.15037918,-1.738594,-0.09457016,1.7334671,1.3389473,-0.7720642,-1.4576683,-4.667408,-0.042057037,0.51784134,0.66600037,-1.8525276,10.706524,-0.40055084,1.322876,-0.3370247,1.7820549,-0.49362946,0.25660324,-0.55088425,0.48519516,-2.7734184,0.97784805,0.73893356,-1.413353,-2.1452484,-2.8851242,0.0554657,1.5712929,-1.3255119,0.30765152,-0.8381767,0.44371033,-0.7661209,-0.8795128,-0.24092102,1.4574623,-1.2586021,-0.6146126,0.5580292,1.3589897,-1.8678513,3.7846832,2.8481102,0.28352356,-2.1159172,-2.7844162,-2.095375,0.11911011,0.038986206,0.95142365,-2.2644615,1.8360901,3.9794197,2.2450752,-2.8611336,0.653347,1.8245201,-1.9389114,3.6951256,-0.3726654,0.0166893,1.9536209,2.4265366,-0.36325073,-0.20553589,0.92643356,2.8915138,0.62280655,-2.1806831,-0.02242279,-0.34435654,1.69347,-1.2845573,-0.5627899,-1.2544518,-0.3036003,0.3420105,-0.5598259,1.9439926,-1.5174255,0.6644974,1.5545998,1.2665863,-1.8880424,-2.3261871,-1.5496979,0.03132248,-0.6446762,1.5090904,0.6904869,11.323143,0.3969841,0.1273613,0.5655861,1.1260338,1.5680656,0.10115814,-0.8417549,-0.77173615,2.4122353,1.8753662,1.4025421,1.3297958,-1.1900597,-1.1741104,-2.3607216,2.8233376,-1.744709,-0.35403824,-0.51168823,3.819069,-1.0026703,-1.396328
-0.5441818,-0.17284012,0.748188,-1.813652,-0.38658524,-0.49567795,-0.38834763,0.040721893,-2.5240364,-0.17910767,-0.015613556,-1.8371277,-0.7749214,-2.5716896,-0.1590004,5.2921753,1.0320549,-2.7835808,-0.17514801,0.20872879,0.8497963,-0.5107765,3.1301117,0.68592834,-1.4319077,0.17713165,-2.7891655,0.77498627,-1.044487,1.7794342,1.2109756,0.15773392,0.9510498,0.87034607,0.7791939,1.4672241,-0.94029236,-1.8172569,-0.746933,-2.2980766,-0.65668106,-0.80801773,-0.15290451,-0.3182335,-2.4885063,-0.50050354,1.3259621,1.206131,-0.82240677,0.13364029,-1.9409866,-1.8928642,-0.8636551,-1.1750069,-0.65359116,0.12908554,1.9160271,-0.078372955,-1.7980728,1.364296,-0.3407097,0.78152084,0.8274269,1.2987938,-0.29394913,-1.2809258,0.60834885,0.9502106,0.81635284,0.021530151,1.6209183,-2.188305,1.0707893,-1.1977577,-0.018844604,-0.009094238,-0.9594765,-0.35488892,1.7106018,0.15335083,-0.60801315,3.3878212,0.041942596,-1.1172714,-1.3718262,-1.1820335,-0.7475624,2.063549,-0.87374496,-1.4007607,3.2407188,0.75128174,0.815155,-0.6424446,1.4355965,-0.8021698,-0.83976364,0.8683357,1.3726959,1.4344864,2.151451,0.190876,-1.5203857,0.37199402,-2.6565132,0.0060043335,-2.1519012,-1.3103142,1.0983429,0.6478386,10.884155,1.401226,-0.00447464,-0.98142624,-1.474266,0.12726974,0.60108566,1.4355011,0.33067322,-0.5528641,0.29666138,-0.5718765,-0.5321541,0.59601593,-0.9949341,-0.6703758,0.79421616,-0.393013,0.28608322,1.1569061,0.57559586,3.6628876,-0.8830528,1.1970673,2.3937836,1.2043648,0.011413574,-2.1377869,1.3338165,0.16755295,0.17786026,0.06933975,-0.26109314,-0.049678802,-1.4774742,1.4379692,0.291008,-0.3441429,1.0974274,-1.0067787,1.2224159,2.4840088,-0.3161316,-2.8066826,0.98488617,0.29661942,1.7941513,0.6774368,1.228939,0.7482147,0.59274673,1.810318,-0.5843582,2.6943283,1.7173996,-0.48677826,-0.6326103,1.431736,0.6935539,0.6198387,2.312458,-0.88487244,0.7294235,-0.8079796,-0.00034332275,1.8792877,-1.0583038,0.42630005,3.2764282,1.046833,0.9032173,0.3766365,0.9183502,-1.1136856,-1.0266953,3.3801231,-1.3063545,-0.025291443,0.5574875,-0.7953224,0.82284546,0.110328674,-0.53492355,-0.5598068,-0.3316536,0.6867256,-0.12688828,0.52430725,-1.6663055,0.074985504,-0.1089859,0.6790314,6.3521385,-0.99609756,0.52835464,0.0210495,-1.4048767,-1.1436234
-1.4454346,0.5871811,-1.4014778,1.784523,0.1319809,-0.30397415,1.5767021,1.3400764,1.9176903,-2.3568497,-0.22988892,-0.79761505,-0.980114,-0.495636,1.8507156,0.042388916,-0.9948044,1.204216,1.9035988,-0.50167465,-0.18209076,-0.5424423,-1.9494095,-1.2197266,-0.28430557,-0.6687889,-2.3113556,-0.7117233,1.4441414,0.3657074,1.3599358,1.5701828,-0.32387924,-0.8266754,-3.0864944,0.9965515,-5.2182236,-2.5238724,1.2250862,-0.50081253,2.3903313,1.0633087,-0.70988846,-2.1864777,1.2446327,1.0724068,-1.9590721,0.11812973,1.5480728,4.3843193,-0.31038284,-2.252388,-0.1631012,-0.8190689,0.640522,3.921383,-0.90377045,1.1648865,8.539661,1.0273781,-0.42430115,2.3486252,-0.1421051,0.3715515,0.8250885,5.152092,0.09976578,0.7799568,-2.215538,-2.1403198,-1.4294014,1.4495888,-1.1831055,-1.1746216,1.4589691,-0.19748306,-5.763241,-7.4247093,-3.3671951,0.15627289,-0.88788223,-0.55558395,-0.102371216,-1.0851784,-12.9826355,-1.4783745,0.046424866,-0.1925087,-0.3075676,-2.656784,0.75955963,1.7665215,-0.27937698,1.3135643,0.28424454,-0.58800125,2.1953049,-2.2704659,2.6656418,0.74155045,0.6387596,1.7372627,-1.0386009,0.5900841,10.164413,1.1297569,-3.0784683,1.2316551,1.6303978,3.783558,-3.251068,-0.24962234,-0.44631958,2.0144653,-1.5603218,2.6510582,-1.3793716,2.3530273,1.2201691,0.45360184,-5.4893036,-0.5365906,-2.8450813,0.7919121,-0.034461975,0.3056717,-2.4128685,-3.4610977,0.5156517,-0.2639084,-0.37516022,4.841873,0.036010742,-3.520874,0.1583519,-0.75003433,-1.1109505,-2.6711502,-0.99376297,2.91996,-1.6238022,-1.3082542,-3.8717651,1.1023979,-19.123074,4.8180504,-1.3739433,6.321804,0.77381897,2.168087,-1.922287,1.2078514,-0.27033234,-0.10989761,-0.122470856,-0.22996902,-0.6049919,-3.3275833,1.4369812,-1.9340134,0.32608795,-0.90929794,0.5175934,2.00634,2.6016235,3.6034546,-2.9044342,-0.9515419,-0.6472206,0.30526352,-0.37432098,-0.30339813,0.56902313,-5.264839,-12.917931,2.2133904,-3.882347,-0.025787354,-4.2569237,2.3514404,0.5186043,2.3870468,1.8019104,3.1752586,3.877365,0.2134552,-1.0078926,-0.86470413,-0.30289078,-4.9754753,-1.2749977,-0.36309052,0.74435425,-0.7341614,3.7508621,1.449295,-1.639679,-1.3300629,-3.821453,1.4131813,-0.25595856,0.5536232,3.3091545,1.1869278,-2.2420158,1.4778557,-0.16114044,1.9054108
-1.9925117,-0.9694176,0.3391304,0.78689575,0.96310043,0.8377037,-0.31556702,2.059948,-0.3121071,-0.29793167,0.7464447,0.17459106,0.3669777,0.92858505,-0.19089508,1.5421715,1.3864441,1.9957314,-1.2763367,0.7712631,1.8275757,0.50006866,1.6925163,0.33128738,3.8919716,-0.98000336,-0.8585777,1.4868317,-1.3141212,1.0140495,2.484951,2.8432617,0.090164185,2.1257095,1.6850662,0.39365387,0.16703033,1.7873535,-0.5251198,0.16018295,0.059764862,-0.34386826,-0.057567596,1.7772636,-0.5037155,-0.47639465,-1.9529152,-0.77812576,-0.24672699,-1.1757584,0.45257187,0.35393906,1.3158607,-0.84661865,-0.41876984,-1.6944504,2.1780815,-1.0012474,-3.0221977,2.5920486,0.40447235,0.96754074,0.081855774,0.70293045,-1.0922585,0.14644623,-0.8901291,-0.5311737,0.37112045,1.1988258,-0.5065613,-0.73116684,-1.5235443,-1.0375137,-0.031227112,1.9107132,-0.12703705,-0.9658165,0.63580704,-0.52747345,0.4771881,-0.85881805,0.1768341,-0.71429825,-1.1178856,-0.88593674,-0.3885231,0.26888275,-1.5271225,-1.5142403,1.3773232,-1.5247917,-0.16090775,1.1549416,-0.32097244,0.5662918,1.8926544,-0.07727814,3.2110596,-1.8592758,1.1369858,-1.4747391,-1.8845367,-0.92879486,-2.1432114,1.1115952,-1.977745,2.0289955,-2.3480072,0.31355286,-0.72478104,-0.76726913,0.4644165,-2.939682,-0.56350327,-0.6183853,0.9011078,-2.1151886,-0.7817116,0.20578384,-0.5608444,0.16831589,-0.5473633,2.3563347,-0.29370117,0.0011749268,-2.355919,-1.9295082,-1.0303001,-1.4707527,-1.5686913,-0.64603424,-1.144104,0.6232071,0.6929321,-0.0955925,-0.73060226,-0.016849518,0.7851448,-1.3819275,0.48163986,-0.28567123,-0.4045143,0.51342773,4.1893005,-0.67311096,-0.66062164,0.39942932,-0.27500534,-1.3652878,1.4342613,-1.3213539,-0.95814514,0.6146507,0.5802574,1.0640755,1.110363,0.8798294,-0.28794098,0.14761353,1.7866554,-2.349762,-0.33298492,-1.3064079,-1.4663849,-1.4608765,-0.74319077,-0.8639946,2.0196533,0.4739151,-1.0755997,-0.19919586,0.10347366,-2.56641,0.7048569,0.58176804,-0.4387474,0.1835556,2.2431335,-0.67819214,-0.79114914,-1.0819778,1.4204865,0.16030121,5.4842834,0.96647644,-0.26285553,1.6690636,-0.11332321,-0.23804474,-0.35372925,-0.6216965,-1.2012024,-0.52586365,-0.799881,-1.0953598,0.4278717,0.46878815,1.5542297,-0.03319168,-0.43349457,-2.2412834,7.1451073,0.9872246,0.24997711,-1.730156,-0.78757095,1.4657707
-1.9495239,1.1178398,-1.0915337,-1.4743538,0.911129,0.26621246,1.4066925,-0.96967316,-1.3494148,1.3299942,0.7135849,0.19828415,0.21455002,-1.2815399,-0.20118332,-0.414505,-2.440731,-0.043743134,2.010582,-1.5332489,0.43537903,0.01947403,-0.96481323,0.09061813,0.042686462,-1.0851059,-0.24414062,-0.43242645,-0.13695145,1.2107048,-2.7931976,-0.63829803,1.1335602,-0.5182152,-2.873207,1.5118179,-0.1892128,0.8368988,1.700058,0.3653221,-0.42544174,-0.73402786,1.9197006,-1.8065071,-0.5072441,-1.0112724,0.9044609,0.1470871,0.2533989,-0.7887459,1.5948257,-0.20525742,0.6705818,0.8064804,1.6281128,0.14746094,-1.8395882,0.5023613,-1.3476601,0.13793945,-1.436573,0.4235916,0.97079086,0.40288162,0.701416,0.35200882,0.3639145,-1.4438667,0.01569748,-0.046253204,2.5391197,-1.2066383,0.55815506,-0.15752792,-0.9974251,0.12510681,2.0897865,0.35845184,1.3612175,-2.042488,-1.1402359,-1.0371132,-1.2567711,-0.28347015,3.45232,-0.6769676,1.7365303,-0.43634415,-1.5052757,0.6320648,0.48350906,1.7510948,0.3230934,0.8009834,0.6718674,-0.67207336,-1.9687843,1.4174728,0.32640457,-0.62594223,2.0709953,2.3274765,0.6321945,0.10808563,0.22561646,3.0378761,2.3516426,-0.7076874,-1.4382744,-0.0818634,0.68211365,0.31601715,-0.32871246,-0.9897537,2.071373,-0.08945465,0.57569885,0.39012146,1.023922,-0.34355927,1.9200172,0.78396225,-2.7345314,-1.1770592,1.0674782,0.32500076,-0.7724037,-0.66280746,0.1347313,2.5375633,-0.34134674,-0.41832733,-0.5097351,-0.23601913,0.4999237,0.96707535,0.6171608,-2.0884323,-2.512764,-0.9983673,1.5267105,2.720333,2.080738,-0.7340698,-0.6224327,-2.201355,0.023521423,1.6325264,-2.0673904,-2.2909393,-0.62628937,1.0436554,-0.35821915,0.9548607,-3.8163414,0.32577133,1.148365,-0.4931755,2.4238815,-1.9044113,1.1963768,-0.6294365,0.12902832,0.3168373,1.0462036,2.3898277,-0.29045105,2.300045,0.7083168,1.011776,-0.02571106,7.375366,0.96333694,0.05599594,-0.73737335,-0.19300842,0.8377762,-1.7922363,0.7680435,2.0192108,-2.4885902,-1.0898666,2.5039825,-0.35701752,0.58942413,0.21249771,-0.21556091,-0.19567871,-0.17916107,-1.6292,-3.015377,2.5919495,-2.59412,0.280159,-3.3047867,-0.40154648,-2.181015,2.7439804,0.6569519,0.20043945,-0.65620804,1.227272,-0.24832916,-1.3567505,2.6498184,9.841164,-0.59043884,-0.19828033
1.2959709,-3.448597,1.2113152,2.3885803,-0.32571793,-0.014545441,1.4455414,-1.695076,0.59009933,0.07712555,0.7210617,-0.43444443,2.4491234,0.056999207,-0.89736176,5.431011,-0.30698776,-1.9292412,-1.4817352,0.033294678,-2.2671509,1.4330673,-1.5428085,3.6818314,2.840805,-1.3408241,-0.39328003,1.542347,-2.4111443,1.2967415,-1.3516083,1.4867096,-1.7084503,-1.2784576,-1.9996338,-1.8607559,-0.5867424,0.79671097,0.4781189,-0.19935608,1.7181511,-3.7314796,0.55038834,1.0721207,-0.17421722,2.3130188,-2.9206352,-1.1090889,-0.10734177,-0.5205002,-0.92676544,0.6813965,1.4449844,3.1496277,-1.8022766,0.0446167,0.010635376,0.18996811,2.1481094,3.0860176,-1.5034866,1.4539032,-0.7830391,1.8795738,-2.4350357,-1.4082489,-4.409569,-1.2196274,-0.9350548,-1.7394753,0.14217377,1.4528427,-1.1425514,-2.6803894,1.803627,0.24660492,2.0902634,-0.83286667,-0.5883255,2.8076096,-2.347786,2.4188614,-1.5153694,2.1125908,-2.624916,-1.6529465,-1.7157135,-1.7586136,1.137001,0.9098511,0.77536774,0.7358475,0.44049072,1.0449181,-3.1658897,-1.694519,-2.1020927,0.67004776,-3.025051,0.61909485,-2.684784,-0.3923378,1.0760422,1.6454887,-1.1699524,-1.3464279,-2.4242134,-1.638134,0.0009613037,3.1812973,-0.49879456,1.024395,1.1847076,-2.1745644,1.7371063,-0.14960098,1.8317947,-0.30002594,-3.718029,-0.4096794,-2.3751755,-1.0691185,0.36370468,-1.5109138,3.267231,-1.9895287,1.6645927,-0.8140907,1.7244453,-1.1550636,-1.459713,-4.0306625,1.5661316,2.1101418,-0.35811996,-3.1934242,4.5656204,3.2274704,-1.4430046,1.325325,1.2765656,0.8235321,0.34035492,0.23617172,-1.6591415,0.106464386,-0.38219452,-3.061535,-1.5793915,2.4747887,1.2254906,-0.5499649,-0.49786758,0.8837662,2.5140877,-0.746521,0.88420105,0.34851074,-0.92642593,0.8563385,0.883152,-2.9434128,-0.22015381,0.6617279,-1.7268982,1.8867722,1.8086433,-2.9904366,-1.840702,-1.6958618,-1.0060005,2.1555595,1.461277,-0.85378647,5.727295,0.63970566,-2.382351,0.45874786,2.8479881,-1.1337509,0.018131256,0.3506775,0.2637558,0.5062523,3.1255493,-0.8480797,0.14133453,1.198513,0.9098091,-3.7983284,0.2015953,-0.7934723,-0.85914993,-1.0620308,1.6756744,0.66404724,1.5102043,0.4415474,-2.2376404,-1.2485962,-1.8879929,2.0659828,-2.0666199,-6.4971275,2.6633606,1.021492,2.2101593,0.72711563
-0.13725281,-0.74710846,0.9977188,1.1899567,0.6882553,0.5677719,-0.2607994,0.7587662,0.7358284,-1.2207947,0.20876694,-1.6252022,-1.2169495,-0.79890823,1.3338242,-1.0824585,0.0013275146,-1.07341,-0.06907654,-0.92676544,-0.8097763,3.9417343,-0.15668106,-0.96027374,2.420044,0.1733017,0.35079956,-1.9122276,-2.0065765,1.3908768,-1.4763374,2.5073547,0.5821953,0.049110413,-1.4987717,1.6096497,-1.5175934,1.4512901,1.0185509,0.6031494,-0.74513245,1.7380371,-0.44334412,-1.522377,-0.4436264,-2.6289024,2.188652,-0.53339005,-1.2938766,-0.22277832,-1.9370613,3.563076,1.3505478,1.0416222,-0.76029205,-0.45869446,-1.8160248,-1.0011101,2.7302856,-0.40799332,-0.44522476,-1.0895538,-1.0544052,-0.01795578,-0.6372566,1.1166496,-0.22393036,-1.5703392,1.8253784,1.1147232,0.7842026,0.09855652,1.5023079,0.25534058,-0.1439209,1.5546074,-0.51633835,-1.8664589,0.71193695,0.48674393,0.9855614,0.44971085,-3.5628815,0.14808655,-0.23610306,0.18676758,-0.21945953,0.28214264,0.22279358,-0.18807602,0.9784088,-0.2251854,0.95207214,0.8494797,1.6440544,-0.035606384,-1.112423,-0.10629654,-2.1717873,1.1055489,-2.2369308,-1.245079,-1.4498138,-0.55467606,-1.4410248,0.33983994,0.533905,1.1403961,1.161396,0.89953995,0.27176285,-0.23643875,1.0863991,-3.1842232,0.45251465,0.009815216,0.4789238,0.070739746,-4.6392517,-1.2311363,-0.60943604,-2.385582,0.75720215,-0.44651031,-1.2297516,-0.43073654,0.14657211,-0.06882858,-0.19858932,0.082798004,-1.251831,-1.618969,-0.17994308,-0.39603424,-0.58491516,0.48825455,-1.0405235,0.16707993,0.70282745,4.0392723,-0.8874588,-1.3360977,0.29857635,0.027763367,1.0541306,-3.041893,-1.2415428,-1.9379616,-3.0701523,0.6027336,3.2411194,-0.07932663,0.6281166,-1.3970032,0.17955399,-0.542366,0.53666687,-0.91885376,2.127636,0.12073517,-3.005951,1.2415504,1.3651886,-0.26942062,-0.43067932,0.9665146,0.81126785,1.3619614,0.76424026,-0.6299248,1.2370758,0.24593735,0.8849983,-0.31201553,4.053028,1.6074295,0.08967209,-0.30225754,-0.8220711,1.1966743,-0.92084885,-1.5147209,-1.1935387,-1.3692131,-1.0591888,-1.7545776,-0.4837494,-0.24256897,0.6552582,2.6122284,-1.854248,0.7626877,-0.28126907,0.9268303,-1.0606842,0.47929,-2.0191002,0.8969307,2.314621,0.5112381,2.1551323,0.35523224,0.81804276,-0.96683884,-0.07036972,0.9315529,-0.5788307,0.37820053
1.5829086,0.61299515,-0.024871826,-1.6740303,-0.1892891,1.8664513,-0.5742264,0.429821,-0.9319954,-0.7500038,-0.35082626,1.480896,-0.3699875,0.18798065,-0.9507675,0.8466759,-0.15994263,-0.62773514,-1.0210457,-0.123485565,1.666748,-0.17572403,-0.34227753,0.8979187,1.2801552,-1.3349724,-0.06279373,-0.40246582,1.2240143,-0.26735687,0.7828636,-0.24482346,-0.6358948,-0.62864304,-0.73155975,0.050563812,-0.7381058,0.7090759,-1.0352364,0.30587006,-0.3853836,0.14706802,-1.593132,-1.7484093,-0.21027756,-0.99638367,-0.49422455,-0.027748108,-0.3489952,-0.08596039,1.3940964,-0.73508453,-0.097831726,-0.39858627,-1.1383972,0.10683441,-0.6136246,0.5412407,6.9491653,0.7156868,-0.33245468,0.30714798,-3.2110634,0.393116,-1.1245384,1.353447,-1.6607056,0.3216858,0.63632965,-0.06657791,0.39370346,0.7382622,-1.9142113,-0.17294693,-0.9193039,1.9832611,-0.43084717,0.119579315,-0.6692543,0.3450737,-0.4575081,-2.4565086,-0.7807503,-0.42651367,7.347988,-1.0029259,-0.8589096,0.90976715,0.40613174,0.15023422,1.2340012,-1.0501137,0.4790039,-0.9062805,-0.20510101,-1.5330849,1.9251595,-0.033172607,-1.4770164,1.2074318,1.4705162,4.490101,1.7527428,-0.62039185,2.9089851,-2.345974,0.20391846,-1.0536041,0.33506012,1.7389336,-0.13872528,-0.62810516,-0.9638443,-2.7624054,2.354313,-0.47727966,-0.6138382,1.1372032,0.9505348,-2.3994408,-0.55566406,1.0880547,-0.055683136,1.1147575,1.0366707,-0.5045433,-1.3908234,-0.12853622,-0.81804657,1.5309105,-0.23647308,4.7730484,0.21394348,-0.8580742,0.8782997,1.2202454,0.6278763,-0.19693375,-0.25081253,2.319397,0.377491,-2.44656,0.29006577,0.81251526,4.7853546,5.0450096,1.1411324,2.2863884,-0.81827927,0.5845337,0.0730629,0.7278633,2.4012375,0.06645203,1.2333946,-1.0532646,-1.7454262,-1.13834,-0.82014465,1.0125237,-0.88397217,0.11368179,-0.7694359,-0.4300995,1.4948502,0.38871002,0.3078537,-0.79133224,1.1989326,-0.46792984,1.0410004,-0.38233948,1.2251472,-0.65595245,0.87158203,-0.42601013,0.7641449,-0.66184235,-1.7270393,-3.3897514,0.021076202,-2.0503883,-0.06906128,-1.6758423,0.26525497,5.0725975,-0.15297318,-0.36901855,0.49892807,1.6650047,-0.18190765,-1.9748573,-0.25714493,1.5875702,0.9485893,-0.51657104,0.6569977,0.19149399,-3.097889,0.60549545,1.4632721,0.22037125,0.20811844,-2.1786957,-0.9786072,-0.6723747,-0.3252716,0.9474945
0.39202118,1.3889198,1.0098419,0.20889664,-0.92578506,-1.950985,1.3339462,-3.3692818,-2.5154037,1.1741028,0.5771713,1.0887108,2.160366,-2.4667206,2.8039646,-3.498867,3.0868149,-0.5947342,3.405861,-1.7322121,-5.101429,1.0924187,1.5355377,1.5387268,1.1199799,2.0473633,0.98560715,0.9862709,0.32810974,0.20397568,-1.2027702,3.0838165,-2.1211815,3.5686684,1.7174377,-4.3346863,-0.64562607,-3.3579788,-2.9961014,-1.154213,0.45698166,-0.34204102,-0.5245476,-6.5521774,4.3413696,-5.854389,-2.4491997,-2.7760296,-2.1903534,-6.198868,-1.9691124,-1.5324745,-2.4930878,2.1943207,-7.3216133,0.4070282,-1.8024445,-1.2148018,11.330429,-0.9339657,-0.07608414,-0.09250641,1.9087334,-0.51454926,-0.72208786,1.31147,0.5656204,-0.43042374,3.0744705,-2.938572,-1.6336212,-1.1818047,4.3849525,-0.8691406,1.299408,-3.135212,1.8180618,1.0443268,0.5397148,-0.79716873,3.434208,-0.108263016,1.1624413,-0.8466873,0.16428757,-1.5784798,2.271906,-0.6958542,-1.5819969,-0.058013916,-1.9174232,-2.628975,-0.8113098,3.4172592,2.0182495,1.1513214,-1.6190147,-1.3541985,2.434883,1.1888466,-2.6950989,-1.4298172,0.60108566,0.6116905,-1.6911163,-0.12043762,0.38248444,0.43091583,-0.47211838,-1.8564949,-2.5866203,0.8220482,3.185957,-4.2024384,-3.4171143,0.585762,4.1311398,1.384346,-1.2205391,-8.168243,2.891819,0.7439728,1.3072739,-1.7361908,0.09436798,1.2652054,-1.4816895,1.4930267,0.6584854,-2.1065788,-4.5430145,2.3772469,-0.16602325,4.483654,1.9550781,0.7354965,-1.9188538,0.7743912,-0.07718277,-0.5075531,-7.0072117,-0.1277008,-1.5311127,-0.121601105,1.1494675,-1.2007599,-2.9507408,1.0712013,2.43256,-0.63017654,-0.08091354,1.3510094,2.5158653,1.6498871,0.5229492,-2.8917847,5.0363274,-2.59898,-0.029052734,-2.0917816,-0.33215714,2.425743,1.0775261,-2.3219337,-0.7231827,2.749775,0.033428192,-0.7156067,-1.0066757,0.26766205,-1.483799,4.734501,-5.546421,-9.191193,6.4354553,1.3499603,-3.9496002,-1.7689095,3.4231644,-3.231411,-1.5282211,-0.28203964,-1.7954216,0.69698524,-3.3315392,2.3726273,-0.47898102,2.7753754,-0.81420517,16.341496,-1.3067322,-1.9631119,3.3581848,-3.2993164,1.8577461,1.2715645,1.2051811,-3.8069153,-1.048748,-0.3863678,-0.7353401,-6.498413,-2.474762,0.61297226,-2.7339668,-3.6153965,-3.4909286,6.086956
