feature,shap_score,embedding_score,shap_norm,embedding_norm,combined_score
LS_242,3.0898634338378907,0.1993378658829998,0.4961547486065865,1.0,0.7480773743032932
LS_17,4.188301506042481,0.1282227443045607,0.8122051892115385,0.643240656880538,0.7277229230460383
LS_90,3.695712699890137,0.1400689436343664,0.6704740227844168,0.702668837520041,0.6865714301522289
LS_61,4.164843368530273,0.1044315909500442,0.8054556464889117,0.5238888783217422,0.664672262405327
LS_200,3.9553417587280273,0.1110317936367457,0.7451763483100391,0.5569997543590665,0.6510880513345527
LS_8,3.246905746459961,0.1475050977402154,0.5413400834504624,0.7399733853469281,0.6406567343986953
LS_202,4.840985202789307,0.0557030150262651,1.0,0.2794348950920362,0.6397174475460181
LS_94,4.17215389251709,0.0817389589890569,0.8075590826184055,0.41004799199035974,0.6088035373043826
LS_131,3.247399158477783,0.1266977120627188,0.5414820514772256,0.6355901109943805,0.588536081235803
LS_233,3.5036255645751955,0.1084025474315498,0.6152053414749776,0.5438097586416238,0.5795075500583007
LS_34,2.2604497718811034,0.1678512617738523,0.2575099310802826,0.8420428742900763,0.5497764026851795
LS_58,3.611281433105469,0.0847311198379673,0.6461808562023698,0.4250586017632422,0.535619728982806
LS_98,2.9668506622314452,0.1178038228085144,0.4607606361390316,0.5909726229316279,0.5258666295353298
CDC42BPA_Expr,3.7958689880371095,0.0636524078330515,0.6992917047268097,0.3193141794552021,0.5093029420910059
LS_138,3.8952374839782715,0.0554103815569948,0.7278827174740502,0.27796685676271277,0.5029247871183815
LS_21,4.286481132507324,0.0323022800432593,0.8404541319492626,0.16204170703650356,0.501247919492883
LS_155,3.0685192489624025,0.1020983118257513,0.49001344742179365,0.5121836444808785,0.5010985459513361
LS_46,2.790837287902832,0.1132907842427555,0.4101168120431737,0.5683323090510272,0.4892245605471004
LS_151,2.5061246490478517,0.1293613076609468,0.3281972598782381,0.6489524254342368,0.48857484265623746
CEACAM6_Expr,3.45681116104126,0.0745854155038876,0.6017355672219211,0.3741612014161415,0.4879483843190313
LS_166,3.0590898895263674,0.0808762730419575,0.48730036483680994,0.4057202025557863,0.4465102836962981
LS_125,2.9432887649536132,0.0820579716989752,0.45398123891620806,0.4116483656142968,0.43281480226525243
LS_92,3.0244331550598145,0.0759645304838647,0.47732868188512617,0.38107973215084834,0.4292042070179872
LS_127,3.0490605545043947,0.0731032308092213,0.4844146529948057,0.36672560647776226,0.42557012973628394
CSPG4_Expr,3.290620861053467,0.0578598055225495,0.5539181081730069,0.2902547480800117,0.4220864281265093
LS_216,3.4018701934814453,0.050844697359079,0.5859275599760583,0.25506243841699217,0.4204949991965252
LS_1,3.026960792541504,0.062665295415593,0.4780559517786161,0.3143621865481925,0.39620906916340426
LS_76,3.358249111175537,0.0363096392062054,0.573376590894317,0.18214520669851997,0.3777608987964185
LS_253,3.052970428466797,0.0507019917239995,0.4855396298321861,0.25434653485808095,0.3699430823451335
LS_243,3.638698043823242,0.0155562279236558,0.6540693590834251,0.07803270274274826,0.36605103091308666
IGSF10_Expr,3.4596604919433593,0.0195313219960331,0.6025553970419403,0.09797433988858635,0.35026486846526333
LS_214,2.8656805038452147,0.0497701619487442,0.43165123621640633,0.24967187536034588,0.3406615557883761
DLK1_Expr,2.5631168556213377,0.0632694924945471,0.3445954642507863,0.31739322900749006,0.3309943466291382
M14,2.2154463958740234,0.0817708735317687,0.24456123859077208,0.41020809593226554,0.3273846672615188
PLEKHG4B_Expr,3.1822387886047365,0.0247770293198677,0.5227336448719944,0.12429019307860012,0.32351191897529724
LS_198,3.028639316558838,0.0323575886760125,0.47853890868685556,0.16231917083114958,0.32042903975900255
IGKV2-23_Expr,2.350284194946289,0.0659539734904057,0.2833577323443628,0.33086031807999977,0.3071090252121813
DEFA4_Expr,2.5184166336059572,0.0526803454063616,0.33173399739107895,0.26427123363538657,0.29800261551323276
CEACAM8_Expr,2.2139527893066404,0.0701384640824375,0.2441314874508062,0.35185242329993155,0.2979919553753689
LTF_Expr,2.1759534454345704,0.0677531858203866,0.23319804506805716,0.3398863282270601,0.28654218664755865
MLLT3_Expr,2.296869888305664,0.058991370313431,0.267988986872444,0.29593140731269996,0.281960197092572
LRP1B_Expr,2.952694282531738,0.0206204290119566,0.45668746155169804,0.10343800352247469,0.28006273253708636
RP11-388P9.2_Expr,2.579170265197754,0.0403104216190153,0.34921446581147975,0.20221571313762723,0.2757150894745535
CYYR1_Expr,2.193323516845703,0.0620220942390899,0.23819588596755345,0.3111354743647673,0.2746656801661604
MMP8_Expr,2.1693012619018557,0.0626067465439066,0.23128403135194492,0.3140684676240086,0.27267624948797675
HMGA2_Expr,2.0957121658325195,0.0649670708052184,0.21011045149800306,0.3259093773254106,0.26800991441170685
cDC-like,2.985592803955078,0.0119882852094266,0.4661532588999544,0.06013359955957658,0.26314342922976547
FGD5_Expr,1.7963263702392578,0.0801586391392184,0.12396903396846679,0.4021200877833034,0.26304456087588507
MAFB_Expr,2.7605281829833985,0.0248163221477186,0.40139606008953554,0.12448731126025057,0.26294168567489307
HOXB3_Expr,2.773235206604004,0.022301851232734,0.4050522156031636,0.11187310246735058,0.2584626590352571
AC016735.1_Expr,3.087223472595215,0.0028962481153324,0.4953951601190415,0.014522074059629254,0.25495861708933537
HOXA11-AS_Expr,2.300484313964844,0.0472904052981669,0.26902895521569786,0.2372318157201428,0.2531303854679203
CRISP3_Expr,2.0662120246887206,0.0604966527370653,0.2016224603746679,0.3034828753654223,0.2525526678700451
IRX5_Expr,2.184683303833008,0.0536871807931397,0.2357098622228536,0.2693221696844826,0.25251601595366807
LGALS2_Expr,2.887315673828125,0.0126694825068333,0.43787626171278066,0.06355092480579043,0.25071359325928555
AUC__Proliferation,2.691218223571777,0.0237975406877043,0.3814537039707335,0.11937644599854814,0.25041507498464083
HOXA11_Expr,2.2301198959350588,0.0502389725617912,0.24878320273864554,0.2520237319366382,0.25040346733764185
ARHGEF10L_Expr,2.921689109802246,0.0093700558882822,0.44776643200059973,0.04699887164214885,0.24738265182137428
LS_35,2.9826102447509766,0.0058736980929326,0.46529509568216393,0.029458884608537256,0.24737699014535058
DNTT_Expr,2.9981367683410642,0.0016304553387177,0.4697624978470048,0.00817204062809909,0.23896726923755193
FGFR1_Expr,2.1351351356506347,0.0495590416722647,0.22145350969696392,0.24861275980961242,0.2350331347532882
M3,1.8810283851623535,0.0639425269591819,0.14834010213696483,0.3207696042167349,0.23455485317684988
DEFA1B_Expr,2.0668743896484374,0.0520671055247949,0.20181304074752374,0.26119482664252097,0.23150393369502237
Monocyte-like,2.140908889770508,0.0476144352019688,0.22311477543392821,0.23885735882638529,0.23098606713015674
DDIT4L_Expr,1.9977725791931151,0.0557698454027071,0.18193057473178212,0.27977015938844285,0.23085036706011247
DSG2_Expr,2.2517731285095213,0.0402459261916759,0.25501342533275617,0.20189216245275024,0.2284527938927532
LS_30,2.6128327560424807,0.0189090299614675,0.35890007789335454,0.09485252145458109,0.22687629967396783
GPHN_Expr,2.8861348533630373,0.0029951074323899,0.4375365076222134,0.015018016191652061,0.22627726190693273
LIFR_Expr,2.9041643714904786,0.0003065331639806,0.4427240892367475,0.0015303926224842425,0.22212724092961586
TNC_Expr,2.6523588943481444,0.013971070056294,0.37027282046576476,0.07008052791763905,0.2201766741917019
M11,1.7867386054992676,0.0628932983322,0.12121037387904653,0.3155059963168127,0.21835818509792962
AR_Expr,2.5918838500976564,0.0163179236739966,0.3528725091832086,0.08185386017758076,0.21736318468039467
GJA1_Expr,2.129811935424805,0.042556046124116,0.219921880541553,0.21348121484177657,0.21670154769166478
DEFA1_Expr,1.9489372444152833,0.0512239212062951,0.16787932371983671,0.2569648699621429,0.2124220968409898
AKT3_Expr,2.036323299407959,0.0447304538504831,0.1930226630505038,0.2243894472249129,0.20870605513770835
IRX3_Expr,1.998225917816162,0.0461349544532336,0.18206101255543627,0.23143532862575514,0.2067481705905957
ZNF521_Expr,2.462694683074951,0.018442818604308,0.3157012801516389,0.09251370442321875,0.20410749228742883
TRH_Expr,2.343456573486328,0.0250518207093103,0.2813932403758955,0.12566872402133775,0.20353098219861665
M21,2.321294822692871,0.0257626602892144,0.27501670329102235,0.12923475408584637,0.20212572868843437
M6,1.7456274795532227,0.0583694869677941,0.10938158735225077,0.29281163912610353,0.20109661323917716
MMP2_Expr,2.5138472747802734,0.0138404594641712,0.33041926886274137,0.06942530089958807,0.1999222848811647
KCNE1L_Expr,2.2121017265319822,0.0297406735115485,0.24359888646007036,0.14919103557170582,0.1963949610158881
GPC4_Expr,1.9701898384094239,0.0423797158908671,0.17399427172265433,0.21259662859922063,0.19329545016093747
CHRDL1_Expr,1.8364316940307617,0.0494528323218128,0.13550842392193904,0.2480799451668283,0.19179418454438368
ARHGAP5_Expr,2.289459438323975,0.0230502630492946,0.2658567993226322,0.1156276191177159,0.19074220922017404
RPS4Y1_Expr,2.6238371658325197,0.0032943826355941,0.3620663452057748,0.01651937374455041,0.1892928594751626
MYCL_Expr,2.3999131393432616,0.0154094437592636,0.29763732637913726,0.07729633864877507,0.18746683251395616
THSD7A_Expr,2.43200813293457,0.0133675941807008,0.30687192696557514,0.06705310347981955,0.18696251522269736
HOXB8_Expr,1.9124164009094238,0.0430405010862107,0.15737128601305414,0.21591155356878322,0.1866414197909187
DOCK1_Expr,2.0636294746398924,0.0342842299670039,0.20087939064550392,0.17198444688137454,0.18643191876343923
CASC10_Expr,2.000323314666748,0.0374455079405511,0.18266449054434167,0.18784345728912244,0.18525397391673204
BCLAF1_Expr,1.976083755493164,0.0381022196840532,0.17569011160506712,0.1911379471954953,0.1834140294002812
IL12A-AS1_Expr,2.0006847953796387,0.0358453217771056,0.18276849835458625,0.17981589083252864,0.18129219459355744
HPGDS_Expr,2.0987825775146485,0.0298689768026668,0.21099389225768814,0.1498346876789295,0.18041428996830883
M16,2.2729766845703123,0.0197191813478605,0.2611142637914551,0.09891676363010901,0.18001551371078206
DPPA4_Expr,2.3072194862365722,0.0176383672943043,0.270966847044008,0.0884780575093348,0.17972245227667139
RBPMS_Expr,2.0316094589233398,0.0332609320630587,0.19166636322823405,0.16685092422228234,0.17925864372525818
AC004791.2_Expr,2.2521024703979493,0.0205367274083797,0.25510818593108325,0.10301810226311729,0.17906314409710028
COL4A5_Expr,2.527123966217041,0.0045138701095995,0.33423933326559363,0.022637109895626364,0.17843822158060998
C20orf166-AS1_Expr,1.9561283493041992,0.0365435390657919,0.16994839973430592,0.18331859933864608,0.176633499536476
WT1_Expr,2.2323130798339843,0.0201952632272674,0.249414241260637,0.10130509757088624,0.17535966941576162
CD34_Expr,1.8969492721557617,0.0388334818543224,0.1529209733543921,0.1948064301527465,0.1738637017535693
VCAN_Expr,2.3204255294799805,0.0143343910111607,0.2747665840445203,0.0719031802920263,0.1733348821682733
M7,1.9214804077148437,0.0367278536235171,0.1599792467319955,0.18424324010536217,0.17211124341867884
DEFB1_Expr,2.4061907958984374,0.0088320003491522,0.299443578520642,0.04429963783025019,0.1718716081754461
PHACTR3_Expr,2.0974284172058106,0.0262082686265195,0.21060426359032142,0.13147021307370982,0.17103723833201562
ARPP21_Expr,1.8777940559387207,0.0387547886201474,0.14740949785252028,0.19441165410639955,0.1709105759794599
SALL4_Expr,2.450871295928955,0.0055255484102899,0.3122993708301282,0.027712341126222294,0.17000585597817525
FAT1_Expr,2.1134788894653322,0.0248755548539775,0.21522242000523722,0.12478446073995449,0.17000344037259585
AL589743.1_Expr,2.403557872772217,0.0078870208666842,0.29868601509018766,0.03955901091513197,0.16912251300265982
DSC2_Expr,2.047492752075195,0.0283036329775816,0.19623641767729952,0.14198191287663184,0.16910916527696568
Immunogenic_Cell_Death_(ICD),2.063747386932373,0.0272424639659292,0.2009133172117203,0.13665840430161985,0.16878586075667007
PXDN_Expr,2.0703863525390624,0.0261222674286034,0.20282352777183324,0.13103877556513166,0.16693115166848244
HOXA6_Expr,2.0649512100219725,0.0258767905053276,0.20125968978155911,0.12980730490242223,0.1655334973419907
CDH2_Expr,2.284903907775879,0.0132245852969828,0.264546049565001,0.06633567863003978,0.1654408640975204
WT1-AS_Expr,2.1397883796691897,0.0206575238871616,0.22279237427160034,0.10362409535523122,0.1632082348134158
MUC4_Expr,2.3430395889282227,0.0085370826056145,0.28127326260322955,0.042820140107072795,0.16204670135515117
RXFP1_Expr,2.407962455749512,0.0045887835866224,0.29995333313558387,0.0230129242408779,0.1614831286882309
Progenitor-like,2.179692440032959,0.0173522955840176,0.23427385527542605,0.08704293719762478,0.16065839623652542
SNCAIP_Expr,1.9803657913208008,0.0287518981835397,0.17692216951006545,0.1442307004322367,0.1605764349711511
HOXA7_Expr,2.033478870391846,0.0250810294084078,0.19220424363610036,0.12581525370549082,0.1590097486707956
CD177_Expr,1.755331687927246,0.0408713470390492,0.11217375143499853,0.20502967703094035,0.15860171423296943
NKX2-3_Expr,1.9162758636474608,0.0315481915370527,0.15848175817322505,0.158258712447491,0.15837023531035804
MECOM_Expr,1.8565803527832032,0.0346523148808178,0.14130573979931688,0.1738309983482041,0.15756836907376048
BEX1_Expr,2.10418758392334,0.0203277991778095,0.21254905927180212,0.10196998342927516,0.15725952135053864
M1,2.07786169052124,0.0208712999934923,0.20497438536018725,0.10469653426240591,0.1548354598112966
MN1_Expr,1.9711320495605469,0.0259222839349136,0.1742653714386881,0.13003552930385917,0.15215045037127362
S100A16_Expr,1.649735164642334,0.0440733403262517,0.08179076621711953,0.22109294172711758,0.15144185397211857
PPARGC1A_Expr,2.064153861999512,0.0188006073886642,0.20103027111864955,0.09430860386020612,0.14766943748942785
SEPT6_Expr,1.8148846435546875,0.0329065492354126,0.1293087527988937,0.16507311126214574,0.14719093203051972
FOXC1_Expr,2.1308804893493654,0.0138074359022425,0.22022933250194407,0.06925963340159816,0.14474448295177111
ZMYM3_Expr,2.001534023284912,0.0209029707976975,0.18301284426759434,0.10485541545466893,0.14393412986113163
NDN_Expr,1.9157612037658691,0.025745956110599,0.158333676559473,0.12915095514607225,0.14374231585277264
SCN9A_Expr,2.042277526855469,0.0184790620004994,0.194735855861156,0.09269552468775138,0.1437156902744537
PROM1_Expr,1.7926610565185548,0.0325370589792051,0.12291442374901347,0.16321950969094917,0.14306696671998131
MKRN3_Expr,1.9902356338500977,0.021013438051513,0.17976199103393628,0.1054095904885112,0.14258579076122374
SBDS_Expr,2.153111038208008,0.0108246930320213,0.22662566465707648,0.05429627028759911,0.1404609674723378
RP11-497G19.2_Expr,1.853794403076172,0.0276079181209923,0.14050414646903173,0.13849175818482715,0.13949795232692944
M12,1.9060113906860352,0.0246113823181103,0.15552839076533356,0.12345920081949954,0.13949379579241655
NR4A3_Expr,2.2427090072631835,0.0052214158046136,0.2524054316860573,0.026186615707858064,0.13929602369695768
CD300E_Expr,2.1705198669433594,0.0092912427149343,0.23163465709046988,0.04660349390350933,0.1391190754969896
KIAA1456_Expr,1.8271880149841309,0.0289151058879815,0.13284876662361272,0.14504945560183127,0.138949111112722
RP11-497G19.1_Expr,1.815426139831543,0.0290259998686752,0.12946455597179596,0.14560577137307762,0.1375351636724368
RP11-129J12.2_Expr,1.7709589958190919,0.0299022662574281,0.11667015197833949,0.15000168906695843,0.13333592052264898
PAX8_Expr,2.219335536956787,0.0038069417562459,0.24568025001607285,0.019090701067557694,0.13238547554181526
NPTX2_Expr,1.8655392265319823,0.023919223938142,0.1438834508849705,0.1199868877095549,0.1319351692972627
IDH2_Mut,1.9563677597045899,0.0171349158017175,0.17001728460314247,0.08595241992619895,0.1279848522646707
TTTY14_Expr,2.132711181640625,0.0068946212860502,0.22075607235183237,0.03458049418562733,0.12766828326872984
HOXB-AS3_Expr,1.6739574813842772,0.0325274643158895,0.08876018404092018,0.16317137666795842,0.12596578035443928
TRIP11_Expr,2.167330513000488,0.0042207872867801,0.23071699341475027,0.02116681731891582,0.12594190536683306
JAZF1_Expr,1.8564053344726563,0.0216230212800228,0.14125538228207307,0.10846765334986656,0.12486151781596982
POU4F1_Expr,1.902540111541748,0.0186248587876198,0.15452960955884018,0.09342693546013726,0.12397827250948873
HOXB9_Expr,1.5741705894470215,0.0371069051219712,0.06004878741200367,0.1861448070378995,0.12309679722495159
SLITRK4_Expr,1.9095490646362305,0.0168145552063324,0.15654627555917713,0.08434528443891887,0.120445779999048
HOXA5_Expr,1.9150031280517579,0.0159438997081349,0.15811555760536947,0.07997751459298413,0.1190465360991768
LAMB2_Expr,2.0969872283935547,0.0053952668308293,0.21047732159692928,0.027058764648009236,0.11876804312246926
GSTM1_Expr,1.9176584053039551,0.0156446280977773,0.1588795529244692,0.07847617506412294,0.11867786399429607
USP9Y_Expr,2.0680166816711427,0.0069271511403148,0.2021417091597092,0.03474368492736585,0.11844269704353752
NRG1_Expr,1.9432916641235352,0.0135044645440656,0.16625493707135092,0.06773973355008793,0.11699733531071943
M4,2.002220001220703,0.0101022643909617,0.18321021873442875,0.05067210201347429,0.11694116037395152
TTTY15_Expr,2.074060115814209,0.0059524625696641,0.20388056915738723,0.029854018053523133,0.11686729360545518
EREG_Expr,2.0624271392822267,0.0063574125977625,0.20053344613651353,0.03188550872405858,0.11620947743028605
SPAG6_Expr,2.1704259872436524,1.470214657168491e-06,0.23160764535334327,0.0,0.11580382267667164
PRKY_Expr,2.0141775131225588,0.0083655928779815,0.18665071938781158,0.041959836964447876,0.11430527817612973
PRAME_Expr,2.005591449737549,0.0081224305839937,0.18418027596040187,0.04073997797596504,0.11246012696818346
CXCL12_Expr,1.7692858123779296,0.0208257365277581,0.11618873169878662,0.10446795851445262,0.11032834510661962
M23,1.8283837127685547,0.0173619587622984,0.13319280132266414,0.08709141393589628,0.11014210762928021
DPP10_Expr,1.9543957901000977,0.0087092181692846,0.16944989543653385,0.043683683180042274,0.10656678930828806
HOXA3_Expr,1.7976517868041992,0.017418253052485,0.12435039228072385,0.08737382242431034,0.1058621073525171
XIST_Expr,1.9843591690063476,0.0057913298665564,0.17807117263455288,0.029045672429697397,0.10355842253212513
PRSS21_Expr,2.023763656616211,0.0033474616843443,0.1894089130006662,0.01678565250700237,0.10309728275383429
EIF1AY_Expr,2.0519691848754884,0.0014992962674217,0.19752440886649025,0.007514062084560943,0.10251923547552559
PIEZO2_Expr,1.9498711013793946,0.0068284879182649,0.16814801970956786,0.0342487265344487,0.10119837312200827
LAMP5_Expr,1.8137284851074218,0.0146269296222983,0.12897609464008272,0.07337074275174052,0.10117341869591162
DDX3Y_Expr,1.9483208274841308,0.0061482630519317,0.16770196384164526,0.03083627963004614,0.0992691217358457
GTSF1_Expr,1.8916813659667968,0.0093283793682687,0.15140525379384703,0.046789795322323934,0.09909752455808549
MYO18B_Expr,1.8569524002075195,0.0106454370461638,0.14141278793917705,0.05339700658185945,0.09740489726051825
AC104809.4_Expr,2.0329917907714843,0.0004071880124705,0.19206409761192259,0.002035342298896423,0.09704971995540951
HOXB5_Expr,1.9144627380371093,0.0068737942483009,0.15796007273412369,0.03447601232380039,0.09621804252896204
PRDM16_Expr,1.9800386428833008,0.0022757059451497,0.17682804002709188,0.011409034074622388,0.09411853705085713
CES1_Expr,1.8834867286682129,0.0077913612407252,0.1490474342732461,0.03907912049854112,0.09406327738589361
ADCY2_Expr,1.7297978019714355,0.0165036982731604,0.10482695955760679,0.08278582545437294,0.09380639250598986
HOXA9_Expr,1.7170624732971191,0.0171381998247569,0.10116265991193966,0.08596889470506908,0.09356577730850438
PRLR_Expr,1.9924747848510742,0.0010324781604888,0.18040625553855172,0.005172201204776624,0.09278922837166417
AC091814.2_Expr,1.8900385665893555,0.0061495258139797,0.1509325758339291,0.03084261445938709,0.0908875951466581
KDM5D_Expr,1.8824978256225586,0.0057382282810841,0.14876290003212378,0.028779280608503585,0.08877109032031369
MYCN_Expr,1.8241739654541016,0.0067579868064432,0.1319815427845309,0.0338950474605128,0.08293829512252185
RP11-424G14.1_Expr,1.7928385162353515,0.0083762293526417,0.12296548372508538,0.04201319638546348,0.08248934005527443
MDFI_Expr,1.7848859214782715,0.0086703296881972,0.12067730641174511,0.04348859346269782,0.08208294993722146
GPC6_Expr,1.8700919342041016,0.0031555288891928,0.1451933884245816,0.015822793745018736,0.08050809108480017
PPARG_Expr,1.8662512969970704,0.0033593436394577,0.14408833288053097,0.016845260061726944,0.08046679647112895
LINC00982_Expr,1.8520061492919921,0.0041623975912167,0.1399896173292422,0.020873896924887277,0.08043175712706474
HOXB6_Expr,1.6970909500122071,0.0124448627816715,0.09541631071532071,0.06242408730876091,0.07892019901204081
UTY_Expr,1.8463350677490233,0.0028891204781297,0.13835789327877787,0.014486317231686209,0.07642210525523203
RP11-704M14.1_Expr,1.8770435905456544,0.000675693407792,0.14719356859429514,0.003382338638532469,0.0752879536164138
ADAMTS2_Expr,1.7095688819885253,0.0096024603896294,0.09900655034625319,0.048164762600335316,0.07358565647329425
ST18_Expr,1.6626600456237792,0.0116948939351335,0.08550960520524185,0.05866175959121853,0.0720856823982302
ZFP57_Expr,1.827629928588867,0.0020046035903739,0.1329759171594694,0.010049009710447258,0.07151246343495833
ZFY_Expr,1.7867864608764648,0.0033918720106308,0.12122414316967038,0.017008443363321402,0.06911629326649589
DAXX_Expr,1.7042061042785646,0.0056021901482037,0.09746353367468263,0.028096825543414816,0.06278017960904872
MSLN_Expr,1.6301637649536134,0.0094799222667306,0.07615954343688468,0.047550032297382104,0.06185478786713339
SRSF2_Mut,1.730485610961914,0.0030324633366414,0.10502486086856234,0.015205417514557756,0.06011513919156005
CDH4_Expr,1.740306625366211,0.0005852733256698,0.10785063321586998,0.0029287331551031324,0.05538968318548655
PAX8-AS1_Expr,1.6894275283813476,0.0030236753252652,0.09321133635740028,0.015161331178258079,0.05418633376782918
LPHN3_Expr,1.6339134407043456,0.0043504141844878,0.07723842690162669,0.021817109490965398,0.04952776819629604
IDH1_Mut,1.4388574981689453,0.0151711935433747,0.021115539193264997,0.07610112181398639,0.04860833050362569
MEIS1_Expr,1.5655997848510743,0.0048150504488423,0.05758273435227002,0.024148024840350786,0.040865379596310404
TXLNG2P_Expr,1.3654701232910156,0.0058254489461293,0.0,0.029216835751169647,0.014608417875584824
