feature,feature_value,shap_value,sample_idx,true_label,pred_val,base_value
LS_1,0.9361146935087168,16.003292083740234,11511,254.031908100948,254.03027,197.29434204101562
LS_242,1.1327154564930908,15.728633880615234,11511,254.031908100948,254.03027,197.29434204101562
LS_155,0.8260340574468659,13.180313110351562,11511,254.031908100948,254.03027,197.29434204101562
LS_202,1.2225249002462233,12.848064422607422,11511,254.031908100948,254.03027,197.29434204101562
DEFA1_Expr,1.086822642674549,-8.46963882446289,11511,254.031908100948,254.03027,197.29434204101562
M14,1.1212831490743982,7.616664886474609,11511,254.031908100948,254.03027,197.29434204101562
DEFB1_Expr,-0.009304427096043602,4.147819519042969,11511,254.031908100948,254.03027,197.29434204101562
IGKV2-23_Expr,-0.9279236853992464,3.957935333251953,11511,254.031908100948,254.03027,197.29434204101562
PHACTR3_Expr,1.2087491506038677,-3.8070907592773438,11511,254.031908100948,254.03027,197.29434204101562
LS_131,1.6650391308046757,-3.420642852783203,11511,254.031908100948,254.03027,197.29434204101562
C20orf166-AS1_Expr,-0.34560853506726974,-3.2338409423828125,11511,254.031908100948,254.03027,197.29434204101562
M7,-0.3764949652359241,-3.1782455444335938,11511,254.031908100948,254.03027,197.29434204101562
ZFP57_Expr,-0.6418995841481464,-3.0580978393554688,11511,254.031908100948,254.03027,197.29434204101562
MAFB_Expr,1.5132747591037026,3.0115890502929688,11511,254.031908100948,254.03027,197.29434204101562
NR4A3_Expr,-0.8175697643450707,2.8954544067382812,11511,254.031908100948,254.03027,197.29434204101562
FAT1_Expr,-0.4467462820104278,2.8039398193359375,11511,254.031908100948,254.03027,197.29434204101562
RXFP1_Expr,-0.6931935180815634,2.6024742126464844,11511,254.031908100948,254.03027,197.29434204101562
LINC00982_Expr,-0.9954636664808103,2.5249671936035156,11511,254.031908100948,254.03027,197.29434204101562
LS_127,0.2066474503138399,2.515514373779297,11511,254.031908100948,254.03027,197.29434204101562
HOXB-AS3_Expr,-1.2512377478524481,-2.422313690185547,11511,254.031908100948,254.03027,197.29434204101562
TNC_Expr,0.611566753959256,-2.387054443359375,11511,254.031908100948,254.03027,197.29434204101562
MYO18B_Expr,-0.20773107737305796,2.2999954223632812,11511,254.031908100948,254.03027,197.29434204101562
DOCK1_Expr,-0.8515335360000589,-2.297679901123047,11511,254.031908100948,254.03027,197.29434204101562
LS_76,-1.0175916637736808,2.2490997314453125,11511,254.031908100948,254.03027,197.29434204101562
LS_21,0.5872330104926562,-2.2353439331054688,11511,254.031908100948,254.03027,197.29434204101562
AC004791.2_Expr,-0.8664091484451654,-2.2310218811035156,11511,254.031908100948,254.03027,197.29434204101562
PXDN_Expr,-0.5214770792458425,-2.1710586547851562,11511,254.031908100948,254.03027,197.29434204101562
CD177_Expr,2.218390700043359,-2.138824462890625,11511,254.031908100948,254.03027,197.29434204101562
BEX1_Expr,-0.27246715496505486,2.0599327087402344,11511,254.031908100948,254.03027,197.29434204101562
DSG2_Expr,-0.35083190479040083,2.0118179321289062,11511,254.031908100948,254.03027,197.29434204101562
LS_58,0.8862931279794523,-2.009571075439453,11511,254.031908100948,254.03027,197.29434204101562
CEACAM6_Expr,0.4844353170092025,1.93902587890625,11511,254.031908100948,254.03027,197.29434204101562
ARHGEF10L_Expr,1.157423374352012,1.8612403869628906,11511,254.031908100948,254.03027,197.29434204101562
AKT3_Expr,0.25776240735403616,1.8475532531738281,11511,254.031908100948,254.03027,197.29434204101562
PIEZO2_Expr,-1.1204337503369313,1.8165168762207031,11511,254.031908100948,254.03027,197.29434204101562
DDIT4L_Expr,0.826074293958864,-1.8080635070800781,11511,254.031908100948,254.03027,197.29434204101562
GPHN_Expr,-1.500813236729094,-1.7943801879882812,11511,254.031908100948,254.03027,197.29434204101562
LS_30,1.5072045634799225,-1.7937812805175781,11511,254.031908100948,254.03027,197.29434204101562
LGALS2_Expr,1.1511293844460653,-1.7682456970214844,11511,254.031908100948,254.03027,197.29434204101562
CDC42BPA_Expr,0.11562876425799369,-1.7660408020019531,11511,254.031908100948,254.03027,197.29434204101562
HOXB8_Expr,-0.8367696175597218,-1.6967926025390625,11511,254.031908100948,254.03027,197.29434204101562
GTSF1_Expr,0.943387091144172,1.6898956298828125,11511,254.031908100948,254.03027,197.29434204101562
NRG1_Expr,0.8306309598485986,1.6491546630859375,11511,254.031908100948,254.03027,197.29434204101562
MDFI_Expr,-1.749545825728528,-1.6348915100097656,11511,254.031908100948,254.03027,197.29434204101562
ZMYM3_Expr,-0.6345940736201677,1.6343269348144531,11511,254.031908100948,254.03027,197.29434204101562
HOXA11_Expr,1.273359501897376,-1.6250991821289062,11511,254.031908100948,254.03027,197.29434204101562
LS_8,0.30651417139340686,1.6244163513183594,11511,254.031908100948,254.03027,197.29434204101562
DEFA1B_Expr,0.8063948247673568,1.60943603515625,11511,254.031908100948,254.03027,197.29434204101562
LS_61,0.3164618649820368,-1.60455322265625,11511,254.031908100948,254.03027,197.29434204101562
PLEKHG4B_Expr,-0.0076287662028378025,1.5990486145019531,11511,254.031908100948,254.03027,197.29434204101562
HOXA6_Expr,0.6067312768169202,1.5757102966308594,11511,254.031908100948,254.03027,197.29434204101562
TXLNG2P_Expr,-1.2255728708266846,-1.5739669799804688,11511,254.031908100948,254.03027,197.29434204101562
TRH_Expr,-1.453648650896937,1.554168701171875,11511,254.031908100948,254.03027,197.29434204101562
USP9Y_Expr,-0.8765427914989254,-1.5530586242675781,11511,254.031908100948,254.03027,197.29434204101562
GPC6_Expr,0.2528081642376801,1.5406761169433594,11511,254.031908100948,254.03027,197.29434204101562
DAXX_Expr,-0.1063092566779422,-1.5322151184082031,11511,254.031908100948,254.03027,197.29434204101562
Progenitor-like,-2.6062028168366043,1.518310546875,11511,254.031908100948,254.03027,197.29434204101562
HPGDS_Expr,-1.0616172529207848,1.5166778564453125,11511,254.031908100948,254.03027,197.29434204101562
GPC4_Expr,0.28850394344876384,1.5147171020507812,11511,254.031908100948,254.03027,197.29434204101562
MYCL_Expr,0.8930999754197682,-1.4608154296875,11511,254.031908100948,254.03027,197.29434204101562
MLLT3_Expr,0.15534118385596168,-1.4603042602539062,11511,254.031908100948,254.03027,197.29434204101562
CD34_Expr,-1.6883927531791743,-1.4603004455566406,11511,254.031908100948,254.03027,197.29434204101562
RP11-388P9.2_Expr,-0.9760086894089367,-1.4534111022949219,11511,254.031908100948,254.03027,197.29434204101562
LS_125,-0.7869249872821542,1.4501266479492188,11511,254.031908100948,254.03027,197.29434204101562
Immunogenic_Cell_Death_(ICD),1.2343658573760863,-1.4449996948242188,11511,254.031908100948,254.03027,197.29434204101562
SBDS_Expr,-0.7506692359541781,1.4245719909667969,11511,254.031908100948,254.03027,197.29434204101562
MUC4_Expr,-0.20494078597904933,1.3269805908203125,11511,254.031908100948,254.03027,197.29434204101562
M16,2.100527603730759,1.3264884948730469,11511,254.031908100948,254.03027,197.29434204101562
HOXA9_Expr,0.27604538317085636,-1.3233871459960938,11511,254.031908100948,254.03027,197.29434204101562
PPARG_Expr,2.2223490867543787,-1.3105430603027344,11511,254.031908100948,254.03027,197.29434204101562
FGFR1_Expr,-0.09319887079641721,-1.2947807312011719,11511,254.031908100948,254.03027,197.29434204101562
IRX3_Expr,-0.6368091497848464,-1.2643508911132812,11511,254.031908100948,254.03027,197.29434204101562
LS_94,0.8114924780137469,1.2535285949707031,11511,254.031908100948,254.03027,197.29434204101562
DLK1_Expr,-0.7582760782517347,1.2495803833007812,11511,254.031908100948,254.03027,197.29434204101562
CXCL12_Expr,0.4380095885327969,1.23748779296875,11511,254.031908100948,254.03027,197.29434204101562
SCN9A_Expr,-0.1980233958625063,-1.2320976257324219,11511,254.031908100948,254.03027,197.29434204101562
M12,-1.8745002933251365,-1.2064933776855469,11511,254.031908100948,254.03027,197.29434204101562
MSLN_Expr,0.2655467201808658,1.1964111328125,11511,254.031908100948,254.03027,197.29434204101562
LS_151,-0.11355106650359936,-1.1960372924804688,11511,254.031908100948,254.03027,197.29434204101562
VCAN_Expr,1.6457674610259667,1.1876754760742188,11511,254.031908100948,254.03027,197.29434204101562
CASC10_Expr,0.28407962942997766,-1.1430511474609375,11511,254.031908100948,254.03027,197.29434204101562
HOXA11-AS_Expr,0.9245454034072202,-1.1238479614257812,11511,254.031908100948,254.03027,197.29434204101562
HOXB3_Expr,-1.3614162303113027,-1.1237602233886719,11511,254.031908100948,254.03027,197.29434204101562
AC091814.2_Expr,1.3073577903449205,-1.107177734375,11511,254.031908100948,254.03027,197.29434204101562
AC104809.4_Expr,1.2795609358521527,-1.0805015563964844,11511,254.031908100948,254.03027,197.29434204101562
LS_233,0.9937356137534159,1.0675048828125,11511,254.031908100948,254.03027,197.29434204101562
HOXB6_Expr,-1.322066632505379,1.062225341796875,11511,254.031908100948,254.03027,197.29434204101562
PRLR_Expr,0.4046240721746061,-1.0544395446777344,11511,254.031908100948,254.03027,197.29434204101562
CEACAM8_Expr,0.25126201430905537,-1.0429458618164062,11511,254.031908100948,254.03027,197.29434204101562
SALL4_Expr,0.09465939120039392,-1.0419807434082031,11511,254.031908100948,254.03027,197.29434204101562
MKRN3_Expr,-1.414516807027966,1.0065574645996094,11511,254.031908100948,254.03027,197.29434204101562
NKX2-3_Expr,-0.7871010784683561,-0.9994621276855469,11511,254.031908100948,254.03027,197.29434204101562
PRKY_Expr,-1.05922170852638,-0.9938468933105469,11511,254.031908100948,254.03027,197.29434204101562
JAZF1_Expr,0.9918661769898962,0.9345703125,11511,254.031908100948,254.03027,197.29434204101562
TTTY14_Expr,-1.2232094526512984,-0.9326934814453125,11511,254.031908100948,254.03027,197.29434204101562
Monocyte-like,1.4230483299474876,0.9321517944335938,11511,254.031908100948,254.03027,197.29434204101562
AUC__Proliferation,1.8126401866535677,0.9077644348144531,11511,254.031908100948,254.03027,197.29434204101562
PAX8_Expr,0.02312191317038898,0.8721923828125,11511,254.031908100948,254.03027,197.29434204101562
MN1_Expr,-1.6273362081169132,0.8715629577636719,11511,254.031908100948,254.03027,197.29434204101562
LRP1B_Expr,-1.1687663598930915,-0.8691635131835938,11511,254.031908100948,254.03027,197.29434204101562
SNCAIP_Expr,-1.0233520930494422,0.8642120361328125,11511,254.031908100948,254.03027,197.29434204101562
MECOM_Expr,2.535398705206549,0.8585929870605469,11511,254.031908100948,254.03027,197.29434204101562
LS_46,0.9952591678324306,0.8495254516601562,11511,254.031908100948,254.03027,197.29434204101562
AL589743.1_Expr,-0.44801940511746635,0.8434829711914062,11511,254.031908100948,254.03027,197.29434204101562
LS_34,0.12997198935366217,0.8344802856445312,11511,254.031908100948,254.03027,197.29434204101562
SRSF2_Mut,-0.36504989256929027,0.8273429870605469,11511,254.031908100948,254.03027,197.29434204101562
M3,-0.7332417107933721,-0.8253288269042969,11511,254.031908100948,254.03027,197.29434204101562
LS_92,-0.7396217094616251,0.8110504150390625,11511,254.031908100948,254.03027,197.29434204101562
ADAMTS2_Expr,1.823159530429122,-0.8080787658691406,11511,254.031908100948,254.03027,197.29434204101562
IGSF10_Expr,-1.1913676918327374,-0.7972068786621094,11511,254.031908100948,254.03027,197.29434204101562
LAMB2_Expr,-0.8194083535962611,0.7890434265136719,11511,254.031908100948,254.03027,197.29434204101562
LS_200,0.3586522311808177,0.7596511840820312,11511,254.031908100948,254.03027,197.29434204101562
M11,-1.1513452750330055,0.7510261535644531,11511,254.031908100948,254.03027,197.29434204101562
GSTM1_Expr,1.066944949585638,0.74639892578125,11511,254.031908100948,254.03027,197.29434204101562
AC016735.1_Expr,-0.3193257507224429,0.7450981140136719,11511,254.031908100948,254.03027,197.29434204101562
EREG_Expr,0.18532695092052417,0.7256927490234375,11511,254.031908100948,254.03027,197.29434204101562
CHRDL1_Expr,-0.18286857368742612,-0.7114639282226562,11511,254.031908100948,254.03027,197.29434204101562
CD300E_Expr,1.246575563530106,-0.709014892578125,11511,254.031908100948,254.03027,197.29434204101562
RPS4Y1_Expr,-1.0401674860523986,0.6923866271972656,11511,254.031908100948,254.03027,197.29434204101562
LAMP5_Expr,-0.1643016530339479,-0.6853561401367188,11511,254.031908100948,254.03027,197.29434204101562
CDH4_Expr,-1.431881215233544,0.6838417053222656,11511,254.031908100948,254.03027,197.29434204101562
KIAA1456_Expr,0.5570592754540186,0.6812553405761719,11511,254.031908100948,254.03027,197.29434204101562
RBPMS_Expr,-1.4377212600060865,-0.6643180847167969,11511,254.031908100948,254.03027,197.29434204101562
FOXC1_Expr,-0.7929367724737619,-0.6608657836914062,11511,254.031908100948,254.03027,197.29434204101562
M21,-0.76143874484596,-0.6540908813476562,11511,254.031908100948,254.03027,197.29434204101562
RP11-704M14.1_Expr,-0.9249135849761718,-0.6514358520507812,11511,254.031908100948,254.03027,197.29434204101562
KCNE1L_Expr,-0.36147004489094625,0.6389389038085938,11511,254.031908100948,254.03027,197.29434204101562
LS_253,0.38278067889616085,0.632110595703125,11511,254.031908100948,254.03027,197.29434204101562
CSPG4_Expr,0.9108484208775623,0.6090621948242188,11511,254.031908100948,254.03027,197.29434204101562
PPARGC1A_Expr,1.8493509487636468,0.594207763671875,11511,254.031908100948,254.03027,197.29434204101562
BCLAF1_Expr,-1.4105477958437205,0.5929183959960938,11511,254.031908100948,254.03027,197.29434204101562
CES1_Expr,1.824544245815526,-0.5870361328125,11511,254.031908100948,254.03027,197.29434204101562
RP11-129J12.2_Expr,-1.1035223708138036,-0.5756301879882812,11511,254.031908100948,254.03027,197.29434204101562
GJA1_Expr,-0.5629899644649848,-0.56610107421875,11511,254.031908100948,254.03027,197.29434204101562
M23,1.432806294162152,0.5555191040039062,11511,254.031908100948,254.03027,197.29434204101562
LS_243,-0.058016371705399535,-0.552642822265625,11511,254.031908100948,254.03027,197.29434204101562
XIST_Expr,1.0416537245729587,-0.5475273132324219,11511,254.031908100948,254.03027,197.29434204101562
cDC-like,1.0680026876752524,-0.52288818359375,11511,254.031908100948,254.03027,197.29434204101562
ST18_Expr,-0.1384010902416734,-0.5070381164550781,11511,254.031908100948,254.03027,197.29434204101562
SEPT6_Expr,-1.8549738831692877,-0.5049209594726562,11511,254.031908100948,254.03027,197.29434204101562
MMP8_Expr,1.5047274764187009,0.4993705749511719,11511,254.031908100948,254.03027,197.29434204101562
LS_90,0.7191638133955126,-0.4888801574707031,11511,254.031908100948,254.03027,197.29434204101562
POU4F1_Expr,-1.3235021965044116,0.4829902648925781,11511,254.031908100948,254.03027,197.29434204101562
MMP2_Expr,-0.9490383616818339,-0.4806404113769531,11511,254.031908100948,254.03027,197.29434204101562
WT1_Expr,-1.1701354724454802,-0.4776649475097656,11511,254.031908100948,254.03027,197.29434204101562
SPAG6_Expr,1.6507625688596643,-0.4607429504394531,11511,254.031908100948,254.03027,197.29434204101562
FGD5_Expr,0.9189871117762867,0.44751739501953125,11511,254.031908100948,254.03027,197.29434204101562
ADCY2_Expr,-0.5478640096712832,0.4425811767578125,11511,254.031908100948,254.03027,197.29434204101562
IDH2_Mut,-0.324976129587882,-0.4294700622558594,11511,254.031908100948,254.03027,197.29434204101562
RP11-497G19.2_Expr,-0.2438268599692286,-0.4217033386230469,11511,254.031908100948,254.03027,197.29434204101562
M1,1.9079616056310325,0.3997650146484375,11511,254.031908100948,254.03027,197.29434204101562
AR_Expr,-0.765568777710538,0.3991279602050781,11511,254.031908100948,254.03027,197.29434204101562
NDN_Expr,-1.1837578976562606,-0.3941612243652344,11511,254.031908100948,254.03027,197.29434204101562
DNTT_Expr,-0.8786662373023493,-0.3836174011230469,11511,254.031908100948,254.03027,197.29434204101562
DPP10_Expr,-0.7385111032389118,-0.381439208984375,11511,254.031908100948,254.03027,197.29434204101562
DDX3Y_Expr,-1.1342726141643948,-0.37005615234375,11511,254.031908100948,254.03027,197.29434204101562
LS_198,-0.7582354441069585,0.3667755126953125,11511,254.031908100948,254.03027,197.29434204101562
LTF_Expr,0.37955568957165864,0.3663978576660156,11511,254.031908100948,254.03027,197.29434204101562
LS_35,0.23804089945340312,-0.3533782958984375,11511,254.031908100948,254.03027,197.29434204101562
CYYR1_Expr,0.6380399745526798,0.3493499755859375,11511,254.031908100948,254.03027,197.29434204101562
DSC2_Expr,0.36554179591041364,0.3482170104980469,11511,254.031908100948,254.03027,197.29434204101562
DEFA4_Expr,0.5807015542245907,-0.342254638671875,11511,254.031908100948,254.03027,197.29434204101562
DPPA4_Expr,-0.3066945596252902,-0.3362922668457031,11511,254.031908100948,254.03027,197.29434204101562
RP11-424G14.1_Expr,-1.174186410819357,-0.3291740417480469,11511,254.031908100948,254.03027,197.29434204101562
ZFY_Expr,-1.3980225852143038,0.322662353515625,11511,254.031908100948,254.03027,197.29434204101562
HOXA7_Expr,0.7033145635201175,-0.3202056884765625,11511,254.031908100948,254.03027,197.29434204101562
ZNF521_Expr,0.8813743703706776,0.31984710693359375,11511,254.031908100948,254.03027,197.29434204101562
LS_214,0.5326387111944536,0.30835723876953125,11511,254.031908100948,254.03027,197.29434204101562
LS_138,0.14941804433292866,-0.2934532165527344,11511,254.031908100948,254.03027,197.29434204101562
SLITRK4_Expr,1.1180497350748344,0.2912483215332031,11511,254.031908100948,254.03027,197.29434204101562
PROM1_Expr,-1.140760270871353,0.2867546081542969,11511,254.031908100948,254.03027,197.29434204101562
LS_166,-1.9699843668634174,-0.2840995788574219,11511,254.031908100948,254.03027,197.29434204101562
NPTX2_Expr,-1.4982437073320032,-0.2597541809082031,11511,254.031908100948,254.03027,197.29434204101562
THSD7A_Expr,-1.37412011737188,0.24835586547851562,11511,254.031908100948,254.03027,197.29434204101562
CDH2_Expr,-0.41608121374244916,-0.24680709838867188,11511,254.031908100948,254.03027,197.29434204101562
IRX5_Expr,-1.5894493567816963,-0.2463531494140625,11511,254.031908100948,254.03027,197.29434204101562
PAX8-AS1_Expr,-0.755095829078923,-0.24611282348632812,11511,254.031908100948,254.03027,197.29434204101562
RP11-497G19.1_Expr,-0.1123893494283452,-0.24580001831054688,11511,254.031908100948,254.03027,197.29434204101562
M4,-2.0682439690859966,-0.23443603515625,11511,254.031908100948,254.03027,197.29434204101562
HOXB9_Expr,-1.0212926221716885,0.2308807373046875,11511,254.031908100948,254.03027,197.29434204101562
IDH1_Mut,-0.2800726597382253,0.22042465209960938,11511,254.031908100948,254.03027,197.29434204101562
LS_98,0.11318401635742709,-0.22028732299804688,11511,254.031908100948,254.03027,197.29434204101562
HOXA5_Expr,0.6409439824755089,0.2191619873046875,11511,254.031908100948,254.03027,197.29434204101562
HMGA2_Expr,-0.08173946006014861,0.21785736083984375,11511,254.031908100948,254.03027,197.29434204101562
MYCN_Expr,-1.5327731387087227,0.21554946899414062,11511,254.031908100948,254.03027,197.29434204101562
PRDM16_Expr,-1.084541078535255,0.20703506469726562,11511,254.031908100948,254.03027,197.29434204101562
LS_216,2.207847776942572,-0.20142364501953125,11511,254.031908100948,254.03027,197.29434204101562
ARHGAP5_Expr,-1.1530607271685576,0.19144821166992188,11511,254.031908100948,254.03027,197.29434204101562
WT1-AS_Expr,-0.9911071450560308,0.18154144287109375,11511,254.031908100948,254.03027,197.29434204101562
ARPP21_Expr,-1.1758111675292922,0.17016983032226562,11511,254.031908100948,254.03027,197.29434204101562
PRSS21_Expr,-0.5978882362314217,0.16836929321289062,11511,254.031908100948,254.03027,197.29434204101562
S100A16_Expr,0.4245552761682061,0.16823577880859375,11511,254.031908100948,254.03027,197.29434204101562
TRIP11_Expr,0.8559257952137979,0.16092681884765625,11511,254.031908100948,254.03027,197.29434204101562
LPHN3_Expr,-0.8217234253390149,0.15961837768554688,11511,254.031908100948,254.03027,197.29434204101562
CRISP3_Expr,0.5340597394785029,-0.15444183349609375,11511,254.031908100948,254.03027,197.29434204101562
COL4A5_Expr,-0.4248826385378722,-0.15035629272460938,11511,254.031908100948,254.03027,197.29434204101562
IL12A-AS1_Expr,-1.0586156115455296,-0.13971328735351562,11511,254.031908100948,254.03027,197.29434204101562
HOXA3_Expr,0.780203577846674,-0.13736724853515625,11511,254.031908100948,254.03027,197.29434204101562
LIFR_Expr,0.029946095460933658,0.126739501953125,11511,254.031908100948,254.03027,197.29434204101562
LS_17,0.41028885230043627,0.11181640625,11511,254.031908100948,254.03027,197.29434204101562
PRAME_Expr,-0.05510207506767973,-0.10879898071289062,11511,254.031908100948,254.03027,197.29434204101562
UTY_Expr,-1.3748042904856432,0.0770416259765625,11511,254.031908100948,254.03027,197.29434204101562
KDM5D_Expr,-1.3347767000269004,0.062366485595703125,11511,254.031908100948,254.03027,197.29434204101562
MEIS1_Expr,0.42689545184349237,0.060214996337890625,11511,254.031908100948,254.03027,197.29434204101562
HOXB5_Expr,-1.554838203188225,0.033233642578125,11511,254.031908100948,254.03027,197.29434204101562
TTTY15_Expr,-1.2370012764584037,0.02828216552734375,11511,254.031908100948,254.03027,197.29434204101562
M6,1.6656294626420076,-0.004261016845703125,11511,254.031908100948,254.03027,197.29434204101562
EIF1AY_Expr,-1.292592692249674,-0.00214385986328125,11511,254.031908100948,254.03027,197.29434204101562
