experiment_name,n_features,stratify_by,MAE_mean,MAE_std,RMSE_mean,RMSE_std,R2_mean,R2_std,PearsonR_mean,PearsonR_std,SpearmanR_mean,SpearmanR_std,MAE,RMSE,R2,PearsonR,SpearmanR
baseline_all_features_Drug_PC,1778,inhibitor,45.804,4.371,58.907,5.451,0.121,0.047,0.342,0.069,0.320,0.067,45.804 +/- 4.371,58.907 +/- 5.451,0.121 +/- 0.047,0.342 +/- 0.069,0.320 +/- 0.067
baseline_all_features_Drug_PC,1778,dbgap_rnaseq_sample,31.465,1.273,42.876,2.472,0.517,0.022,0.719,0.015,0.712,0.012,31.465 +/- 1.273,42.876 +/- 2.472,0.517 +/- 0.022,0.719 +/- 0.015,0.712 +/- 0.012
baseline_all_features_Drug_PC,1778,random,26.381,0.247,36.696,0.286,0.645,0.003,0.803,0.002,0.795,0.003,26.381 +/- 0.247,36.696 +/- 0.286,0.645 +/- 0.003,0.803 +/- 0.002,0.795 +/- 0.003
baseline_all_features_Drug_Embed,1561,inhibitor,46.344,4.898,59.230,6.723,0.100,0.035,0.312,0.059,0.285,0.046,46.344 +/- 4.898,59.230 +/- 6.723,0.100 +/- 0.035,0.312 +/- 0.059,0.285 +/- 0.046
baseline_all_features_Drug_Embed,1561,dbgap_rnaseq_sample,31.054,0.742,42.687,1.458,0.525,0.021,0.724,0.015,0.719,0.011,31.054 +/- 0.742,42.687 +/- 1.458,0.525 +/- 0.021,0.724 +/- 0.015,0.719 +/- 0.011
baseline_all_features_Drug_Embed,1561,random,26.071,0.259,36.488,0.256,0.650,0.002,0.806,0.001,0.799,0.003,26.071 +/- 0.259,36.488 +/- 0.256,0.650 +/- 0.002,0.806 +/- 0.001,0.799 +/- 0.003
baseline_all_features_Drug_PC+Drug_Embed,2034,inhibitor,46.255,2.406,58.883,3.200,0.105,0.009,0.324,0.014,0.299,0.014,46.255 +/- 2.406,58.883 +/- 3.200,0.105 +/- 0.009,0.324 +/- 0.014,0.299 +/- 0.014
baseline_all_features_Drug_PC+Drug_Embed,2034,dbgap_rnaseq_sample,31.299,1.219,42.685,2.129,0.520,0.021,0.721,0.014,0.714,0.010,31.299 +/- 1.219,42.685 +/- 2.129,0.520 +/- 0.021,0.721 +/- 0.014,0.714 +/- 0.010
baseline_all_features_Drug_PC+Drug_Embed,2034,random,26.145,0.266,36.378,0.258,0.652,0.002,0.807,0.001,0.799,0.003,26.145 +/- 0.266,36.378 +/- 0.258,0.652 +/- 0.002,0.807 +/- 0.001,0.799 +/- 0.003
combo_1_Clinical_CellType_Module_Drug_PC,494,inhibitor,46.791,1.249,59.446,2.715,0.101,0.028,0.315,0.045,0.284,0.045,46.791 +/- 1.249,59.446 +/- 2.715,0.101 +/- 0.028,0.315 +/- 0.045,0.284 +/- 0.045
combo_1_Clinical_CellType_Module_Drug_PC,494,dbgap_rnaseq_sample,32.499,0.427,44.162,1.061,0.488,0.013,0.699,0.009,0.695,0.014,32.499 +/- 0.427,44.162 +/- 1.061,0.488 +/- 0.013,0.699 +/- 0.009,0.695 +/- 0.014
combo_1_Clinical_CellType_Module_Drug_PC,494,random,26.393,0.251,36.600,0.284,0.646,0.001,0.804,0.001,0.797,0.002,26.393 +/- 0.251,36.600 +/- 0.284,0.646 +/- 0.001,0.804 +/- 0.001,0.797 +/- 0.002
combo_1_Clinical_CellType_Module_Drug_Embed,277,inhibitor,46.986,2.796,59.323,4.561,0.100,0.026,0.314,0.040,0.288,0.031,46.986 +/- 2.796,59.323 +/- 4.561,0.100 +/- 0.026,0.314 +/- 0.040,0.288 +/- 0.031
combo_1_Clinical_CellType_Module_Drug_Embed,277,dbgap_rnaseq_sample,32.706,0.766,44.241,0.815,0.489,0.011,0.699,0.008,0.695,0.013,32.706 +/- 0.766,44.241 +/- 0.815,0.489 +/- 0.011,0.699 +/- 0.008,0.695 +/- 0.013
combo_1_Clinical_CellType_Module_Drug_Embed,277,random,26.398,0.239,36.596,0.258,0.646,0.003,0.804,0.002,0.798,0.002,26.398 +/- 0.239,36.596 +/- 0.258,0.646 +/- 0.003,0.804 +/- 0.002,0.798 +/- 0.002
combo_1_Clinical_CellType_Module_Drug_PC+Drug_Embed,750,inhibitor,46.067,2.168,58.466,2.658,0.119,0.048,0.338,0.070,0.316,0.068,46.067 +/- 2.168,58.466 +/- 2.658,0.119 +/- 0.048,0.338 +/- 0.070,0.316 +/- 0.068
combo_1_Clinical_CellType_Module_Drug_PC+Drug_Embed,750,dbgap_rnaseq_sample,32.704,2.419,44.192,3.918,0.492,0.059,0.700,0.043,0.693,0.036,32.704 +/- 2.419,44.192 +/- 3.918,0.492 +/- 0.059,0.700 +/- 0.043,0.693 +/- 0.036
combo_1_Clinical_CellType_Module_Drug_PC+Drug_Embed,750,random,26.412,0.271,36.619,0.326,0.646,0.002,0.804,0.001,0.797,0.002,26.412 +/- 0.271,36.619 +/- 0.326,0.646 +/- 0.002,0.804 +/- 0.001,0.797 +/- 0.002
combo_1_Gene_Expr_Drug_PC,1266,inhibitor,45.876,3.722,58.874,5.991,0.114,0.028,0.335,0.043,0.310,0.036,45.876 +/- 3.722,58.874 +/- 5.991,0.114 +/- 0.028,0.335 +/- 0.043,0.310 +/- 0.036
combo_1_Gene_Expr_Drug_PC,1266,dbgap_rnaseq_sample,31.552,1.995,43.097,3.200,0.516,0.055,0.717,0.038,0.711,0.035,31.552 +/- 1.995,43.097 +/- 3.200,0.516 +/- 0.055,0.717 +/- 0.038,0.711 +/- 0.035
combo_1_Gene_Expr_Drug_PC,1266,random,26.221,0.287,36.585,0.304,0.648,0.003,0.805,0.002,0.797,0.003,26.221 +/- 0.287,36.585 +/- 0.304,0.648 +/- 0.003,0.805 +/- 0.002,0.797 +/- 0.003
combo_1_Gene_Expr_Drug_Embed,1049,inhibitor,47.166,4.395,60.500,4.910,0.092,0.052,0.291,0.086,0.261,0.088,47.166 +/- 4.395,60.500 +/- 4.910,0.092 +/- 0.052,0.291 +/- 0.086,0.261 +/- 0.088
combo_1_Gene_Expr_Drug_Embed,1049,dbgap_rnaseq_sample,31.376,1.362,43.060,2.418,0.516,0.033,0.718,0.023,0.713,0.022,31.376 +/- 1.362,43.060 +/- 2.418,0.516 +/- 0.033,0.718 +/- 0.023,0.713 +/- 0.022
combo_1_Gene_Expr_Drug_Embed,1049,random,26.143,0.277,36.611,0.238,0.648,0.003,0.805,0.002,0.798,0.003,26.143 +/- 0.277,36.611 +/- 0.238,0.648 +/- 0.003,0.805 +/- 0.002,0.798 +/- 0.003
combo_1_Gene_Expr_Drug_PC+Drug_Embed,1522,inhibitor,46.223,4.758,58.841,6.340,0.129,0.043,0.354,0.057,0.326,0.061,46.223 +/- 4.758,58.841 +/- 6.340,0.129 +/- 0.043,0.354 +/- 0.057,0.326 +/- 0.061
combo_1_Gene_Expr_Drug_PC+Drug_Embed,1522,dbgap_rnaseq_sample,31.545,1.402,42.869,2.137,0.516,0.037,0.718,0.025,0.712,0.020,31.545 +/- 1.402,42.869 +/- 2.137,0.516 +/- 0.037,0.718 +/- 0.025,0.712 +/- 0.020
combo_1_Gene_Expr_Drug_PC+Drug_Embed,1522,random,26.132,0.278,36.236,0.257,0.654,0.003,0.808,0.001,0.800,0.003,26.132 +/- 0.278,36.236 +/- 0.257,0.654 +/- 0.003,0.808 +/- 0.001,0.800 +/- 0.003
combo_1_Mutation_Drug_PC,856,inhibitor,47.827,2.068,60.215,3.458,0.060,0.030,0.237,0.062,0.212,0.048,47.827 +/- 2.068,60.215 +/- 3.458,0.060 +/- 0.030,0.237 +/- 0.062,0.212 +/- 0.048
combo_1_Mutation_Drug_PC,856,dbgap_rnaseq_sample,34.675,2.152,46.791,2.389,0.434,0.032,0.658,0.024,0.658,0.028,34.675 +/- 2.152,46.791 +/- 2.389,0.434 +/- 0.032,0.658 +/- 0.024,0.658 +/- 0.028
combo_1_Mutation_Drug_PC,856,random,30.423,0.322,41.708,0.520,0.543,0.007,0.737,0.005,0.732,0.005,30.423 +/- 0.322,41.708 +/- 0.520,0.543 +/- 0.007,0.737 +/- 0.005,0.732 +/- 0.005
combo_1_Mutation_Drug_Embed,639,inhibitor,47.989,5.262,60.275,7.233,0.075,0.059,0.252,0.107,0.216,0.103,47.989 +/- 5.262,60.275 +/- 7.233,0.075 +/- 0.059,0.252 +/- 0.107,0.216 +/- 0.103
combo_1_Mutation_Drug_Embed,639,dbgap_rnaseq_sample,34.553,1.328,46.800,2.485,0.435,0.030,0.659,0.023,0.659,0.018,34.553 +/- 1.328,46.800 +/- 2.485,0.435 +/- 0.030,0.659 +/- 0.023,0.659 +/- 0.018
combo_1_Mutation_Drug_Embed,639,random,29.835,0.305,41.089,0.483,0.556,0.006,0.746,0.004,0.742,0.004,29.835 +/- 0.305,41.089 +/- 0.483,0.556 +/- 0.006,0.746 +/- 0.004,0.742 +/- 0.004
combo_1_Mutation_Drug_PC+Drug_Embed,1112,inhibitor,47.976,4.188,60.150,5.057,0.065,0.039,0.239,0.092,0.199,0.117,47.976 +/- 4.188,60.150 +/- 5.057,0.065 +/- 0.039,0.239 +/- 0.092,0.199 +/- 0.117
combo_1_Mutation_Drug_PC+Drug_Embed,1112,dbgap_rnaseq_sample,34.464,1.620,46.491,2.692,0.438,0.037,0.662,0.028,0.660,0.023,34.464 +/- 1.620,46.491 +/- 2.692,0.438 +/- 0.037,0.662 +/- 0.028,0.660 +/- 0.023
combo_1_Mutation_Drug_PC+Drug_Embed,1112,random,30.920,0.350,42.232,0.531,0.532,0.006,0.729,0.004,0.724,0.004,30.920 +/- 0.350,42.232 +/- 0.531,0.532 +/- 0.006,0.729 +/- 0.004,0.724 +/- 0.004
combo_1_Pathway_Drug_PC,581,inhibitor,45.831,3.183,58.990,4.584,0.110,0.014,0.331,0.021,0.309,0.013,45.831 +/- 3.183,58.990 +/- 4.584,0.110 +/- 0.014,0.331 +/- 0.021,0.309 +/- 0.013
combo_1_Pathway_Drug_PC,581,dbgap_rnaseq_sample,33.179,1.827,44.728,3.273,0.479,0.038,0.691,0.028,0.683,0.021,33.179 +/- 1.827,44.728 +/- 3.273,0.479 +/- 0.038,0.691 +/- 0.028,0.683 +/- 0.021
combo_1_Pathway_Drug_PC,581,random,26.397,0.239,36.823,0.305,0.643,0.003,0.802,0.002,0.795,0.003,26.397 +/- 0.239,36.823 +/- 0.305,0.643 +/- 0.003,0.802 +/- 0.002,0.795 +/- 0.003
combo_1_Pathway_Drug_Embed,364,inhibitor,46.953,3.684,59.512,5.414,0.099,0.016,0.314,0.026,0.288,0.025,46.953 +/- 3.684,59.512 +/- 5.414,0.099 +/- 0.016,0.314 +/- 0.026,0.288 +/- 0.025
combo_1_Pathway_Drug_Embed,364,dbgap_rnaseq_sample,32.916,1.116,44.596,2.123,0.482,0.034,0.694,0.025,0.688,0.020,32.916 +/- 1.116,44.596 +/- 2.123,0.482 +/- 0.034,0.694 +/- 0.025,0.688 +/- 0.020
combo_1_Pathway_Drug_Embed,364,random,26.363,0.210,36.873,0.220,0.642,0.003,0.802,0.002,0.796,0.002,26.363 +/- 0.210,36.873 +/- 0.220,0.642 +/- 0.003,0.802 +/- 0.002,0.796 +/- 0.002
combo_1_Pathway_Drug_PC+Drug_Embed,837,inhibitor,46.966,3.092,59.765,4.377,0.099,0.033,0.310,0.052,0.283,0.040,46.966 +/- 3.092,59.765 +/- 4.377,0.099 +/- 0.033,0.310 +/- 0.052,0.283 +/- 0.040
combo_1_Pathway_Drug_PC+Drug_Embed,837,dbgap_rnaseq_sample,32.748,1.793,44.307,3.121,0.487,0.042,0.697,0.030,0.690,0.024,32.748 +/- 1.793,44.307 +/- 3.121,0.487 +/- 0.042,0.697 +/- 0.030,0.690 +/- 0.024
combo_1_Pathway_Drug_PC+Drug_Embed,837,random,26.401,0.237,36.805,0.303,0.643,0.002,0.802,0.001,0.795,0.002,26.401 +/- 0.237,36.805 +/- 0.303,0.643 +/- 0.002,0.802 +/- 0.001,0.795 +/- 0.002
combo_2_Clinical_CellType_Module+Gene_Expr_Drug_PC,1287,inhibitor,45.997,2.153,59.701,2.398,0.103,0.029,0.317,0.049,0.291,0.043,45.997 +/- 2.153,59.701 +/- 2.398,0.103 +/- 0.029,0.317 +/- 0.049,0.291 +/- 0.043
combo_2_Clinical_CellType_Module+Gene_Expr_Drug_PC,1287,dbgap_rnaseq_sample,31.524,1.461,43.150,2.484,0.513,0.026,0.716,0.018,0.708,0.014,31.524 +/- 1.461,43.150 +/- 2.484,0.513 +/- 0.026,0.716 +/- 0.018,0.708 +/- 0.014
combo_2_Clinical_CellType_Module+Gene_Expr_Drug_PC,1287,random,26.247,0.281,36.695,0.291,0.646,0.002,0.804,0.001,0.796,0.003,26.247 +/- 0.281,36.695 +/- 0.291,0.646 +/- 0.002,0.804 +/- 0.001,0.796 +/- 0.003
combo_2_Clinical_CellType_Module+Gene_Expr_Drug_Embed,1070,inhibitor,46.658,4.367,59.855,6.257,0.122,0.070,0.322,0.133,0.292,0.119,46.658 +/- 4.367,59.855 +/- 6.257,0.122 +/- 0.070,0.322 +/- 0.133,0.292 +/- 0.119
combo_2_Clinical_CellType_Module+Gene_Expr_Drug_Embed,1070,dbgap_rnaseq_sample,31.128,1.500,42.862,2.267,0.520,0.037,0.720,0.026,0.715,0.027,31.128 +/- 1.500,42.862 +/- 2.267,0.520 +/- 0.037,0.720 +/- 0.026,0.715 +/- 0.027
combo_2_Clinical_CellType_Module+Gene_Expr_Drug_Embed,1070,random,26.107,0.277,36.515,0.239,0.649,0.002,0.806,0.001,0.799,0.002,26.107 +/- 0.277,36.515 +/- 0.239,0.649 +/- 0.002,0.806 +/- 0.001,0.799 +/- 0.002
combo_2_Clinical_CellType_Module+Gene_Expr_Drug_PC+Drug_Embed,1543,inhibitor,46.194,3.144,59.539,3.003,0.113,0.012,0.335,0.019,0.308,0.043,46.194 +/- 3.144,59.539 +/- 3.003,0.113 +/- 0.012,0.335 +/- 0.019,0.308 +/- 0.043
combo_2_Clinical_CellType_Module+Gene_Expr_Drug_PC+Drug_Embed,1543,dbgap_rnaseq_sample,31.358,0.877,43.056,2.004,0.516,0.029,0.718,0.021,0.713,0.009,31.358 +/- 0.877,43.056 +/- 2.004,0.516 +/- 0.029,0.718 +/- 0.021,0.713 +/- 0.009
combo_2_Clinical_CellType_Module+Gene_Expr_Drug_PC+Drug_Embed,1543,random,26.082,0.295,36.528,0.276,0.650,0.002,0.806,0.001,0.799,0.003,26.082 +/- 0.295,36.528 +/- 0.276,0.650 +/- 0.002,0.806 +/- 0.001,0.799 +/- 0.003
combo_2_Clinical_CellType_Module+Mutation_Drug_PC,877,inhibitor,45.031,1.963,57.370,2.428,0.144,0.018,0.378,0.023,0.354,0.031,45.031 +/- 1.963,57.370 +/- 2.428,0.144 +/- 0.018,0.378 +/- 0.023,0.354 +/- 0.031
combo_2_Clinical_CellType_Module+Mutation_Drug_PC,877,dbgap_rnaseq_sample,32.293,2.316,43.955,3.477,0.493,0.044,0.702,0.031,0.698,0.024,32.293 +/- 2.316,43.955 +/- 3.477,0.493 +/- 0.044,0.702 +/- 0.031,0.698 +/- 0.024
combo_2_Clinical_CellType_Module+Mutation_Drug_PC,877,random,26.546,0.272,36.793,0.340,0.643,0.003,0.802,0.001,0.794,0.003,26.546 +/- 0.272,36.793 +/- 0.340,0.643 +/- 0.003,0.802 +/- 0.001,0.794 +/- 0.003
combo_2_Clinical_CellType_Module+Mutation_Drug_Embed,660,inhibitor,47.898,4.491,60.689,6.124,0.079,0.022,0.277,0.041,0.254,0.044,47.898 +/- 4.491,60.689 +/- 6.124,0.079 +/- 0.022,0.277 +/- 0.041,0.254 +/- 0.044
combo_2_Clinical_CellType_Module+Mutation_Drug_Embed,660,dbgap_rnaseq_sample,32.639,1.948,44.334,3.237,0.487,0.037,0.697,0.027,0.693,0.021,32.639 +/- 1.948,44.334 +/- 3.237,0.487 +/- 0.037,0.697 +/- 0.027,0.693 +/- 0.021
combo_2_Clinical_CellType_Module+Mutation_Drug_Embed,660,random,26.446,0.277,36.816,0.331,0.643,0.003,0.802,0.001,0.796,0.003,26.446 +/- 0.277,36.816 +/- 0.331,0.643 +/- 0.003,0.802 +/- 0.001,0.796 +/- 0.003
combo_2_Clinical_CellType_Module+Mutation_Drug_PC+Drug_Embed,1133,inhibitor,45.192,4.395,57.502,5.555,0.131,0.032,0.359,0.048,0.334,0.046,45.192 +/- 4.395,57.502 +/- 5.555,0.131 +/- 0.032,0.359 +/- 0.048,0.334 +/- 0.046
combo_2_Clinical_CellType_Module+Mutation_Drug_PC+Drug_Embed,1133,dbgap_rnaseq_sample,32.182,1.357,43.864,2.656,0.497,0.041,0.704,0.030,0.701,0.017,32.182 +/- 1.357,43.864 +/- 2.656,0.497 +/- 0.041,0.704 +/- 0.030,0.701 +/- 0.017
combo_2_Clinical_CellType_Module+Mutation_Drug_PC+Drug_Embed,1133,random,26.499,0.281,36.838,0.370,0.642,0.003,0.802,0.002,0.795,0.003,26.499 +/- 0.281,36.838 +/- 0.370,0.642 +/- 0.003,0.802 +/- 0.002,0.795 +/- 0.003
combo_2_Clinical_CellType_Module+Pathway_Drug_PC,602,inhibitor,46.757,4.091,59.675,6.079,0.107,0.062,0.315,0.084,0.286,0.077,46.757 +/- 4.091,59.675 +/- 6.079,0.107 +/- 0.062,0.315 +/- 0.084,0.286 +/- 0.077
combo_2_Clinical_CellType_Module+Pathway_Drug_PC,602,dbgap_rnaseq_sample,32.281,1.839,44.051,3.463,0.491,0.035,0.700,0.025,0.694,0.015,32.281 +/- 1.839,44.051 +/- 3.463,0.491 +/- 0.035,0.700 +/- 0.025,0.694 +/- 0.015
combo_2_Clinical_CellType_Module+Pathway_Drug_PC,602,random,26.134,0.246,36.556,0.243,0.648,0.002,0.805,0.001,0.799,0.002,26.134 +/- 0.246,36.556 +/- 0.243,0.648 +/- 0.002,0.805 +/- 0.001,0.799 +/- 0.002
combo_2_Clinical_CellType_Module+Pathway_Drug_Embed,385,inhibitor,46.539,4.599,59.418,5.286,0.111,0.037,0.327,0.062,0.307,0.066,46.539 +/- 4.599,59.418 +/- 5.286,0.111 +/- 0.037,0.327 +/- 0.062,0.307 +/- 0.066
combo_2_Clinical_CellType_Module+Pathway_Drug_Embed,385,dbgap_rnaseq_sample,32.263,0.481,43.787,1.517,0.497,0.021,0.705,0.015,0.697,0.016,32.263 +/- 0.481,43.787 +/- 1.517,0.497 +/- 0.021,0.705 +/- 0.015,0.697 +/- 0.016
combo_2_Clinical_CellType_Module+Pathway_Drug_Embed,385,random,26.100,0.243,36.583,0.211,0.648,0.002,0.805,0.001,0.799,0.003,26.100 +/- 0.243,36.583 +/- 0.211,0.648 +/- 0.002,0.805 +/- 0.001,0.799 +/- 0.003
combo_2_Clinical_CellType_Module+Pathway_Drug_PC+Drug_Embed,858,inhibitor,45.582,3.477,58.077,4.908,0.136,0.054,0.363,0.069,0.341,0.073,45.582 +/- 3.477,58.077 +/- 4.908,0.136 +/- 0.054,0.363 +/- 0.069,0.341 +/- 0.073
combo_2_Clinical_CellType_Module+Pathway_Drug_PC+Drug_Embed,858,dbgap_rnaseq_sample,32.419,1.452,44.066,2.229,0.490,0.039,0.700,0.027,0.695,0.027,32.419 +/- 1.452,44.066 +/- 2.229,0.490 +/- 0.039,0.700 +/- 0.027,0.695 +/- 0.027
combo_2_Clinical_CellType_Module+Pathway_Drug_PC+Drug_Embed,858,random,26.179,0.244,36.510,0.260,0.649,0.002,0.805,0.001,0.799,0.002,26.179 +/- 0.244,36.510 +/- 0.260,0.649 +/- 0.002,0.805 +/- 0.001,0.799 +/- 0.002
combo_2_Gene_Expr+Mutation_Drug_PC,1649,inhibitor,45.051,1.959,57.945,3.147,0.142,0.031,0.373,0.046,0.351,0.046,45.051 +/- 1.959,57.945 +/- 3.147,0.142 +/- 0.031,0.373 +/- 0.046,0.351 +/- 0.046
combo_2_Gene_Expr+Mutation_Drug_PC,1649,dbgap_rnaseq_sample,31.480,0.982,43.085,1.842,0.513,0.033,0.716,0.023,0.710,0.021,31.480 +/- 0.982,43.085 +/- 1.842,0.513 +/- 0.033,0.716 +/- 0.023,0.710 +/- 0.021
combo_2_Gene_Expr+Mutation_Drug_PC,1649,random,26.321,0.295,36.720,0.309,0.645,0.003,0.803,0.001,0.796,0.003,26.321 +/- 0.295,36.720 +/- 0.309,0.645 +/- 0.003,0.803 +/- 0.001,0.796 +/- 0.003
combo_2_Gene_Expr+Mutation_Drug_Embed,1432,inhibitor,46.915,5.136,60.030,6.150,0.103,0.044,0.314,0.070,0.283,0.074,46.915 +/- 5.136,60.030 +/- 6.150,0.103 +/- 0.044,0.314 +/- 0.070,0.283 +/- 0.074
combo_2_Gene_Expr+Mutation_Drug_Embed,1432,dbgap_rnaseq_sample,31.210,1.213,42.732,1.990,0.521,0.025,0.721,0.017,0.716,0.020,31.210 +/- 1.213,42.732 +/- 1.990,0.521 +/- 0.025,0.721 +/- 0.017,0.716 +/- 0.020
combo_2_Gene_Expr+Mutation_Drug_Embed,1432,random,26.107,0.282,36.500,0.236,0.649,0.002,0.806,0.001,0.799,0.002,26.107 +/- 0.282,36.500 +/- 0.236,0.649 +/- 0.002,0.806 +/- 0.001,0.799 +/- 0.002
combo_2_Gene_Expr+Mutation_Drug_PC+Drug_Embed,1905,inhibitor,47.011,2.006,60.402,2.918,0.086,0.013,0.292,0.022,0.266,0.031,47.011 +/- 2.006,60.402 +/- 2.918,0.086 +/- 0.013,0.292 +/- 0.022,0.266 +/- 0.031
combo_2_Gene_Expr+Mutation_Drug_PC+Drug_Embed,1905,dbgap_rnaseq_sample,31.535,1.505,43.145,2.130,0.513,0.030,0.716,0.021,0.709,0.020,31.535 +/- 1.505,43.145 +/- 2.130,0.513 +/- 0.030,0.716 +/- 0.021,0.709 +/- 0.020
combo_2_Gene_Expr+Mutation_Drug_PC+Drug_Embed,1905,random,26.154,0.250,36.542,0.257,0.649,0.003,0.806,0.002,0.798,0.003,26.154 +/- 0.250,36.542 +/- 0.257,0.649 +/- 0.003,0.806 +/- 0.002,0.798 +/- 0.003
combo_2_Gene_Expr+Pathway_Drug_PC,1374,inhibitor,46.782,4.504,60.094,4.707,0.104,0.037,0.318,0.055,0.291,0.070,46.782 +/- 4.504,60.094 +/- 4.707,0.104 +/- 0.037,0.318 +/- 0.055,0.291 +/- 0.070
combo_2_Gene_Expr+Pathway_Drug_PC,1374,dbgap_rnaseq_sample,31.483,0.670,43.031,0.969,0.515,0.014,0.718,0.010,0.711,0.013,31.483 +/- 0.670,43.031 +/- 0.969,0.515 +/- 0.014,0.718 +/- 0.010,0.711 +/- 0.013
combo_2_Gene_Expr+Pathway_Drug_PC,1374,random,26.365,0.281,36.895,0.313,0.643,0.003,0.802,0.002,0.794,0.004,26.365 +/- 0.281,36.895 +/- 0.313,0.643 +/- 0.003,0.802 +/- 0.002,0.794 +/- 0.004
combo_2_Gene_Expr+Pathway_Drug_Embed,1157,inhibitor,46.765,4.486,59.911,5.894,0.107,0.052,0.318,0.077,0.292,0.082,46.765 +/- 4.486,59.911 +/- 5.894,0.107 +/- 0.052,0.318 +/- 0.077,0.292 +/- 0.082
combo_2_Gene_Expr+Pathway_Drug_Embed,1157,dbgap_rnaseq_sample,31.300,1.906,42.946,3.225,0.522,0.038,0.722,0.026,0.715,0.019,31.300 +/- 1.906,42.946 +/- 3.225,0.522 +/- 0.038,0.722 +/- 0.026,0.715 +/- 0.019
combo_2_Gene_Expr+Pathway_Drug_Embed,1157,random,26.033,0.258,36.498,0.236,0.650,0.002,0.807,0.001,0.799,0.003,26.033 +/- 0.258,36.498 +/- 0.236,0.650 +/- 0.002,0.807 +/- 0.001,0.799 +/- 0.003
combo_2_Gene_Expr+Pathway_Drug_PC+Drug_Embed,1630,inhibitor,47.295,2.512,60.635,4.064,0.084,0.050,0.276,0.086,0.253,0.100,47.295 +/- 2.512,60.635 +/- 4.064,0.084 +/- 0.050,0.276 +/- 0.086,0.253 +/- 0.100
combo_2_Gene_Expr+Pathway_Drug_PC+Drug_Embed,1630,dbgap_rnaseq_sample,31.486,0.762,43.030,1.703,0.514,0.034,0.717,0.024,0.710,0.026,31.486 +/- 0.762,43.030 +/- 1.703,0.514 +/- 0.034,0.717 +/- 0.024,0.710 +/- 0.026
combo_2_Gene_Expr+Pathway_Drug_PC+Drug_Embed,1630,random,26.032,0.246,36.393,0.219,0.652,0.003,0.807,0.002,0.800,0.003,26.032 +/- 0.246,36.393 +/- 0.219,0.652 +/- 0.003,0.807 +/- 0.002,0.800 +/- 0.003
combo_2_Mutation+Pathway_Drug_PC,964,inhibitor,45.032,3.668,57.645,4.374,0.127,0.030,0.354,0.043,0.329,0.050,45.032 +/- 3.668,57.645 +/- 4.374,0.127 +/- 0.030,0.354 +/- 0.043,0.329 +/- 0.050
combo_2_Mutation+Pathway_Drug_PC,964,dbgap_rnaseq_sample,32.767,1.213,44.291,2.288,0.485,0.037,0.696,0.027,0.690,0.022,32.767 +/- 1.213,44.291 +/- 2.288,0.485 +/- 0.037,0.696 +/- 0.027,0.690 +/- 0.022
combo_2_Mutation+Pathway_Drug_PC,964,random,26.500,0.274,36.903,0.332,0.641,0.003,0.801,0.002,0.793,0.003,26.500 +/- 0.274,36.903 +/- 0.332,0.641 +/- 0.003,0.801 +/- 0.002,0.793 +/- 0.003
combo_2_Mutation+Pathway_Drug_Embed,747,inhibitor,46.793,3.241,59.443,3.991,0.101,0.030,0.313,0.048,0.287,0.050,46.793 +/- 3.241,59.443 +/- 3.991,0.101 +/- 0.030,0.313 +/- 0.048,0.287 +/- 0.050
combo_2_Mutation+Pathway_Drug_Embed,747,dbgap_rnaseq_sample,32.431,0.714,43.958,1.220,0.492,0.024,0.701,0.017,0.696,0.017,32.431 +/- 0.714,43.958 +/- 1.220,0.492 +/- 0.024,0.701 +/- 0.017,0.696 +/- 0.017
combo_2_Mutation+Pathway_Drug_Embed,747,random,26.398,0.225,36.678,0.203,0.645,0.003,0.803,0.002,0.796,0.003,26.398 +/- 0.225,36.678 +/- 0.203,0.645 +/- 0.003,0.803 +/- 0.002,0.796 +/- 0.003
combo_2_Mutation+Pathway_Drug_PC+Drug_Embed,1220,inhibitor,46.303,4.411,58.474,5.420,0.116,0.024,0.338,0.036,0.313,0.043,46.303 +/- 4.411,58.474 +/- 5.420,0.116 +/- 0.024,0.338 +/- 0.036,0.313 +/- 0.043
combo_2_Mutation+Pathway_Drug_PC+Drug_Embed,1220,dbgap_rnaseq_sample,32.899,1.344,44.318,1.857,0.483,0.027,0.695,0.019,0.690,0.018,32.899 +/- 1.344,44.318 +/- 1.857,0.483 +/- 0.027,0.695 +/- 0.019,0.690 +/- 0.018
combo_2_Mutation+Pathway_Drug_PC+Drug_Embed,1220,random,26.565,0.243,36.759,0.281,0.643,0.002,0.802,0.001,0.794,0.003,26.565 +/- 0.243,36.759 +/- 0.281,0.643 +/- 0.002,0.802 +/- 0.001,0.794 +/- 0.003
combo_3_Clinical_CellType_Module+Gene_Expr+Mutation_Drug_PC,1670,inhibitor,45.116,3.535,57.734,4.343,0.133,0.021,0.364,0.029,0.342,0.031,45.116 +/- 3.535,57.734 +/- 4.343,0.133 +/- 0.021,0.364 +/- 0.029,0.342 +/- 0.031
combo_3_Clinical_CellType_Module+Gene_Expr+Mutation_Drug_PC,1670,dbgap_rnaseq_sample,31.606,1.831,42.927,3.126,0.516,0.032,0.718,0.022,0.709,0.013,31.606 +/- 1.831,42.927 +/- 3.126,0.516 +/- 0.032,0.718 +/- 0.022,0.709 +/- 0.013
combo_3_Clinical_CellType_Module+Gene_Expr+Mutation_Drug_PC,1670,random,26.544,0.303,36.729,0.337,0.645,0.003,0.803,0.002,0.794,0.003,26.544 +/- 0.303,36.729 +/- 0.337,0.645 +/- 0.003,0.803 +/- 0.002,0.794 +/- 0.003
combo_3_Clinical_CellType_Module+Gene_Expr+Mutation_Drug_Embed,1453,inhibitor,46.658,2.626,60.077,4.427,0.102,0.054,0.308,0.085,0.281,0.080,46.658 +/- 2.626,60.077 +/- 4.427,0.102 +/- 0.054,0.308 +/- 0.085,0.281 +/- 0.080
combo_3_Clinical_CellType_Module+Gene_Expr+Mutation_Drug_Embed,1453,dbgap_rnaseq_sample,31.096,2.222,42.535,3.898,0.526,0.046,0.725,0.031,0.717,0.022,31.096 +/- 2.222,42.535 +/- 3.898,0.526 +/- 0.046,0.725 +/- 0.031,0.717 +/- 0.022
combo_3_Clinical_CellType_Module+Gene_Expr+Mutation_Drug_Embed,1453,random,26.049,0.283,36.461,0.272,0.650,0.003,0.806,0.002,0.800,0.003,26.049 +/- 0.283,36.461 +/- 0.272,0.650 +/- 0.003,0.806 +/- 0.002,0.800 +/- 0.003
combo_3_Clinical_CellType_Module+Gene_Expr+Mutation_Drug_PC+Drug_Embed,1926,inhibitor,45.571,4.125,58.558,5.933,0.120,0.049,0.340,0.064,0.317,0.057,45.571 +/- 4.125,58.558 +/- 5.933,0.120 +/- 0.049,0.340 +/- 0.064,0.317 +/- 0.057
combo_3_Clinical_CellType_Module+Gene_Expr+Mutation_Drug_PC+Drug_Embed,1926,dbgap_rnaseq_sample,31.566,1.446,43.207,2.971,0.512,0.053,0.714,0.037,0.708,0.031,31.566 +/- 1.446,43.207 +/- 2.971,0.512 +/- 0.053,0.714 +/- 0.037,0.708 +/- 0.031
combo_3_Clinical_CellType_Module+Gene_Expr+Mutation_Drug_PC+Drug_Embed,1926,random,26.113,0.285,36.535,0.299,0.649,0.003,0.806,0.002,0.799,0.003,26.113 +/- 0.285,36.535 +/- 0.299,0.649 +/- 0.003,0.806 +/- 0.002,0.799 +/- 0.003
combo_3_Clinical_CellType_Module+Gene_Expr+Pathway_Drug_PC,1395,inhibitor,45.476,7.241,58.216,8.328,0.134,0.060,0.355,0.091,0.331,0.093,45.476 +/- 7.241,58.216 +/- 8.328,0.134 +/- 0.060,0.355 +/- 0.091,0.331 +/- 0.093
combo_3_Clinical_CellType_Module+Gene_Expr+Pathway_Drug_PC,1395,dbgap_rnaseq_sample,31.617,0.846,43.267,0.978,0.511,0.020,0.715,0.014,0.709,0.016,31.617 +/- 0.846,43.267 +/- 0.978,0.511 +/- 0.020,0.715 +/- 0.014,0.709 +/- 0.016
combo_3_Clinical_CellType_Module+Gene_Expr+Pathway_Drug_PC,1395,random,26.215,0.278,36.641,0.287,0.647,0.002,0.805,0.001,0.797,0.003,26.215 +/- 0.278,36.641 +/- 0.287,0.647 +/- 0.002,0.805 +/- 0.001,0.797 +/- 0.003
combo_3_Clinical_CellType_Module+Gene_Expr+Pathway_Drug_Embed,1178,inhibitor,46.879,2.487,60.377,2.405,0.091,0.032,0.296,0.060,0.275,0.069,46.879 +/- 2.487,60.377 +/- 2.405,0.091 +/- 0.032,0.296 +/- 0.060,0.275 +/- 0.069
combo_3_Clinical_CellType_Module+Gene_Expr+Pathway_Drug_Embed,1178,dbgap_rnaseq_sample,31.405,2.914,43.094,4.872,0.517,0.061,0.718,0.044,0.711,0.036,31.405 +/- 2.914,43.094 +/- 4.872,0.517 +/- 0.061,0.718 +/- 0.044,0.711 +/- 0.036
combo_3_Clinical_CellType_Module+Gene_Expr+Pathway_Drug_Embed,1178,random,26.124,0.287,36.532,0.282,0.650,0.002,0.806,0.001,0.798,0.003,26.124 +/- 0.287,36.532 +/- 0.282,0.650 +/- 0.002,0.806 +/- 0.001,0.798 +/- 0.003
combo_3_Clinical_CellType_Module+Gene_Expr+Pathway_Drug_PC+Drug_Embed,1651,inhibitor,46.402,5.817,59.565,7.689,0.121,0.061,0.334,0.097,0.306,0.075,46.402 +/- 5.817,59.565 +/- 7.689,0.121 +/- 0.061,0.334 +/- 0.097,0.306 +/- 0.075
combo_3_Clinical_CellType_Module+Gene_Expr+Pathway_Drug_PC+Drug_Embed,1651,dbgap_rnaseq_sample,31.302,1.063,42.904,1.855,0.519,0.011,0.721,0.008,0.713,0.009,31.302 +/- 1.063,42.904 +/- 1.855,0.519 +/- 0.011,0.721 +/- 0.008,0.713 +/- 0.009
combo_3_Clinical_CellType_Module+Gene_Expr+Pathway_Drug_PC+Drug_Embed,1651,random,26.067,0.264,36.485,0.257,0.651,0.003,0.807,0.002,0.799,0.003,26.067 +/- 0.264,36.485 +/- 0.257,0.651 +/- 0.003,0.807 +/- 0.002,0.799 +/- 0.003
combo_3_Clinical_CellType_Module+Mutation+Pathway_Drug_PC,985,inhibitor,45.242,4.352,57.032,5.649,0.159,0.039,0.396,0.047,0.360,0.043,45.242 +/- 4.352,57.032 +/- 5.649,0.159 +/- 0.039,0.396 +/- 0.047,0.360 +/- 0.043
combo_3_Clinical_CellType_Module+Mutation+Pathway_Drug_PC,985,dbgap_rnaseq_sample,32.161,1.183,43.657,1.423,0.497,0.012,0.705,0.008,0.700,0.009,32.161 +/- 1.183,43.657 +/- 1.423,0.497 +/- 0.012,0.705 +/- 0.008,0.700 +/- 0.009
combo_3_Clinical_CellType_Module+Mutation+Pathway_Drug_PC,985,random,26.377,0.273,36.550,0.309,0.648,0.001,0.805,0.001,0.797,0.003,26.377 +/- 0.273,36.550 +/- 0.309,0.648 +/- 0.001,0.805 +/- 0.001,0.797 +/- 0.003
combo_3_Clinical_CellType_Module+Mutation+Pathway_Drug_Embed,768,inhibitor,47.050,3.600,59.737,4.963,0.085,0.024,0.288,0.041,0.264,0.044,47.050 +/- 3.600,59.737 +/- 4.963,0.085 +/- 0.024,0.288 +/- 0.041,0.264 +/- 0.044
combo_3_Clinical_CellType_Module+Mutation+Pathway_Drug_Embed,768,dbgap_rnaseq_sample,32.068,2.150,43.566,3.297,0.504,0.057,0.709,0.040,0.704,0.040,32.068 +/- 2.150,43.566 +/- 3.297,0.504 +/- 0.057,0.709 +/- 0.040,0.704 +/- 0.040
combo_3_Clinical_CellType_Module+Mutation+Pathway_Drug_Embed,768,random,26.203,0.228,36.473,0.211,0.649,0.002,0.806,0.001,0.799,0.003,26.203 +/- 0.228,36.473 +/- 0.211,0.649 +/- 0.002,0.806 +/- 0.001,0.799 +/- 0.003
combo_3_Clinical_CellType_Module+Mutation+Pathway_Drug_PC+Drug_Embed,1241,inhibitor,45.810,3.701,58.503,5.104,0.120,0.046,0.340,0.068,0.318,0.060,45.810 +/- 3.701,58.503 +/- 5.104,0.120 +/- 0.046,0.340 +/- 0.068,0.318 +/- 0.060
combo_3_Clinical_CellType_Module+Mutation+Pathway_Drug_PC+Drug_Embed,1241,dbgap_rnaseq_sample,31.983,1.502,43.576,2.757,0.504,0.040,0.709,0.028,0.703,0.026,31.983 +/- 1.502,43.576 +/- 2.757,0.504 +/- 0.040,0.709 +/- 0.028,0.703 +/- 0.026
combo_3_Clinical_CellType_Module+Mutation+Pathway_Drug_PC+Drug_Embed,1241,random,26.221,0.222,36.599,0.251,0.647,0.003,0.804,0.002,0.797,0.003,26.221 +/- 0.222,36.599 +/- 0.251,0.647 +/- 0.003,0.804 +/- 0.002,0.797 +/- 0.003
combo_3_Gene_Expr+Mutation+Pathway_Drug_PC,1757,inhibitor,46.292,2.402,59.185,3.382,0.118,0.043,0.337,0.063,0.313,0.058,46.292 +/- 2.402,59.185 +/- 3.382,0.118 +/- 0.043,0.337 +/- 0.063,0.313 +/- 0.058
combo_3_Gene_Expr+Mutation+Pathway_Drug_PC,1757,dbgap_rnaseq_sample,31.770,1.742,43.296,3.110,0.512,0.047,0.715,0.033,0.708,0.025,31.770 +/- 1.742,43.296 +/- 3.110,0.512 +/- 0.047,0.715 +/- 0.033,0.708 +/- 0.025
combo_3_Gene_Expr+Mutation+Pathway_Drug_PC,1757,random,26.249,0.272,36.629,0.294,0.647,0.003,0.804,0.001,0.797,0.003,26.249 +/- 0.272,36.629 +/- 0.294,0.647 +/- 0.003,0.804 +/- 0.001,0.797 +/- 0.003
combo_3_Gene_Expr+Mutation+Pathway_Drug_Embed,1540,inhibitor,46.938,7.561,59.604,9.340,0.122,0.066,0.323,0.133,0.296,0.129,46.938 +/- 7.561,59.604 +/- 9.340,0.122 +/- 0.066,0.323 +/- 0.133,0.296 +/- 0.129
combo_3_Gene_Expr+Mutation+Pathway_Drug_Embed,1540,dbgap_rnaseq_sample,31.229,1.644,42.801,3.117,0.521,0.038,0.721,0.027,0.714,0.015,31.229 +/- 1.644,42.801 +/- 3.117,0.521 +/- 0.038,0.721 +/- 0.027,0.714 +/- 0.015
combo_3_Gene_Expr+Mutation+Pathway_Drug_Embed,1540,random,26.122,0.270,36.426,0.243,0.650,0.002,0.807,0.001,0.799,0.003,26.122 +/- 0.270,36.426 +/- 0.243,0.650 +/- 0.002,0.807 +/- 0.001,0.799 +/- 0.003
combo_3_Gene_Expr+Mutation+Pathway_Drug_PC+Drug_Embed,2013,inhibitor,46.198,5.347,59.052,7.316,0.107,0.047,0.319,0.077,0.296,0.066,46.198 +/- 5.347,59.052 +/- 7.316,0.107 +/- 0.047,0.319 +/- 0.077,0.296 +/- 0.066
combo_3_Gene_Expr+Mutation+Pathway_Drug_PC+Drug_Embed,2013,dbgap_rnaseq_sample,31.354,1.715,42.809,2.554,0.518,0.033,0.719,0.023,0.713,0.021,31.354 +/- 1.715,42.809 +/- 2.554,0.518 +/- 0.033,0.719 +/- 0.023,0.713 +/- 0.021
combo_3_Gene_Expr+Mutation+Pathway_Drug_PC+Drug_Embed,2013,random,26.200,0.269,36.511,0.272,0.649,0.003,0.806,0.002,0.798,0.003,26.200 +/- 0.269,36.511 +/- 0.272,0.649 +/- 0.003,0.806 +/- 0.002,0.798 +/- 0.003
